product_id,category_id,supplier_id,sku,product_name,brand,cost_price,selling_price,discount_percent,gst_percent,stock_quantity,reorder_level,rating,launch_date,warranty_months,color,unit,status,inventory_value,returnable
1,4,4,SKU100001,Tempore Culpa,Nike,16149,19566.22,5,18,692,79,1.3,2021-10-07,6,White,Box,Active,13539824.24,Yes
2,18,26,SKU100002,Harum Exercitationem,CELLO,42690,61928.78,30,18,225,67,3.4,2023-06-15,6,Blue,Kg,Inactive,13933975.5,No
3,5,28,SKU100003,Deserunt Corporis,Puma,6798,7793.04,5,18,367,54,3.4,2026-03-12,36,Yellow,Piece,Inactive,2860045.68,Yes
4,18,38,SKU100004,Commodi Rerum,Prestige,40635,62688.67,25,18,591,34,3.8,2025-02-21,12,Green,Piece,Active,37049003.97,Yes
5,13,36,SKU100005,Aliquid Aliquam,Canon,41760,63352.23,10,18,379,55,1.8,2022-05-09,6,Brown,Box,Active,24010495.17,Yes
6,15,49,SKU100006,Esse Eveniet,Nike,42043,60713.5,15,18,701,51,4.4,2025-11-08,12,Black,Pack,Inactive,42560163.5,No
7,3,28,SKU100007,Sed Alias,Xiaomi,47149,59282.27,40,18,405,92,2.8,2026-04-30,12,Yellow,Litre,Inactive,24009319.35,No
8,19,52,SKU100008,Eius Totam,Levis,14473,23137.45,10,18,521,73,1.4,2026-03-11,6,Blue,Box,Inactive,12054611.45,Yes
9,13,49,SKU100009,Nihil Est,Bajaj,30774,41992.88,50,18,881,11,3.7,2025-05-17,24,Silver,Piece,Inactive,36995727.28,No
10,6,59,SKU100010,Repudiandae Hic,Samsung,47423,72933.09,20,18,995,74,4.0,2021-08-11,6,Green,Litre,Active,72568424.55,Yes
11,12,98,SKU100011,Dolore Voluptatem,Dell,35448,55892.63,50,18,940,10,3.4,2025-02-24,6,Silver,Pack,Active,52539072.2,Yes
12,8,73,SKU100012,Laboriosam Hic,Sony,5713,8374.99,5,18,778,78,4.1,2022-11-17,36,Yellow,Box,Inactive,6515742.22,No
13,7,70,SKU100013,Esse Labore,Cello,13282,19344.89,30,18,687,93,2.5,2022-06-04,36,White,Box,Active,13289939.43,Yes
14,11,3,SKU100014,Consectetur Modi,Xiaomi,36401,44229.3,15,18,7,19,3.8,2022-05-18,6,Black,Pack,Active,309605.1,Yes
15,9,86,SKU100015,Magnam Laborum,Asus,14140,19366.38,40,18,248,70,4.2,2023-10-21,6,Grey,Pack,Inactive,4802862.24,No
16,15,94,SKU100016,Aperiam Officia,Apple,44229,63102.74,5,18,62,61,3.9,2026-02-12,6,Red,Box,Active,3912369.88,No
17,5,55,SKU100017,Cupiditate Minus,Dell,18354,24434.94,5,18,453,80,1.4,2022-03-23,6,White,Box,Active,11069027.82,No
18,16,62,SKU100018,Quod Impedit,Lenovo,26382,40924.32,10,18,388,10,4.9,2024-08-18,36,Green,Kg,Inactive,15878636.16,Yes
19,7,38,SKU100019,Repellat Earum,Lenovo,3932,5463.87,50,18,62,50,1.2,2022-02-23,12,Black,Litre,Active,338759.94,Yes
20,3,77,SKU100020,Aperiam Ut,Sony,44350,67895.84,30,18,122,82,2.0,2023-06-30,6,Grey,Litre,Inactive,8283292.48,No
21,7,86,SKU100021,Illum Beatae,Cello,20690,25228.21,30,18,134,95,3.6,2023-07-15,6,Black,Kg,Active,3380580.14,Yes
22,18,28,SKU100022,Consequuntur Modi,Realme,17480,20385.67,25,18,902,18,4.5,2023-12-02,12,Pink,Litre,Inactive,18387874.34,Yes
23,18,39,SKU100023,Odit Tempora,Milton,6888,10810.47,10,18,270,24,4.6,2024-08-28,12,Green,Pack,Active,2918826.9,No
24,7,88,SKU100024,Dolorem Maxime,Prestige,17400,23537.06,20,18,927,16,1.4,2024-07-29,24,Black,Piece,Inactive,21818854.62,Yes
25,9,21,SKU100025,Eos Velit,Canon,36254,52671.03,50,18,9,24,1.3,2023-10-29,12,Yellow,Piece,Inactive,474039.27,Yes
26,14,17,SKU100026,Voluptates Vero,Apple,20302,26033.78,0,18,920,55,1.8,2022-02-28,6,Silver,Litre,Inactive,23951077.6,Yes
27,8,21,SKU100027,Sequi Tempora,Dell,27120,30168.1,25,18,801,62,4.2,2023-01-04,12,Green,Box,Active,24164648.1,No
28,2,61,SKU100028,Quibusdam Exercitationem,Boat,13179,19877.8,40,18,358,49,4.3,2022-12-11,12,Black,Box,Inactive,7116252.4,No
29,9,9,SKU100029,Officiis Modi,Nike,23112,32836.16,30,18,695,78,2.3,2023-11-07,24,Blue,Litre,Inactive,22821131.2,Yes
30,4,77,SKU100030,Tempore Voluptas,Philips,22754,33318.06,25,18,446,87,,2026-04-17,12,Green,Piece,Inactive,14859854.76,Yes
31,17,69,SKU100031,Est Vitae,Milton,47248,74185.58,15,18,372,65,1.3,2024-04-24,24,Brown,Pack,Active,27597035.76,No
32,17,40,SKU100032,Aspernatur Eum,Milton,26864,33931.69,20,18,567,26,1.8,2021-10-29,36,Blue,Litre,Inactive,19239268.23,No
33,18,1,SKU100033,Ipsam Natus,Adidas,18903,22779.84,25,18,476,66,2.8,2023-10-31,36,Blue,Piece,Inactive,10843203.84,No
34,3,97,SKU100034,At Error,Boat,44192,55470.23,15,18,150,13,1.2,2026-05-19,6,Pink,Kg,Active,8320534.5,No
35,16,52,SKU100035,Ipsam Error,Boat,9771,13953.27,0,18,914,23,4.1,2025-10-20,36,Black,Litre,Active,12753288.78,Yes
36,15,18,SKU100036,Nam Temporibus,Canon,43850,59880.07,50,18,609,50,4.8,2025-06-16,36,Yellow,Kg,Active,36466962.63,No
37,15,34,SKU100037,Dicta Fuga,Boat,41889,51886.05,120,18,496,90,2.0,2022-09-28,24,Red,Pack,Inactive,25735480.8,No
38,18,11,SKU100038,Expedita Ratione,HP,9984,12136.86,10,18,723,37,1.3,2026-02-20,36,Grey,Piece,Active,8774949.78,No
39,13,99,SKU100039,Fuga Reprehenderit,Xiaomi,45681,50695.22,30,18,488,10,4.8,2025-03-14,36,Grey,Litre,Active,24739267.36,No
40,8,35,SKU100040,Reprehenderit Natus,Philips,31927,35583.04,25,18,684,96,4.2,2024-08-19,36,Blue,Litre,Active,24338799.36,No
41,19,73,SKU100041,Est Deserunt,Milton,1876,2142.34,30,18,138,69,1.7,2025-11-21,24,Red,Kg,Inactive,295642.92,No
42,13,36,SKU100042,Possimus Consectetur,Philips,16632,25238.32,40,18,19,79,1.2,2021-12-15,12,White,Piece,Active,479528.08,Yes
43,7,3,SKU100043,Culpa Dolor,Bajaj,10086,12297.58,40,18,685,24,3.3,2022-12-01,24,Silver,Box,Active,8423842.3,Yes
44,10,14,SKU100044,Vero Nisi,Xiaomi,1782,2787.84,30,18,406,35,1.3,2022-02-04,12,White,Pack,Active,1131863.04,Yes
45,12,69,SKU100045,Molestiae Modi,Philips,43453,55849.51,50,18,663,53,1.1,2025-07-15,36,White,Kg,Inactive,37028225.13,No
46,5,56,SKU100046,Quia Explicabo,Dell,48190,65580.49,20,18,630,78,4.1,2026-04-05,24,Silver,Box,Active,41315708.7,No
47,15,32,SKU100047,Accusamus Vero,Canon,37445,52616.44,30,18,344,13,3.0,2022-07-12,36,Red,Pack,Inactive,18100055.36,No
48,9,77,SKU100048,Vero Quidem,Cello,18205,25084.59,50,18,970,34,1.3,2023-10-28,36,Yellow,Box,Inactive,24332052.3,No
49,15,3,SKU100049,Temporibus Laboriosam,Sony,19383,23468.9,15,18,313,94,3.3,2022-07-03,24,Grey,Litre,Inactive,7345765.7,No
50,15,35,SKU100050,Impedit Nostrum,Adidas,16575,20143.08,15,18,323,25,4.0,2022-11-25,12,Red,Box,Inactive,6506214.84,No
51,19,98,SKU100051,Odit A,Realme,39211,48680.43,5,18,852,34,2.2,2023-10-18,24,Black,Litre,Active,41475726.36,No
52,2,7,SKU100052,Provident Dolorum,OnePlus,19245,27880.4,10,18,653,72,1.4,2025-11-15,24,Pink,Kg,Inactive,18205901.2,No
53,6,7,SKU100053,Corrupti Sunt,Nike,31408,36340.42,5,18,410,72,1.3,2024-02-04,6,Blue,Box,Inactive,14899572.2,Yes
54,8,16,SKU100054,Tempore Quae,OnePlus,27374,38410.07,15,18,794,76,2.5,2023-03-31,24,Brown,Kg,Inactive,30497595.58,Yes
55,20,95,SKU100055,Dolor Minima,LG,13717,19378.79,20,18,676,20,1.6,2022-12-05,6,Blue,Piece,Inactive,13100062.04,No
56,20,61,SKU100056,Quis Quia,Adidas,2239,2722.04,20,18,719,68,1.3,2021-07-23,24,Brown,Box,Inactive,1957146.76,Yes
57,18,29,SKU100057,Sapiente Iste,Prestige,9864,15330.69,10,18,73,17,,2025-09-17,24,Pink,Piece,Inactive,1119140.37,No
58,13,35,SKU100058,Ad Culpa,Realme,35488,47798.7,5,18,612,15,4.6,2024-08-22,24,Black,Piece,Active,29252804.4,Yes
59,9,74,SKU100059,Inventore Excepturi,Apple,49662,58978.36,50,18,667,66,4.7,2022-01-17,36,Pink,Piece,Inactive,39338566.12,No
60,14,43,SKU100060,Excepturi Reiciendis,Puma,44017,50720.79,10,18,337,62,3.8,2022-03-23,36,Yellow,Piece,Inactive,17092906.23,Yes
61,11,33,SKU100061,Blanditiis Placeat,Puma,7697,12200.46,30,18,885,75,4.3,2022-02-22,36,Grey,Piece,Active,10797407.1,No
62,20,97,SKU100062,Quibusdam Debitis,Asus,41086,54275.45,0,18,208,44,3.2,2022-08-24,36,Pink,Piece,Active,11289293.6,Yes
63,6,40,SKU100063,Unde Pariatur,OnePlus,996,1370.62,5,18,230,24,2.8,2026-03-26,12,Pink,Pack,Inactive,315242.6,No
64,16,61,SKU100064,Doloremque Fuga,Boat,30035,41317.12,30,18,195,86,3.0,2026-01-16,6,Green,Kg,Inactive,8056838.4,No
65,1,37,SKU100065,Sequi Nisi,Adidas,38565,53603.87,40,18,886,29,2.8,2023-05-11,24,Yellow,Litre,Inactive,47493028.82,No
66,11,25,SKU100066,Quis Voluptas,Cello,15750,21827.91,15,18,876,62,,2023-04-07,36,Grey,Box,Inactive,19121249.16,Yes
67,5,65,SKU100067,Ipsa Natus,Xiaomi,21857,33547.22,40,18,102,77,4.6,2024-09-24,12,Grey,Box,Active,3421816.44,No
68,9,44,SKU100068,Nulla Quas,Bajaj,45497,59088.85,5,18,872,52,4.4,2025-05-24,36,Silver,Kg,Active,51525477.2,Yes
69,8,81,SKU100069,Cumque Expedita,Milton,18933,30268.43,5,18,444,22,4.0,2023-06-20,6,Pink,Box,Inactive,13439182.92,Yes
70,2,42,SKU100070,At Labore,Apple,19326,24722.43,30,18,149,41,3.1,2021-09-25,12,Blue,Box,Active,3683642.07,No
71,20,88,SKU100071,Repudiandae Quod,Boat,32715,50918.1,10,18,237,69,3.6,2023-07-06,6,,Pack,Active,12067589.7,Yes
72,15,45,SKU100072,Repudiandae Est,Xiaomi,19705,27970.64,30,18,706,42,2.8,2021-08-13,36,Pink,Piece,Active,19747271.84,No
73,19,46,SKU100073,Aut Voluptatum,Xiaomi,19490,31112.78,20,18,22,94,2.6,2022-01-20,6,Brown,Kg,Inactive,684481.16,Yes
74,20,46,SKU100074,Eum Atque,Boat,41821,49978.85,20,18,694,94,3.7,2021-10-27,6,Black,Pack,Inactive,34685321.9,Yes
75,19,47,SKU100075,Iure Aut,HP,6006,9338.21,25,18,765,63,1.7,2025-12-05,24,Yellow,Litre,Inactive,7143730.65,Yes
76,9,62,SKU100076,Ex Hic,Adidas,49026,75264.64,5,18,479,19,1.6,2025-09-07,36,Yellow,Pack,Active,36051762.56,No
77,1,34,SKU100077,Error Quis,OnePlus,8199,10883.3,20,18,598,58,4.3,2022-09-06,6,Red,Kg,Active,6508213.4,No
78,20,29,SKU100078,Rem Repellat,Prestige,4242,6013.89,40,18,931,99,2.2,2025-07-29,12,Black,Piece,Inactive,5598931.59,No
79,4,13,SKU100079,Exercitationem Pariatur,Boat,35328,41257.17,40,18,379,95,4.8,2025-01-06,36,Brown,Box,Inactive,15636467.43,Yes
80,16,79,SKU100080,Eaque Consequatur,Philips,18433,20577.83,25,18,222,66,2.8,2022-05-19,24,White,Pack,Inactive,4568278.26,Yes
81,13,36,SKU100081,Unde Non,Lenovo,8105,12761.37,40,18,93,94,1.8,2024-07-26,6,Black,Pack,Active,1186807.41,Yes
82,19,27,SKU100082,Nisi Neque,Sony,36420,43834.34,15,18,832,39,2.3,2025-07-11,6,Green,Box,Active,36470170.88,No
83,6,15,SKU100083,Asperiores Veniam,Milton,1789,2085.8,25,18,808,40,3.4,2022-05-23,24,Black,Box,Inactive,1685326.4,Yes
84,3,61,SKU100084,Assumenda Necessitatibus,Canon,23826,32322.8,5,18,462,74,1.9,2024-06-10,24,Pink,Piece,Active,14933133.6,No
85,13,55,SKU100085,Corrupti Expedita,Milton,7175,9651.34,40,18,75,20,2.3,2023-03-09,12,Green,Litre,Inactive,723850.5,No
86,20,68,SKU100086,Eaque Quidem,Adidas,29834,40358.71,30,18,101,99,1.5,2025-05-15,12,Grey,Kg,Active,4076229.71,No
87,11,59,SKU100087,Deserunt Nisi,Titan,27362,40080.03,25,18,437,50,3.7,2023-02-12,12,Pink,Piece,Active,17514973.11,Yes
88,3,56,SKU100088,Hic Officiis,LG,48897,71849.15,10,18,569,17,3.3,2023-09-06,24,White,Kg,Inactive,40882166.35,No
89,2,37,SKU100089,Autem Numquam,Bajaj,20576,26251.34,50,18,217,29,3.6,2026-03-27,6,Silver,Litre,Inactive,5696540.78,Yes
90,9,74,SKU100090,Consequuntur Architecto,Boat,28222,42970.18,50,18,26,87,4.7,2026-02-25,24,Black,Box,Inactive,1117224.68,No
91,11,45,SKU100091,Accusantium Consectetur,Samsung,11988,18400.76,30,18,71,28,4.0,2023-07-26,6,Yellow,Box,Inactive,1306453.96,No
92,15,44,SKU100092,Doloremque Nemo,Dell,24351,30580.44,25,18,795,82,3.4,2025-09-07,12,Blue,Litre,Active,24311449.8,Yes
93,9,57,SKU100093,Perspiciatis Error,Milton,27888,37448.87,40,18,424,44,1.9,2024-12-18,24,Grey,Piece,Inactive,15878320.88,No
94,17,86,SKU100094,Assumenda Doloremque,Adidas,3076,3722.76,0,18,7,36,2.2,2024-10-11,12,Green,Pack,Inactive,26059.32,Yes
95,1,64,SKU100095,A Molestias,Philips,11614,13525.58,50,18,720,39,3.0,2023-10-23,24,White,Kg,Active,9738417.6,No
96,1,59,SKU100096,Odit Illo,Sony,20616,28612.53,30,18,726,91,2.7,2025-02-25,6,Silver,Box,Inactive,20772696.78,No
97,3,56,SKU100097,Voluptatem Quos,LG,16045,21144.71,30,18,536,20,2.6,2025-09-11,24,Red,Pack,Active,11333564.56,Yes
98,17,82,SKU100098,Dolor Eaque,LG,34873,47252.08,25,18,359,92,4.3,2024-01-29,12,Green,Box,Active,16963496.72,Yes
99,3,23,SKU100099,Esse Aspernatur,Prestige,32482,43265.26,40,18,697,82,3.6,2026-06-25,24,Silver,Box,Inactive,30155886.22,Yes
100,16,57,SKU100100,Quis Assumenda,Prestige,19945,29880.9,0,18,360,74,,2024-03-22,6,Black,Pack,Inactive,10757124.0,Yes
101,3,79,SKU100101,Aspernatur Architecto,Bajaj,33331,43071.69,50,18,977,15,2.8,2026-07-10,12,Silver,Litre,Inactive,42081041.13,Yes
102,2,58,SKU100102,Perferendis Provident,LG,22607,35972.1,5,18,516,92,1.7,2026-01-27,36,Pink,Litre,Active,18561603.6,No
103,12,37,SKU100103,Dolore Aspernatur,Titan,26889,39990.19,0,18,808,90,3.6,2025-11-15,6,Yellow,Kg,Inactive,32312073.52,No
104,20,20,SKU100104,Beatae Ea,Puma,5441,7570.44,10,18,938,54,2.2,2022-02-19,36,Blue,Litre,Active,7101072.72,No
105,18,49,SKU100105,Saepe Atque,Prestige,21627,32583.07,50,18,95,92,3.7,2023-07-22,6,Silver,Pack,Active,3095391.65,Yes
106,11,99,SKU100106,Necessitatibus Cumque,Asus,12683,15387.92,10,18,158,19,2.2,2026-05-26,6,Silver,Litre,Active,2431291.36,No
107,5,21,SKU100107,Expedita Repellendus,Dell,45506,67601.39,10,18,738,66,1.2,2021-11-22,12,Pink,Litre,Inactive,49889825.82,No
108,8,69,SKU100108,Sit Beatae,Boat,20381,32259.01,40,18,925,34,2.5,2025-02-13,36,Pink,Pack,Inactive,29839584.25,No
109,6,26,SKU100109,Unde Reprehenderit,Bajaj,9170,14089.71,0,18,656,71,4.5,2026-05-13,6,Yellow,Piece,Inactive,9242849.76,Yes
110,6,35,SKU100110,Quasi Ipsam,Canon,33743,39603.29,30,18,93,38,4.3,2023-10-10,6,,Piece,Inactive,3683105.97,No
111,8,50,SKU100111,Enim Velit,Sony,24670,29906.69,25,18,953,22,4.4,2024-03-24,12,Blue,Piece,Inactive,28501075.57,No
112,5,98,SKU100112,Excepturi Fuga,Cello,30843,40845.41,0,18,927,20,1.1,2024-12-02,12,Yellow,Litre,Inactive,37863695.07,Yes
113,10,31,SKU100113,Delectus Velit,Adidas,8085,9086.53,30,18,654,89,2.8,2024-02-09,36,Brown,Litre,Active,5942590.62,Yes
114,5,38,SKU100114,Officia Ipsam,Philips,202,284.3,15,18,584,63,1.7,2022-03-04,24,White,Litre,Active,166031.2,No
115,16,6,SKU100115,Accusamus Officia,Prestige,25454,40485.09,20,18,765,12,2.4,2026-05-06,12,White,Litre,Inactive,30971093.85,Yes
116,2,46,SKU100116,Consequuntur Aut,OnePlus,22287,33581.04,10,18,850,97,2.9,2026-02-16,12,Blue,Piece,Inactive,28543884.0,Yes
117,10,26,SKU100117,Error Quae,Apple,13172,20323.02,25,18,955,49,3.1,2023-10-23,36,Green,Piece,Active,19408484.1,No
118,12,100,SKU100118,Delectus Laudantium,Apple,43074,54530.06,5,18,818,57,2.7,2022-02-20,36,Grey,Pack,Active,44605589.08,No
119,16,48,SKU100119,Exercitationem Maxime,Realme,17579,26378.59,30,18,80,65,3.4,2023-12-24,24,Silver,Piece,Active,2110287.2,No
120,10,40,SKU100120, Dolore Nulla ,Canon,39593,57759.51,10,18,706,66,2.4,2026-03-05,24,Brown,Kg,Inactive,40778214.06,Yes
121,3,86,SKU100121,Voluptatibus Incidunt,Prestige,26721,34247.12,10,18,975,13,1.6,2026-01-20,36,Black,Box,Active,33390942.0,Yes
122,12,47,SKU100122,Accusamus Vel,Titan,37274,41604.97,10,18,695,67,4.8,2026-04-10,6,Brown,Box,Inactive,28915454.15,No
123,11,84,SKU100123,In Ut,Nike,16458,26007.92,0,18,753,33,3.0,2022-06-08,6,Green,Pack,Inactive,19583963.76,Yes
124,20,37,SKU100124, Deleniti Fuga ,Cello,32291,38752.08,10,18,873,19,2.8,2022-07-15,36,White,Pack,Inactive,33830565.84,Yes
125,18,70,SKU100125,Corrupti Quod,Adidas,19757,30142.88,10,18,812,56,3.0,2022-11-16,12,Blue,Box,Inactive,24476018.56,Yes
126,12,71,SKU100126,Fugit Id,Xiaomi,24276,32376.97,50,18,132,88,4.5,2023-05-07,36,Pink,Litre,Inactive,4273760.04,No
127,19,10,SKU100127,Laboriosam Enim,HP,20876,29668.33,40,18,477,97,3.1,2023-10-20,12,Blue,Kg,Active,14151793.41,Yes
128,17,20,SKU100128,Quae Porro,Adidas,10890,12860.91,15,18,354,76,4.6,2023-09-10,24,Red,Litre,Inactive,4552762.14,Yes
129,10,79,SKU100129,Asperiores Consectetur,OnePlus,6222,8407.71,10,18,606,84,,2025-02-27,24,Brown,Piece,Active,5095072.26,Yes
130,2,83,SKU100130,Harum Aperiam,Xiaomi,17444,24867.56,30,18,632,91,1.1,2021-08-02,24,Green,Kg,Active,15716297.92,No
131,10,59,SKU100131,Iusto Delectus,Sony,45228,51105.67,40,18,425,71,2.9,2023-10-13,12,Silver,Pack,Inactive,21719909.75,No
132,5,98,SKU100132,Dolorem Numquam,Levis,33849,46739.57,25,18,247,69,1.5,2026-04-01,12,White,Piece,Inactive,11544673.79,No
133,20,54,SKU100133,Voluptatibus Nobis,Boat,10566,15920.2,25,18,194,30,3.0,2026-04-29,36,Green,Kg,Active,3088518.8,Yes
134,13,65,SKU100134,Accusamus Culpa,Canon,15876,19171.42,25,18,49,16,2.1,2022-03-12,36,Green,Litre,Active,939399.58,Yes
135,14,18,SKU100135, Voluptas Distinctio ,Nike,47777,61292.58,30,18,374,15,2.6,2026-03-13,12,Silver,Litre,Inactive,22923424.92,Yes
136,13,65,SKU100136,Amet Maxime,Canon,36135,44802.35,5,18,131,22,2.6,2026-07-05,24,Yellow,Pack,Active,5869107.85,Yes
137,20,66,SKU100137,Quod Dignissimos,Titan,32873,36821.95,0,18,140,52,4.2,2025-03-18,12,Brown,Litre,Active,5155073.0,No
138,20,41,SKU100138,Debitis Animi,Dell,25852,41241.9,20,18,607,53,3.0,2024-03-05,36,Brown,Pack,Inactive,25033833.3,Yes
139,12,43,SKU100139,Maiores Animi,Milton,7283,11579.6,20,18,815,98,3.5,2024-08-06,24,Brown,Litre,Active,9437374.0,Yes
140,19,62,SKU100140,Eos Vero,Dell,34456,48738.45,30,18,151,97,2.0,2023-09-05,6,Red,Piece,Inactive,7359505.95,No
141,14,20,SKU100141,Vel Corporis,Philips,45352,54510.65,50,18,793,88,4.7,2024-07-24,6,Blue,Litre,Active,43226945.45,No
142,16,68,SKU100142,Ratione Nemo,Titan,20662,32611.72,40,18,934,78,2.4,2022-11-14,24,Brown,Kg,Active,30459346.48,Yes
143,9,72,SKU100143,Ex Dolorem,Adidas,14836,23303.54,20,18,789,46,3.8,2023-01-23,36,Silver,Kg,Inactive,18386493.06,No
144,10,16,SKU100144,Neque Alias,Xiaomi,44443,60957.82,30,18,838,54,4.8,2023-01-30,24,Black,Pack,Active,51082653.16,No
145,15,84,SKU100145,Iusto Neque,Nike,49077,65740.59,15,18,847,78,2.1,2023-09-01,24,Blue,Piece,Active,55682279.73,Yes
146,2,86,SKU100146,Fugiat Dolore,Realme,14889,21127.08,0,18,102,62,2.3,2022-06-22,12,Black,Litre,Active,2154962.16,No
147,16,62,SKU100147,Modi Amet,Prestige,13171,19466.15,20,18,328,46,3.6,2025-07-23,6,Brown,Box,Active,6384897.2,Yes
148,14,23,SKU100148,Est Eligendi,Apple,26117,39018.28,10,18,959,47,4.5,2025-06-21,6,Silver,Pack,Inactive,37418530.52,No
149,5,65,SKU100149,Laudantium Inventore,Canon,17980,21511.37,5,18,338,30,3.9,2023-06-29,12,Black,Pack,Inactive,7270843.06,Yes
150,6,79,SKU100150,Et Alias,Prestige,26674,40370.96,50,18,335,21,2.6,2023-03-14,12,Pink,Pack,Active,13524271.6,Yes
151,9,50,SKU100151,Natus Iure,Boat,29377,43386.25,25,18,309,84,3.9,2023-12-04,24,Red,Piece,Active,13406351.25,No
152,10,21,SKU100152,Atque Hic,TITAN,45062,60890.49,20,18,706,25,3.6,2024-07-16,24,Brown,Box,Active,42988685.94,Yes
153,16,20,SKU100153,Temporibus Quaerat,Canon,49103,78290.76,25,18,425,99,3.2,2024-12-14,12,Red,Litre,Active,33273573.0,No
154,17,91,SKU100154,Veritatis Quidem,Levis,5218,8132.89,5,18,63,80,4.6,2024-05-15,12,Blue,Pack,Inactive,512372.07,Yes
155,7,92,SKU100155,Aliquam Cum,Xiaomi,32135,36809.7,50,18,456,17,2.8,2023-10-11,36,Brown,Piece,Inactive,16785223.2,No
156,1,51,SKU100156,Dolorum Repellendus,Nike,297,437.45,5,18,46,64,2.4,2023-10-24,6,White,Kg,Active,20122.7,No
157,14,24,SKU100157,Amet Corrupti,HP,42142,66970.66,30,18,383,58,2.8,2025-04-02,36,Grey,Piece,Active,25649762.78,No
158,4,23,SKU100158,Laborum Ipsam,OnePlus,25859,35282.57,15,18,854,10,4.0,2025-04-07,36,Yellow,Kg,Inactive,30131314.78,Yes
159,8,59,SKU100159,Sequi Quaerat,Levis,10266,12707.51,5,18,32,94,2.7,2022-07-16,6,Red,Box,Active,406640.32,Yes
160,20,5,SKU100160,Molestiae Repellat,Canon,39276,56400.8,0,18,250,15,2.6,2023-03-04,12,Black,Box,Inactive,14100200.0,Yes
161,19,41,SKU100161,Facere Aperiam,Xiaomi,39285,58388.08,25,18,242,48,4.5,2025-04-06,12,Grey,Pack,Inactive,14129915.36,Yes
162,18,76,SKU100162,A Quasi,Dell,41125,59194.3,50,18,507,16,4.9,2026-02-18,36,Yellow,Pack,Inactive,30011510.1,No
163,5,39,SKU100163,Vitae Velit,Titan,12150,17948.08,40,18,246,38,2.2,2023-03-26,36,Black,Litre,Inactive,4415227.68,No
164,18,68,SKU100164,Maiores Non,HP,25555,31213.62,15,18,338,92,1.3,2022-02-24,24,White,Litre,Active,10550203.56,Yes
165,9,49,SKU100165,Vel Iure,Milton,39747,55703.87,5,18,192,85,3.9,2024-03-23,36,Red,Pack,Inactive,10695143.04,Yes
166,7,25,SKU100166,Ut Cupiditate,LG,49047,78464.7,40,18,936,41,3.8,2024-02-10,36,Red,Litre,Inactive,73442959.2,No
167,13,60,SKU100167,Quae Ipsa,OnePlus,42614,54530.14,20,18,368,75,4.5,2025-01-10,36,Silver,Box,Inactive,20067091.52,No
168,14,6,SKU100168,Itaque Necessitatibus,Xiaomi,14601,21472.61,0,18,267,80,4.7,2024-01-26,36,Green,Box,Active,5733186.87,No
169,8,49,SKU100169,Quod Debitis,Xiaomi,16204,21869.74,25,18,263,72,4.9,2023-03-10,36,Pink,Box,Inactive,5751741.62,Yes
170,5,93,SKU100170,Nihil Vel,OnePlus,32102,38266.35,50,18,657,17,3.1,2024-10-11,6,Black,Piece,Inactive,25140991.95,Yes
171,8,9,SKU100171,Veritatis Doloribus,Cello,9997,11042.39,50,18,466,57,1.2,2026-05-25,36,Pink,Piece,Active,5145753.74,No
172,1,3,SKU100172,Incidunt Necessitatibus,Realme,47429,58687.24,20,18,17,74,4.3,2026-03-20,12,White,Piece,Active,997683.08,Yes
173,7,80,SKU100173,A Incidunt,Realme,16642,25089.6,20,18,814,60,1.3,2023-12-30,36,Brown,Box,Active,20422934.4,No
174,3,84,SKU100174,Eos Non,Prestige,49880,55658.21,30,18,388,58,3.2,2026-06-27,6,Blue,Piece,Inactive,21595385.48,No
175,11,73,SKU100175,Sequi Ullam,LG,34713,54137.57,15,18,216,98,4.6,2024-04-18,6,White,Pack,Active,11693715.12,Yes
176,11,3,SKU100176,Omnis Numquam,Lenovo,38571,45208.91,30,18,951,19,2.2,2025-04-25,36,Yellow,Pack,Inactive,42993673.41,Yes
177,3,65,SKU100177,Veniam Error,Levis,3619,4157.66,15,18,858,19,2.4,2025-11-26,36,Silver,Piece,Inactive,3567272.28,No
178,16,30,SKU100178,Pariatur Dolores,Levis,36343,57079.28,30,18,190,97,3.3,2022-04-11,24,Red,Piece,Active,10845063.2,No
179,5,49,SKU100179,Id Quam,Cello,41643,49019.58,30,18,324,56,1.4,2024-05-28,24,Pink,Pack,Inactive,15882343.92,Yes
180,5,12,SKU100180,Consectetur Ex,Dell,28344,37539.41,50,18,524,62,1.4,2024-03-12,6,Brown,Litre,Inactive,19670650.84,No
181,1,38,SKU100181,Et Eius,Philips,25514,38005.26,50,18,926,41,3.3,2022-10-22,36,Blue,Box,Inactive,35192870.76,No
182,9,64,SKU100182,Alias Aperiam,HP,4246,5025.58,20,18,431,48,2.9,2023-08-21,24,Red,Kg,Active,2166024.98,No
183,4,18,SKU100183,Pariatur Similique,Adidas,543,854.91,25,18,861,89,2.5,2022-03-05,36,Silver,Kg,Active,736077.51,No
184,11,78,SKU100184,Odit Nesciunt,Cello,13263,17765.85,10,18,987,60,4.9,2026-06-14,36,Brown,Box,Inactive,17534893.95,No
185,9,51,SKU100185, Earum Voluptatem ,Levis,7563,11843.91,15,18,606,79,1.7,2024-10-26,6,Pink,Box,Inactive,7177409.46,No
186,3,53,SKU100186,Possimus Natus,Milton,32822,38388.27,20,18,247,42,3.6,2023-08-19,36,White,Kg,Inactive,9481902.69,No
187,18,65,SKU100187,Dignissimos Ullam,Cello,27513,37742.96,25,18,718,78,3.4,2021-08-08,6,Red,Pack,Active,27099445.28,Yes
188,19,83,SKU100188,Corrupti Nisi,Milton,42484,55221.08,25,18,988,65,1.4,2023-06-01,12,Yellow,Litre,Active,54558427.04,No
189,12,51,SKU100189,Dolorum Voluptatem,Canon,44635,62234.36,50,18,154,54,5.0,2025-12-17,24,Grey,Piece,Active,9584091.44,Yes
190,12,40,SKU100190,Officiis Architecto,Puma,29940,44674.52,50,18,494,54,2.9,2026-04-18,36,Silver,Piece,Inactive,22069212.88,Yes
191,4,3,SKU100191,Expedita Cupiditate,Puma,42565,49149.01,10,18,952,41,3.1,2025-06-09,24,Yellow,Kg,Inactive,46789857.52,Yes
192,13,81,SKU100192,Deleniti Officiis,Dell,12315,17490.25,30,18,405,13,3.9,2026-01-27,36,Brown,Kg,Inactive,7083551.25,Yes
193,7,27,SKU100193,Ratione Saepe,Nike,49404,71728.67,5,18,591,23,4.2,2024-04-02,24,Silver,Box,Inactive,42391643.97,Yes
194,9,86,SKU100194,Numquam Similique,Asus,34684,54903.32,25,18,611,59,3.4,2025-11-06,24,Silver,Kg,Active,33545928.52,No
195,20,76,SKU100195,Nobis Quo,Sony,44147,51518.4,5,18,244,49,1.5,2025-05-07,12,Yellow,Kg,Inactive,12570489.6,Yes
196,19,50,SKU100196,Dolore Pariatur,Philips,12273,16486.75,50,18,710,92,4.7,2025-05-20,12,Pink,Pack,Active,11705592.5,Yes
197,11,58,SKU100197,Facilis Expedita,Bajaj,3613,5537.87,0,18,496,27,1.8,2023-11-30,36,Grey,Kg,Inactive,2746783.52,No
198,16,22,SKU100198,Quasi Placeat,Sony,37153,41441.58,15,18,299,14,2.1,2023-08-04,12,Pink,Litre,Inactive,12391032.42,Yes
199,19,15,SKU100199,Harum Nulla,NIKE,35693,53955.02,25,18,555,15,4.0,2022-03-19,12,Grey,Piece,Active,29945036.1,No
200,2,58,SKU100200,Illo Ex,Nike,22944,35129.55,5,18,449,25,4.1,2023-11-13,24,Brown,Kg,Active,15773167.95,Yes
201,7,27,SKU100201,Iusto Ipsum,Apple,37460,47776.77,20,18,611,78,1.7,2026-02-24,24,Green,Litre,Inactive,29191606.47,Yes
202,5,97,SKU100202,Beatae Deserunt,Philips,3985,6361.03,10,18,718,26,2.0,2022-11-02,12,Grey,Kg,Active,4567219.54,No
203,14,49,SKU100203,Eveniet Molestiae,Canon,5049,7153.49,5,18,412,75,4.0,2022-11-08,24,Pink,Kg,Inactive,2947237.88,Yes
204,3,94,SKU100204,Voluptatibus Error,Canon,41704,59723.13,25,18,870,18,4.2,2022-02-06,36,Red,Kg,Inactive,51959123.1,No
205,10,44,SKU100205,Nesciunt Nemo,OnePlus,37975,44252.16,40,18,807,53,4.6,2024-05-15,6,White,Kg,Active,35711493.12,Yes
206,6,57,SKU100206,Quis Omnis,Canon,144,229.81,30,18,207,98,4.6,2025-02-02,24,Blue,Pack,Active,47570.67,No
207,9,11,SKU100207,Assumenda Enim,Levis,43649,67738.89,10,18,53,60,3.5,2025-02-16,12,Grey,Piece,Active,3590161.17,Yes
208,7,62,SKU100208,Molestias Reprehenderit,Sony,8796,12286.6,50,18,696,66,1.0,2021-09-20,6,Grey,Box,Inactive,8551473.6,Yes
209,8,50,SKU100209,Repellat Modi,Sony,47991,72129.44,5,18,320,57,4.5,2025-08-11,12,Blue,Piece,Active,23081420.8,Yes
210,15,45,SKU100210,Ab Libero,Lenovo,41261,60824.26,30,18,630,97,2.8,2024-02-04,6,Blue,Piece,Inactive,38319283.8,No
211,14,41,SKU100211,Molestias Nihil,HP,16338,20234.35,5,18,254,80,3.4,2026-02-18,24,Black,Pack,Active,5139524.9,Yes
212,13,38,SKU100212,Quisquam Sed,Prestige,3676,5484.23,15,18,506,59,1.5,2023-06-07,6,Yellow,Piece,Inactive,2775020.38,No
213,5,50,SKU100213,Placeat Est,Xiaomi,27681,35506.59,10,18,781,70,4.8,2023-11-16,6,Brown,Piece,Active,27730646.79,No
214,7,6,SKU100214,Nostrum Placeat,Apple,26181,35430.89,50,18,785,63,2.7,2021-10-20,12,Green,Piece,Inactive,27813248.65,Yes
215,17,27,SKU100215,Molestias Labore,HP,35252,44536.5,5,18,317,99,2.7,2024-12-29,12,Black,Box,Active,14118070.5,No
216,4,59,SKU100216,Doloremque Omnis,Bajaj,40000,45100.57,10,18,122,11,3.8,2022-08-22,12,Pink,Pack,Inactive,5502269.54,Yes
217,12,17,SKU100217,Soluta Quibusdam,Nike,48133,74279.2,0,18,343,64,2.1,2021-10-13,6,Pink,Kg,Inactive,25477765.6,Yes
218,16,73,SKU100218,Mollitia Rerum,Dell,24196,28518.74,5,18,915,83,3.7,2026-05-10,6,Black,Piece,Active,26094647.1,Yes
219,16,47,SKU100219,Ut Alias,Titan,9935,11817.49,0,18,566,93,2.7,2022-04-08,36,Silver,Pack,Active,6688699.34,No
220,4,65,SKU100220,Temporibus Nobis,Milton,3551,4224.53,50,18,47,61,1.3,2022-09-16,24,Green,Pack,Active,198552.91,No
221,1,48,SKU100221,Officiis Ducimus,Lenovo,19209,26544.98,20,18,757,89,2.0,2021-12-25,36,Red,Litre,Active,20094549.86,Yes
222,1,53,SKU100222,Facilis Modi,Samsung,15369,21067.4,0,18,973,52,1.0,2024-05-04,24,White,Box,Active,20498580.2,No
223,16,8,SKU100223,Error Odit,HP,46738,57951.04,0,18,943,39,4.6,2024-05-02,24,Pink,Piece,Active,54647830.72,Yes
224,13,10,SKU100224,Labore Modi,Xiaomi,37312,42205.15,10,18,242,47,2.0,2023-12-03,36,Silver,Pack,Inactive,10213646.3,No
225,8,10,SKU100225,Nihil Explicabo,Lenovo,9020,13439.52,5,18,159,23,1.7,2022-04-02,36,White,Litre,Inactive,2136883.68,Yes
226,15,40,SKU100226,Optio Ad,Canon,17467,26658.85,5,18,161,97,2.2,2026-02-21,6,Red,Pack,Active,4292074.85,Yes
227,8,46,SKU100227,Asperiores Laudantium,Titan,33750,37951.04,20,18,266,32,1.1,2023-06-18,36,Yellow,Litre,Active,10094976.64,Yes
228,15,14,SKU100228,Totam Atque,HP,8059,8913.08,15,18,133,35,4.3,2021-11-24,6,Brown,Litre,Inactive,1185439.64,Yes
229,1,9,SKU100229,Aliquam Expedita,Lenovo,42435,56087.0,10,18,94,52,1.5,2023-04-02,6,Blue,Litre,Inactive,5272178.0,No
230,16,4,SKU100230,Adipisci Soluta,Titan,44875,58935.77,25,18,219,33,2.1,2022-11-07,12,Black,Litre,Active,12906933.63,No
231,16,53,SKU100231,Excepturi Debitis,OnePlus,31493,35602.51,20,18,392,27,2.7,2025-08-01,12,Yellow,Piece,Inactive,13956183.92,No
232,16,70,SKU100232,Velit Cum,Asus,22646,35244.84,50,18,329,59,2.1,2026-05-09,12,Black,Pack,Active,11595552.36,No
233,17,46,SKU100233,Esse Omnis,Xiaomi,15354,24366.64,5,18,253,94,2.0,2023-09-26,6,Red,Litre,Inactive,6164759.92,No
234,6,23,SKU100234,Maxime Doloremque,Boat,38931,49014.21,25,18,935,85,1.1,2022-07-12,12,Brown,Box,Inactive,45828286.35,No
235,6,63,SKU100235,Dolorem Ipsa,Apple,6015,6785.43,15,18,20,77,2.9,2022-06-22,12,Blue,Pack,Active,135708.6,No
236,2,3,SKU100236,Repellendus Alias,HP,38544,55979.31,10,18,792,24,4.4,2024-03-17,6,Silver,Kg,Active,44335613.52,No
237,10,42,SKU100237,Repellat Veritatis,HP,10422,15280.49,30,18,810,91,4.8,2024-09-30,12,Yellow,Litre,Inactive,12377196.9,Yes
238,19,23,SKU100238,Nam Eius,Titan,20207,29643.62,20,18,130,32,3.9,2022-03-15,36,Brown,Piece,Active,3853670.6,No
239,20,29,SKU100239,Rerum Voluptas,Prestige,37163,42813.82,40,18,144,52,4.0,2023-08-15,24,Blue,Piece,Inactive,6165190.08,No
240,1,34,SKU100240,Corporis Voluptatem,Lenovo,16453,23800.71,25,18,262,23,3.9,2024-02-13,36,Grey,Box,Inactive,6235786.02,No
241,13,45,SKU100241,Vitae Sapiente,OnePlus,24698,28420.34,40,18,807,83,3.6,2022-08-02,12,Pink,Piece,Active,22935214.38,No
242,1,41,SKU100242,Recusandae Animi,Nike,6963,7917.63,10,18,909,58,1.6,2024-07-04,6,Silver,Litre,Inactive,7197125.67,Yes
243,14,84,SKU100243,Quibusdam Nobis,Dell,39901,61642.12,10,18,54,22,2.3,2024-09-15,36,Yellow,Litre,Inactive,3328674.48,No
244,10,31,SKU100244,Atque Quae,LG,3352,4345.7,50,18,860,72,1.6,2024-06-16,36,White,Pack,Inactive,3737302.0,Yes
245,4,4,SKU100245,Accusantium Nihil,Lenovo,11295,16028.68,5,18,484,24,2.2,2025-09-22,36,Green,Piece,Inactive,7757881.12,Yes
246,12,49,SKU100246,Corrupti Non,Levis,12327,16307.24,20,18,450,69,2.1,2024-08-20,6,Blue,Piece,Active,7338258.0,No
247,18,53,SKU100247,Tempora Officia,Xiaomi,15010,20665.78,30,18,838,76,2.7,2022-11-09,36,Brown,Box,Inactive,17317923.64,No
248,3,51,SKU100248,Nostrum Dolorum,Cello,2375,3208.75,50,18,819,83,3.7,2025-12-29,6,Pink,Box,Active,2627966.25,Yes
249,7,17,SKU100249,Totam Fugit,Apple,27846,31721.72,30,18,206,90,1.6,2026-02-18,24,White,Piece,Inactive,6534674.32,No
250,18,42,SKU100250,Perspiciatis Omnis,Nike,34158,45398.67,0,18,805,99,3.5,2025-04-05,36,White,Kg,Active,36545929.35,Yes
251,19,76,SKU100251,Rerum Fugiat,Xiaomi,49801,78805.89,5,18,947,23,3.3,2024-04-18,24,Yellow,Pack,Inactive,74629177.83,No
252,13,84,SKU100252,Exercitationem Commodi,Asus,37588,52791.63,0,18,176,45,2.6,2023-12-05,36,Black,Kg,Inactive,9291326.88,Yes
253,2,96,SKU100253,Odio Exercitationem,Asus,17701,27410.28,0,18,345,48,2.2,2025-07-04,6,Red,Box,Inactive,9456546.6,No
254,11,35,SKU100254,Reiciendis Similique,Philips,39747,56551.13,15,18,452,37,4.7,2024-10-11,36,Yellow,Pack,Active,25561110.76,Yes
255,3,40,SKU100255,Labore Aliquam,Cello,33313,43363.28,50,18,900,82,,2025-10-04,12,Black,Box,Active,39026952.0,No
256,2,47,SKU100256,Itaque Ducimus,Cello,13148,16263.93,40,18,517,60,3.5,2025-09-13,6,Red,Pack,Inactive,8408451.81,No
257,6,61,SKU100257,Error Libero,Xiaomi,36232,46191.45,10,18,857,43,4.0,2023-10-02,24,Black,Kg,Active,39586072.65,Yes
258,19,100,SKU100258,Laboriosam Hic,Lenovo,14606,20794.42,15,18,275,93,2.6,2023-11-27,6,Pink,Box,Active,5718465.5,Yes
259,8,33,SKU100259,Quos Accusamus,Bajaj,20118,29299.26,20,18,433,58,4.4,2025-12-13,12,Pink,Pack,Inactive,12686579.58,Yes
260,1,66,SKU100260,Eaque Blanditiis,Milton,24625,34000.44,20,18,305,97,1.4,2023-08-10,24,Silver,Pack,Inactive,10370134.2,No
261,7,20,SKU100261,Nemo Porro,Realme,15848,24561.92,30,18,676,50,3.7,2026-04-11,36,Green,Pack,Inactive,16603857.92,No
262,13,95,SKU100262,Excepturi Voluptas,Apple,38309,55702.61,15,18,351,38,3.7,2025-08-09,36,Silver,Litre,Inactive,19551616.11,Yes
263,18,24,SKU100263, Tenetur Porro ,Adidas,6496,8674.7,20,18,742,81,4.1,2025-05-14,24,White,Box,Inactive,6436627.4,Yes
264,10,54,SKU100264,Ad Consectetur,Puma,24458,30090.18,20,18,474,25,2.9,2024-01-22,6,Pink,Box,Active,14262745.32,No
265,17,39,SKU100265,Est Necessitatibus,Philips,3643,5593.55,10,18,140,35,2.4,2023-08-16,36,Blue,Pack,Active,783097.0,Yes
266,16,43,SKU100266,Inventore Ut,Prestige,11688,14688.39,0,18,4,67,2.1,2026-07-02,12,Brown,Box,Inactive,58753.56,Yes
267,5,79,SKU100267,Maxime Pariatur,Philips,41616,54712.76,30,18,988,71,2.5,2026-04-06,12,Silver,Piece,Inactive,54056206.88,Yes
268,1,87,SKU100268,Quia Laborum,Samsung,41170,60388.22,15,18,710,54,2.2,2025-03-04,24,Blue,Piece,Active,42875636.2,No
269,10,59,SKU100269,Quo Iure,Realme,39183,53369.55,30,18,909,97,5.0,2024-07-19,36,Silver,Box,Active,48512920.95,No
270,1,30,SKU100270,Voluptates Odit,Boat,47755,76046.96,15,18,751,12,3.4,2023-11-10,24,Black,Kg,Inactive,57111266.96,Yes
271,20,7,SKU100271,Inventore Explicabo,Milton,7185,10251.44,0,18,49,98,1.5,2023-07-08,6,Yellow,Pack,Inactive,502320.56,Yes
272,7,89,SKU100272,Cumque Earum,Milton,41408,45741.44,30,18,677,22,3.6,2024-03-28,12,Grey,Piece,Active,30966954.88,No
273,4,14,SKU100273,Cumque Quidem,Asus,13118,18424.24,20,18,851,76,4.9,2023-02-17,36,Green,Box,Active,15679028.24,No
274,7,89,SKU100274,Earum Esse,Asus,21766,26494.72,0,18,687,21,4.6,2025-09-03,36,Blue,Piece,Active,18201872.64,Yes
275,9,83,SKU100275,Harum Repudiandae,Boat,30033,47882.6,20,18,270,69,1.2,2026-01-06,6,Green,Pack,Inactive,12928302.0,No
276,4,13,SKU100276,Saepe Id,Apple,733,1118.56,10,18,336,55,,2022-05-30,24,White,Pack,Inactive,375836.16,Yes
277,4,52,SKU100277,Earum Impedit,Titan,30019,37100.98,30,18,706,71,4.2,2023-06-28,12,White,Box,Active,26193291.88,Yes
278,4,54,SKU100278,Magni Dolorum,Xiaomi,31732,47633.93,40,18,185,88,2.5,2024-02-16,6,Blue,Kg,Inactive,8812277.05,Yes
279,14,57,SKU100279,Accusantium Voluptatum,Apple,4250,5230.93,25,18,12,100,4.5,2026-02-05,12,Silver,Litre,Active,62771.16,No
280,8,62,SKU100280,Debitis Harum,Levis,43596,62697.49,30,18,152,81,4.6,2021-12-10,6,Blue,Litre,Inactive,9530018.48,No
281,6,10,SKU100281,Asperiores Quod,Asus,21113,25767.27,20,18,51,74,1.9,2024-01-15,36,Red,Piece,Inactive,1314130.77,No
282,19,58,SKU100282,Voluptatem Debitis,Sony,32766,43366.92,5,18,509,93,1.1,2025-09-24,6,Yellow,Litre,Active,22073762.28,Yes
283,20,80,SKU100283,Corporis Accusantium,Prestige,20062,30996.9,50,18,211,93,3.7,2026-06-09,24,Black,Box,Inactive,6540345.9,No
284,18,99,SKU100284,Id Optio,Bajaj,39418,52684.79,25,18,733,67,1.5,2025-08-17,12,Black,Pack,Inactive,38617951.07,No
285,18,67,SKU100285,Nulla Laboriosam,Levis,46112,53174.57,10,18,504,27,4.3,2023-02-14,36,White,Pack,Active,26799983.28,Yes
286,4,51,SKU100286,Asperiores Explicabo,Lenovo,30052,45446.95,15,18,733,53,1.4,2025-08-14,6,Pink,Kg,Active,33312614.35,No
287,1,68,SKU100287,Cum At,Apple,36356,56993.63,40,18,946,75,4.1,2024-12-17,12,Blue,Piece,Inactive,53915973.98,No
288,17,50,SKU100288,Porro Aut,Philips,40011,62335.34,15,18,280,60,4.9,2026-06-18,36,Blue,Box,Inactive,17453895.2,No
289,18,41,SKU100289,Suscipit Vitae,Cello,48388,75860.58,15,18,205,36,3.5,2022-01-04,24,Blue,Box,Inactive,15551418.9,Yes
290,12,72,SKU100290,Distinctio Distinctio,Asus,38294,53049.41,30,18,690,78,2.1,2026-05-05,6,Yellow,Piece,Active,36604092.9,No
291,5,7,SKU100291,Incidunt Blanditiis,Milton,3809,4570.61,10,18,293,97,2.0,2023-09-01,24,Red,Litre,Active,1339188.73,No
292,15,14,SKU100292,Cumque Quos,Bajaj,44371,65214.11,15,18,760,92,3.2,2025-02-04,24,Black,Kg,Inactive,49562723.6,No
293,11,71,SKU100293,Sequi Saepe,Apple,949,1396.77,15,18,635,66,4.3,2023-06-23,24,Brown,Litre,Active,886948.95,Yes
294,10,58,SKU100294,Quasi Modi,Dell,44838,50991.32,10,18,752,75,1.5,2025-05-21,24,Yellow,Pack,Active,38345472.64,Yes
295,19,33,SKU100295,Numquam In,Samsung,21763,29013.68,10,18,40,29,4.7,2025-03-15,24,Pink,Litre,Inactive,1160547.2,Yes
296,11,68,SKU100296,Inventore Reiciendis,Boat,12150,16527.68,50,18,163,63,3.2,2022-01-25,24,Red,Box,Inactive,2694011.84,No
297,12,38,SKU100297,Similique Consequuntur,Lenovo,49426,69648.17,40,18,574,93,1.0,2023-04-28,36,Red,Litre,Active,39978049.58,Yes
298,11,49,SKU100298,Sunt Error,LG,25388,31183.96,20,18,25,76,4.3,2023-10-22,36,Pink,Piece,Inactive,779599.0,Yes
299,11,66,SKU100299,Ut Beatae,Sony,6388,7561.46,50,18,546,10,3.5,2022-11-21,12,Grey,Piece,Active,4128557.16,No
300,3,96,SKU100300,Excepturi Doloribus,Milton,10176,11314.45,25,18,38,21,1.3,2026-04-01,24,Yellow,Piece,Active,429949.1,No
301,14,50,SKU100301,Autem Dolore,CANON,41401,53913.38,25,18,17,59,3.7,2021-07-30,6,Brown,Piece,Active,916527.46,No
302,17,14,SKU100302,Nemo Odio,Adidas,45049,56341.67,5,18,288,66,2.5,2025-07-20,6,Pink,Box,Active,16226400.96,Yes
303,13,70,SKU100303,Illum Aliquid,Adidas,41652,48817.72,25,18,980,11,3.2,2023-07-11,6,Black,Piece,Inactive,47841365.6,Yes
304,10,27,SKU100304,Illo Voluptatibus,Levis,13976,18257.23,50,18,145,30,1.7,2023-12-17,24,Red,Piece,Active,2647298.35,Yes
305,18,60,SKU100305,Voluptates Odit,PRESTIGE,36122,41055.26,5,18,256,22,1.8,2022-02-28,24,Silver,Box,Active,10510146.56,Yes
306,10,80,SKU100306,Vitae Eveniet,Sony,12781,16089.91,40,18,336,88,3.6,2023-10-21,12,Brown,Litre,Inactive,5406209.76,No
307,14,22,SKU100307,Sunt Repudiandae,Samsung,20626,25227.4,15,18,729,92,2.7,2023-03-28,12,Silver,Kg,Inactive,18390774.6,No
308,12,100,SKU100308,Nisi Cum,Adidas,32014,44046.01,10,18,661,87,1.3,2026-03-09,12,Yellow,Box,Inactive,29114412.61,Yes
309,3,3,SKU100309,Et Tenetur,Realme,41494,46290.59,30,18,787,85,1.9,2022-10-27,24,Yellow,Litre,Inactive,36430694.33,Yes
310,12,51,SKU100310,Fugiat Dicta,Boat,38740,56816.6,20,18,137,69,3.0,2022-02-28,24,Yellow,Piece,Active,7783874.2,Yes
311,17,18,SKU100311,Assumenda Doloremque,Canon,10534,12530.96,10,18,753,71,4.8,2024-03-03,36,Red,Piece,Inactive,9435812.88,No
312,8,6,SKU100312, Saepe Reiciendis ,Milton,13651,18550.93,25,18,397,70,4.7,2024-01-04,6,Silver,Piece,Inactive,7364719.21,No
313,19,70,SKU100313,Nulla Cupiditate,Xiaomi,11493,14806.77,30,18,374,85,3.6,2025-07-17,24,Grey,Box,Inactive,5537731.98,No
314,12,63,SKU100314,Voluptas Incidunt,Asus,39697,43797.65,10,18,450,31,1.9,2024-12-23,24,Red,Box,Active,19708942.5,Yes
315,12,78,SKU100315,Fugit Provident,Cello,7854,11235.58,30,18,830,52,3.9,2026-02-23,36,Pink,Box,Active,9325531.4,No
316,1,32,SKU100316,Possimus Nulla,Apple,8481,11760.97,10,18,137,90,3.1,2022-03-28,12,Black,Box,Inactive,1611252.89,Yes
317,17,52,SKU100317,Sapiente Animi,Bajaj,37036,52547.1,20,18,969,20,1.9,2025-03-25,36,Pink,Box,Active,50918139.9,No
318,20,19,SKU100318,Iste Sed,Xiaomi,12019,16966.09,50,18,270,31,3.9,2023-09-07,36,Brown,Litre,Active,4580844.3,Yes
319,13,50,SKU100319,Alias Consectetur,HP,-500,7996.25,50,18,880,74,3.7,2023-07-03,6,Blue,Kg,Active,7036700.0,Yes
320,3,62,SKU100320,Veniam Repellat,Milton,8641,13402.13,50,18,847,10,4.6,2026-07-20,36,Yellow,Kg,Inactive,11351604.11,Yes
321,17,55,SKU100321,Adipisci Veniam,Boat,31696,47378.48,30,18,358,85,4.2,2023-11-06,6,Grey,Box,Inactive,16961495.84,No
322,8,11,SKU100322,Repellat Animi,Adidas,39309,60472.3,30,18,263,34,1.0,2023-01-17,6,Brown,Litre,Active,15904214.9,Yes
323,13,84,SKU100323,Optio Quas,Lenovo,45173,67856.33,30,18,370,23,1.6,2025-04-25,24,Green,Litre,Inactive,25106842.1,No
324,20,36,SKU100324,Hic Ducimus,Milton,26147,38631.83,30,18,565,81,2.9,2026-07-14,36,Green,Pack,Inactive,21826983.95,No
325,5,85,SKU100325,Nostrum Tempora,LG,49108,59660.6,10,18,102,37,3.0,2025-09-26,6,Blue,Kg,Active,6085381.2,Yes
326,5,61,SKU100326,Consectetur Optio,Bajaj,28632,32757.02,20,18,227,57,1.3,2024-07-07,36,Grey,Litre,Inactive,7435843.54,Yes
327,6,82,SKU100327,Nemo Iusto,Asus,28868,31909.39,50,18,292,34,1.1,2024-04-14,12,Brown,Box,Active,9317541.88,No
328,8,84,SKU100328,Velit Corporis,Samsung,10418,11912.16,20,18,798,61,2.4,2022-12-03,12,Yellow,Piece,Active,9505903.68,Yes
329,18,37,SKU100329,Iure Neque,OnePlus,38303,48799.85,20,18,231,87,4.9,2025-10-08,36,Brown,Piece,Inactive,11272765.35,Yes
330,14,65,SKU100330,Illo Ut,LG,36710,41709.64,20,18,348,24,4.2,2024-12-17,24,Pink,Kg,Inactive,14514954.72,Yes
331,11,100,SKU100331,Quo Amet,Canon,44768,59557.57,0,18,493,24,2.0,2025-06-04,12,Red,Pack,Inactive,29361882.01,No
332,17,69,SKU100332,Commodi Ipsam,Samsung,46028,69782.52,15,18,294,21,2.6,2023-09-14,24,White,Litre,Active,20516060.88,No
333,11,46,SKU100333,Iste Cum,Lenovo,37698,46539.61,15,18,510,35,1.9,2024-12-28,24,Red,Box,Active,23735201.1,Yes
334,20,46,SKU100334,Quam A,HP,7091,8225.13,5,18,692,94,3.0,2026-03-03,6,Pink,Pack,Inactive,5691789.96,No
335,19,36,SKU100335,Officiis Neque,Asus,12084,19240.11,50,18,286,60,1.9,2022-01-06,6,Yellow,Kg,Inactive,5502671.46,Yes
336,17,45,SKU100336,Eaque Quas,Titan,45079,67075.39,40,18,999,25,3.8,2024-08-19,6,Black,Box,Inactive,67008314.61,Yes
337,11,47,SKU100337,Soluta Praesentium,Bajaj,17119,20432.83,20,18,242,44,2.9,2025-04-25,24,Blue,Kg,Inactive,4944744.86,Yes
338,14,90,SKU100338,Asperiores Enim,Levis,24025,36690.09,20,18,461,33,3.3,2023-10-29,12,White,Pack,Active,16914131.49,No
339,13,26,SKU100339,Quo Delectus,HP,48501,56977.72,0,18,180,63,3.0,2024-01-02,24,Pink,Pack,Inactive,10255989.6,Yes
340,13,13,SKU100340,Nulla Voluptatem,Cello,10804,12208.72,20,18,487,90,1.4,2025-09-04,24,Silver,Pack,Inactive,5945646.64,No
341,1,53,SKU100341,Cupiditate Aliquam,LG,23109,35441.91,15,18,590,83,3.6,2023-08-04,24,Silver,Pack,Inactive,20910726.9,No
342,3,49,SKU100342,Voluptatum Dolore,Bajaj,18877,25141.82,10,18,889,31,3.6,2024-03-13,36,Brown,Litre,Inactive,22351077.98,Yes
343,3,21,SKU100343,Quod Accusantium,Puma,15056,18921.49,20,18,727,44,3.4,2026-04-02,36,Silver,Litre,Inactive,13755923.23,No
344,6,24,SKU100344,Nemo Consectetur,Samsung,8294,12141.47,120,18,963,99,4.0,2023-06-20,36,White,Piece,Active,11692235.61,No
345,18,7,SKU100345,Cum Officiis,Samsung,26118,35572.49,5,18,106,43,3.5,2022-07-21,36,Green,Box,Active,3770683.94,No
346,15,81,SKU100346,Tenetur Dolor,HP,8703,11865.42,10,18,29,14,3.7,2025-10-17,24,Pink,Kg,Inactive,344097.18,No
347,5,90,SKU100347,Illum Quaerat,OnePlus,11702,16329.15,40,18,646,91,4.5,2023-11-18,24,Silver,Kg,Active,10548630.9,Yes
348,15,40,SKU100348,Nesciunt Perspiciatis,Levis,27114,33347.6,20,18,10,10,3.1,2025-07-28,12,Silver,Pack,Inactive,333476.0,Yes
349,16,97,SKU100349,Exercitationem Odit,Asus,19735,21798.62,30,18,817,47,3.4,2026-03-30,24,Red,Kg,Inactive,17809472.54,No
350,8,21,SKU100350,Dignissimos Molestiae,Cello,48407,68882.94,30,18,225,43,1.3,2023-03-06,24,Green,Litre,Inactive,15498661.5,No
351,7,9,SKU100351,Sapiente Quaerat,Dell,9053,11269.15,40,18,632,67,2.1,2022-09-19,12,Silver,Piece,Active,7122102.8,Yes
352,18,3,SKU100352,Atque Harum,Dell,6802,8441.67,10,18,732,66,3.9,2025-01-31,12,Black,Kg,Active,6179302.44,No
353,14,40,SKU100353,Laboriosam Quae,Asus,24439,32548.89,0,18,338,20,4.4,2023-10-30,6,Green,Kg,Active,11001524.82,No
354,6,25,SKU100354,A Id,Nike,25107,38015.16,5,18,997,41,,2024-02-04,12,Black,Box,Inactive,37901114.52,Yes
355,17,86,SKU100355,Repudiandae Repellendus,Lenovo,31087,40244.03,20,18,958,51,1.6,2025-09-20,6,Green,Kg,Inactive,38553780.74,Yes
356,12,7,SKU100356,Distinctio Occaecati,Milton,14372,22803.15,15,18,648,65,2.3,2026-02-19,24,Brown,Piece,Inactive,14776441.2,Yes
357,1,6,SKU100357,Perspiciatis Laborum,Xiaomi,45369,60687.18,10,18,380,21,2.0,2024-05-19,24,Black,Piece,Inactive,23061128.4,Yes
358,18,14,SKU100358,Quod Quisquam,HP,32071,39009.15,50,18,807,92,4.0,2024-10-05,36,Red,Piece,Inactive,31480384.05,No
359,5,33,SKU100359,Odit Iste,Apple,31904,46366.5,50,18,301,79,3.8,2023-02-28,12,Yellow,Pack,Inactive,13956316.5,No
360,9,77,SKU100360,Voluptatem Excepturi,OnePlus,10608,12034.12,10,18,460,47,4.3,2026-06-02,36,Black,Litre,Inactive,5535695.2,Yes
361,1,80,SKU100361,Molestiae Eveniet,Levis,40745,49684.18,5,18,674,78,4.3,2025-01-18,36,Yellow,Box,Inactive,33487137.32,No
362,14,83,SKU100362,Aperiam Ipsum,Puma,7339,8426.11,5,18,44,26,1.7,2025-07-30,6,Pink,Box,Active,370748.84,Yes
363,19,83,SKU100363,Voluptatibus Modi,Titan,43217,58124.91,20,18,50,56,1.9,2024-11-02,6,Red,Kg,Active,2906245.5,No
364,2,47,SKU100364,Ut Totam,OnePlus,48824,76610.81,30,18,841,57,4.2,2022-11-06,24,Yellow,Piece,Active,64429691.21,No
365,3,28,SKU100365,Possimus Amet,Realme,6464,7437.56,15,18,544,59,1.8,2022-08-18,12,Brown,Box,Inactive,4046032.64,Yes
366,19,46,SKU100366,Provident Rerum,Milton,30162,43773.36,30,18,904,23,1.7,2024-05-18,36,Yellow,Pack,Active,39571117.44,No
367,12,41,SKU100367,Consequuntur Nulla,OnePlus,21376,32543.4,30,18,782,91,2.7,2022-05-27,12,Brown,Litre,Active,25448938.8,No
368,18,96,SKU100368,Qui Odit,Nike,23693,37454.51,40,18,982,60,1.0,2021-09-07,24,Brown,Piece,Active,36780328.82,No
369,1,39,SKU100369,Dicta Nemo,Boat,14178,21662.0,0,18,790,98,4.3,2022-11-13,12,White,Piece,Inactive,17112980.0,No
370,5,18,SKU100370,Autem Optio,Nike,24157,37318.04,15,18,238,42,4.2,2023-10-23,36,Brown,Box,Active,8881693.52,No
371,16,23,SKU100371,Labore Soluta,ASUS,45293,65739.34,5,18,609,92,2.2,2024-12-07,36,White,Piece,Inactive,40035258.06,No
372,14,54,SKU100372,Totam Beatae,LG,14958,22045.69,0,18,649,90,2.5,2024-05-07,6,Silver,Litre,Active,14307652.81,No
373,17,90,SKU100373,Veniam Quibusdam,Boat,10139,11409.01,30,18,994,67,4.0,2024-10-14,6,Red,Kg,Inactive,11340555.94,No
374,5,17,SKU100374,Ipsum Sunt,Puma,5509,7370.64,0,18,561,61,2.1,2025-09-15,36,Blue,Box,Inactive,4134929.04,Yes
375,16,51,SKU100375,Quis Amet,Prestige,37542,44977.18,50,18,252,41,,2022-02-19,24,Brown,Piece,Active,11334249.36,No
376,14,47,SKU100376,Ex Suscipit,Levis,12583,15859.23,0,18,788,49,1.7,2023-12-31,36,Brown,Box,Inactive,12497073.24,Yes
377,8,26,SKU100377,Eum Consectetur,Milton,24598,28976.34,5,18,115,16,2.0,2025-03-31,12,Green,Piece,Inactive,3332279.1,Yes
378,10,58,SKU100378,Consequuntur Tempora,Asus,1590,2012.84,50,18,216,36,3.2,2022-05-30,36,Brown,Box,Active,434773.44,No
379,19,85,SKU100379,Numquam Doloremque,Realme,2949,3620.57,0,18,290,35,4.2,2024-02-07,6,Pink,Piece,Active,1049965.3,No
380,9,85,SKU100380,Aliquam Aperiam,Milton,23707,36322.47,0,18,299,93,2.5,2024-04-24,6,Silver,Kg,Active,10860418.53,Yes
381,7,65,SKU100381,Aspernatur Impedit,Canon,36845,57595.18,0,18,40,41,4.7,2024-08-08,36,Grey,Box,Active,2303807.2,No
382,12,46,SKU100382,Minima Non,Prestige,19913,24256.07,50,18,282,17,3.5,2022-10-17,6,Yellow,Pack,Active,6840211.74,Yes
383,11,51,SKU100383,Exercitationem Quia,Milton,9095,10403.75,30,18,533,96,3.4,2025-01-22,12,Grey,Box,Active,5545198.75,No
384,10,78,SKU100384,Recusandae Vero,Puma,29536,40497.31,15,18,668,27,3.3,2023-02-01,12,Blue,Pack,Active,27052203.08,No
385,5,84,SKU100385,Dolores Doloribus,Xiaomi,10457,13162.73,50,18,545,25,1.7,2022-03-24,12,Black,Pack,Inactive,7173687.85,No
386,10,57,SKU100386,Similique Modi,Prestige,48487,59973.48,15,18,109,26,1.7,2023-08-09,24,Brown,Litre,Active,6537109.32,Yes
387,8,88,SKU100387,Praesentium Reprehenderit,Samsung,23644,26947.96,40,18,137,74,4.4,2022-10-09,24,Blue,Kg,Inactive,3691870.52,No
388,5,21,SKU100388,Eveniet Officiis,Lenovo,14929,16662.48,0,18,947,44,4.8,2023-09-19,12,Red,Piece,Active,15779368.56,No
389,20,63,SKU100389,Officia Facere,Cello,21392,32802.22,15,18,437,61,4.1,2021-08-20,36,Silver,Kg,Active,14334570.14,Yes
390,15,59,SKU100390,Omnis Illo,Apple,16203,22025.57,30,18,752,15,3.2,2026-03-16,6,Red,Pack,Inactive,16563228.64,No
391,10,100,SKU100391,Dolore Aut,Adidas,30334,35892.5,20,18,627,16,3.8,2025-04-24,36,Pink,Piece,Active,22504597.5,Yes
392,19,90,SKU100392,Laborum Repudiandae,OnePlus,8967,11626.01,25,18,461,13,1.7,2024-02-06,12,Pink,Piece,Inactive,5359590.61,No
393,6,92,SKU100393,Tempore Nisi,LG,6076,7030.43,40,18,649,56,1.3,2023-09-07,12,Grey,Litre,Inactive,4562749.07,Yes
394,6,43,SKU100394,Odit Incidunt,Xiaomi,43322,66340.55,10,18,889,28,1.7,2023-04-01,36,Green,Pack,Inactive,58976748.95,No
395,6,16,SKU100395,Molestiae Perspiciatis,HP,13394,14757.06,20,18,12,68,3.0,2022-06-18,6,Brown,Kg,Active,177084.72,Yes
396,19,85,SKU100396,Ex Modi,Asus,29836,38938.24,5,18,615,86,1.0,2026-06-02,24,Brown,Litre,Active,23947017.6,Yes
397,6,19,SKU100397,Magnam Repellat,Apple,42913,54693.04,10,18,874,14,3.7,2024-01-27,24,Silver,Piece,Active,47801716.96,Yes
398,14,23,SKU100398,Voluptates Impedit,Dell,44146,54837.73,50,18,181,68,4.0,2021-09-28,6,White,Pack,Inactive,9925629.13,No
399,13,9,SKU100399,Unde Nam,Philips,36175,40966.85,40,18,137,25,3.8,2023-11-21,36,Yellow,Box,Active,5612458.45,Yes
400,4,74,SKU100400,Accusamus Recusandae,Prestige,34765,55401.32,40,18,741,98,3.4,2021-12-21,24,Grey,Litre,Inactive,41052378.12,No
401,17,74,SKU100401,Sequi Praesentium,Bajaj,23290,36415.14,40,18,532,90,3.0,2023-12-28,12,Green,Box,Active,19372854.48,Yes
402,1,60,SKU100402,Eum Sequi,Prestige,7828,11497.25,15,18,818,88,5.0,2024-07-20,24,Silver,Litre,Active,9404750.5,Yes
403,7,89,SKU100403,Est Tempora,Adidas,16773,25077.27,20,18,307,74,3.2,2023-03-04,6,Silver,Pack,Inactive,7698721.89,Yes
404,6,25,SKU100404,Sit Explicabo,Puma,22247,34730.68,40,18,938,70,4.2,2022-09-19,36,Blue,Kg,Inactive,32577377.84,No
405,14,96,SKU100405,Sunt Consequatur,Apple,34249,42800.01,25,18,568,78,1.1,2021-11-21,24,Silver,Piece,Active,24310405.68,No
406,1,44,SKU100406,Ipsa Nulla,Titan,-500,56269.97,10,18,584,87,2.6,2021-11-02,24,Silver,Piece,Inactive,32861662.48,No
407,3,64,SKU100407,Repellendus Maiores,Boat,24452,32422.21,20,18,221,77,2.2,2022-09-03,6,Red,Piece,Inactive,7165308.41,Yes
408,16,65,SKU100408,Consectetur Impedit,HP,12565,15958.28,40,18,750,77,2.2,2024-05-02,6,Yellow,Box,Active,11968710.0,Yes
409,15,50,SKU100409,Nesciunt Doloribus,Cello,34332,39753.64,20,18,954,15,3.7,2023-04-06,6,Silver,Kg,Active,37924972.56,Yes
410,17,99,SKU100410,Delectus Quis,Milton,48960,61505.53,20,18,654,36,2.3,2024-08-31,24,,Pack,Inactive,40224616.62,Yes
411,9,20,SKU100411,Quia Provident,Dell,18033,20868.33,50,18,526,23,1.8,2023-11-15,24,Green,Box,Inactive,10976741.58,Yes
412,6,10,SKU100412,Doloremque Facere,Adidas,40290,62293.24,50,18,454,16,1.5,2025-08-27,6,White,Kg,Active,28281130.96,Yes
413,14,51,SKU100413,Impedit Labore,Dell,46281,64703.65,40,18,631,55,2.2,2022-07-14,6,Pink,Litre,Active,40828003.15,Yes
414,15,13,SKU100414,Omnis Autem,Canon,20441,29480.81,40,18,481,39,4.8,2022-10-02,24,Silver,Kg,Active,14180269.61,No
415,11,59,SKU100415,Et Veritatis,Asus,2083,2359.38,5,18,359,71,2.8,2024-12-07,24,Brown,Litre,Active,847017.42,Yes
416,13,92,SKU100416,Quos Maiores,LG,21456,29567.98,5,18,811,48,3.1,2022-04-28,36,Red,Litre,Active,23979631.78,Yes
417,16,50,SKU100417,Nam Accusantium,Sony,22429,27007.19,30,18,803,65,3.3,2023-10-21,12,Blue,Piece,Inactive,21686773.57,Yes
418,19,77,SKU100418,Quidem Cupiditate,Canon,21423,29511.12,40,18,180,49,4.8,2025-06-03,6,Brown,Kg,Inactive,5312001.6,No
419,2,12,SKU100419,Maxime Veniam,Lenovo,9204,14207.58,0,18,775,28,3.6,2023-10-14,24,Grey,Litre,Inactive,11010874.5,Yes
420,7,88,SKU100420,Reprehenderit Modi,Puma,19743,27346.78,20,18,940,65,3.9,2024-09-18,6,Brown,Piece,Inactive,25705973.2,Yes
421,10,8,SKU100421,Corrupti Veniam,Levis,36071,57134.65,0,18,720,81,4.3,2023-07-18,24,Black,Box,Inactive,41136948.0,No
422,11,92,SKU100422,Optio Alias,Titan,26709,34475.51,50,18,216,94,1.7,2026-05-01,36,Silver,Kg,Active,7446710.16,No
423,5,18,SKU100423,Itaque Similique,Samsung,4801,6837.56,10,18,738,72,3.6,2023-06-09,12,White,Box,Inactive,5046119.28,No
424,20,55,SKU100424,Tenetur At,Bajaj,11883,15771.08,30,18,565,67,2.5,2025-07-03,36,Brown,Piece,Inactive,8910660.2,Yes
425,17,35,SKU100425,Voluptates Incidunt,Philips,35893,49825.81,0,18,38,82,2.9,2025-01-10,36,White,Box,Inactive,1893380.78,No
426,17,11,SKU100426,Cum Deserunt,Realme,40081,45861.61,40,18,645,94,4.8,2021-12-09,24,Brown,Piece,Inactive,29580738.45,Yes
427,16,59,SKU100427,Amet Incidunt,Realme,30851,42789.8,25,18,431,55,4.8,2025-09-29,24,Blue,Piece,Inactive,18442403.8,No
428,2,81,SKU100428,Cum Consequatur,Asus,37989,44999.48,0,18,672,47,4.2,2023-07-21,24,Pink,Piece,Active,30239650.56,Yes
429,9,33,SKU100429,Quidem Deleniti,HP,40456,50185.1,20,18,14,24,3.4,2024-11-10,12,Pink,Pack,Active,702591.4,No
430,8,63,SKU100430,Odit Maxime,Dell,34662,53067.77,25,18,86,28,3.4,2026-02-24,36,Grey,Kg,Active,4563828.22,No
431,6,27,SKU100431,Nihil Repudiandae,Xiaomi,48227,73349.24,0,18,657,43,4.0,2022-11-14,12,Pink,Kg,Inactive,48190450.68,No
432,16,96,SKU100432,Nesciunt Ullam,OnePlus,15413,19881.23,30,18,485,43,1.6,2022-05-25,6,Green,Kg,Inactive,9642396.55,No
433,17,88,SKU100433,Porro Sint,Apple,6480,10101.39,25,18,979,65,3.4,2025-01-09,24,Silver,Pack,Inactive,9889260.81,Yes
434,9,84,SKU100434,Hic Aliquid,Xiaomi,25734,34240.48,15,18,751,96,3.4,2024-09-15,24,Blue,Pack,Active,25714600.48,Yes
435,3,2,SKU100435,Esse Numquam,Philips,6502,8859.83,40,18,359,38,3.9,2025-05-03,6,Black,Litre,Active,3180678.97,Yes
436,20,85,SKU100436,Ex Magni,Lenovo,39381,55883.27,5,18,88,87,1.5,2022-05-26,12,White,Box,Inactive,4917727.76,No
437,15,85,SKU100437,Vitae Maxime,Sony,41963,55673.23,20,18,787,64,3.8,2026-03-09,24,Green,Box,Active,43814832.01,No
438,2,49,SKU100438,Tenetur Magnam,Titan,21900,34995.75,20,18,978,43,1.7,2022-01-26,12,Brown,Kg,Active,34225843.5,No
439,4,19,SKU100439,Nam Harum,OnePlus,28362,34295.14,5,18,934,66,3.9,2023-03-03,6,White,Litre,Inactive,32031660.76,No
440,1,64,SKU100440,Cupiditate Odit,HP,42886,60905.31,0,18,680,59,2.1,2022-05-02,36,Brown,Piece,Inactive,41415610.8,No
441,14,52,SKU100441,Ut Error,Sony,35497,43055.14,30,18,977,98,4.3,2021-09-26,24,Silver,Pack,Inactive,42064871.78,Yes
442,3,47,SKU100442,Architecto Iusto,OnePlus,22386,25525.15,40,18,778,47,3.6,2023-08-17,6,Grey,Box,Inactive,19858566.7,No
443,4,81,SKU100443,Debitis Recusandae,Cello,23644,31759.84,40,18,752,34,1.6,2023-04-20,12,Pink,Kg,Active,23883399.68,No
444,16,69,SKU100444,Atque Quod,Canon,1175,1314.26,0,18,345,15,2.6,2023-04-26,36,Yellow,Box,Active,453419.7,Yes
445,2,95,SKU100445,Repudiandae Esse,HP,32140,45861.07,40,18,928,89,1.2,2023-07-15,12,Black,Box,Active,42559072.96,No
446,4,59,SKU100446,Iure Dignissimos,Bajaj,11286,17128.49,5,18,837,23,1.5,2021-07-30,12,White,Box,Inactive,14336546.13,No
447,13,42,SKU100447,Harum Dignissimos,LG,44932,62364.87,10,18,329,37,4.1,2022-08-29,24,White,Piece,Inactive,20518042.23,Yes
448,14,22,SKU100448,Quis Explicabo,Cello,24343,33513.1,40,18,249,84,1.2,2023-01-15,36,Blue,Piece,Inactive,8344761.9,Yes
449,1,1,SKU100449,Culpa Ut,Dell,5941,8634.47,20,18,426,98,4.2,2021-10-10,12,Red,Box,Inactive,3678284.22,No
450,14,31,SKU100450,Delectus Accusantium,Dell,40112,57995.41,10,18,734,73,3.4,2024-08-08,24,Silver,Kg,Active,42568630.94,Yes
451,7,16,SKU100451,Ex Repudiandae,Realme,6370,8978.26,50,18,519,38,,2024-04-22,12,Green,Piece,Active,4659716.94,Yes
452,5,88,SKU100452,Ad Doloribus,Asus,32705,38858.84,0,18,55,92,2.5,2023-10-24,24,Silver,Litre,Inactive,2137236.2,Yes
453,4,95,SKU100453,Asperiores Debitis,Apple,35316,41953.42,0,18,496,75,1.5,2025-02-18,36,Brown,Litre,Inactive,20808896.32,No
454,7,96,SKU100454,Qui Cum,Milton,21444,26055.14,5,18,333,39,1.4,2022-02-04,12,Grey,Box,Active,8676361.62,No
455,19,63,SKU100455,Pariatur Occaecati,Apple,28664,33607.7,40,18,182,59,2.5,2024-08-19,12,Silver,Pack,Active,6116601.4,No
456,5,5,SKU100456,Quam Rerum,Cello,37368,42219.33,10,18,113,69,2.8,2022-06-25,24,Red,Pack,Active,4770784.29,Yes
457,19,71,SKU100457,Odio Provident,Boat,5767,7530.83,50,18,500,37,3.4,2023-06-10,24,Black,Kg,Active,3765415.0,Yes
458,11,56,SKU100458,Sint Aperiam,Xiaomi,14675,22686.25,10,18,935,83,4.6,2025-12-28,6,Black,Kg,Active,21211643.75,No
459,17,51,SKU100459,Incidunt Officia,Asus,45755,69119.59,40,18,507,40,1.3,2021-10-26,36,Red,Box,Inactive,35043632.13,No
460,8,83,SKU100460,Assumenda Perferendis,Sony,1143,1531.5,20,18,165,100,2.8,2024-12-20,6,Pink,Kg,Active,252697.5,No
461,6,48,SKU100461,Nobis Vitae,Prestige,30528,44325.16,0,18,881,90,1.3,2022-06-22,24,Yellow,Piece,Inactive,39050465.96,No
462,9,90,SKU100462,Porro Numquam,Bajaj,35649,49467.08,15,18,806,97,1.3,2022-03-07,6,Yellow,Pack,Active,39870466.48,Yes
463,13,47,SKU100463,Beatae Iste,Canon,40675,45573.78,25,18,179,92,3.2,2022-10-25,12,Blue,Pack,Active,8157706.62,Yes
464,16,95,SKU100464,At Debitis,Xiaomi,46161,55619.25,15,18,328,55,4.6,2023-11-23,36,Green,Piece,Active,18243114.0,No
465,12,58,SKU100465,Soluta Tempora,Asus,32963,44939.82,5,18,481,100,3.1,2026-07-14,24,Pink,Litre,Inactive,21616053.42,Yes
466,7,59,SKU100466,Quo Itaque,Sony,5354,6935.26,10,18,295,19,1.4,2024-10-17,12,Pink,Box,Active,2045901.7,Yes
467,10,54,SKU100467,Saepe Quia,Milton,35583,55718.02,40,18,355,63,2.8,2024-01-24,24,Red,Piece,Active,19779897.1,Yes
468,17,83,SKU100468,Odit Quae,Puma,27080,37623.66,25,18,497,85,3.7,2025-03-19,36,Pink,Pack,Active,18698959.02,No
469,6,34,SKU100469,Consequuntur Voluptates,Boat,31835,40938.26,20,18,788,16,1.6,2022-07-12,12,Brown,Box,Inactive,32259348.88,Yes
470,6,91,SKU100470,Ullam Totam,Cello,43770,65533.7,10,18,243,24,1.2,2026-03-30,12,Pink,Pack,Inactive,15924689.1,Yes
471,7,72,SKU100471,Esse Non,Cello,2373,3399.98,25,18,151,57,2.8,2025-05-24,24,White,Piece,Inactive,513396.98,No
472,5,59,SKU100472,Eum Neque,Puma,10327,11381.87,50,18,999,74,2.3,2024-06-09,36,Green,Litre,Active,11370488.13,No
473,11,89,SKU100473,Odit Natus,LG,48048,64359.85,0,18,142,96,3.2,2025-02-03,36,Brown,Box,Inactive,9139098.7,No
474,3,42,SKU100474,Consequatur Ipsam,Apple,39955,56762.32,50,18,227,45,1.8,2025-03-08,36,White,Litre,Inactive,12885046.64,Yes
475,16,41,SKU100475,Ipsam Vel,Bajaj,39754,53897.6,0,18,930,95,2.4,2023-09-21,36,Silver,Kg,Inactive,50124768.0,Yes
476,10,45,SKU100476,Minima Dolor,Levis,20290,32235.98,50,18,89,37,3.9,2025-08-03,36,Pink,Pack,Active,2869002.22,No
477,14,18,SKU100477,Atque Consectetur,Xiaomi,39286,44905.43,15,18,310,70,5.0,2022-04-13,24,White,Litre,Inactive,13920683.3,Yes
478,1,53,SKU100478,Consectetur Non,Prestige,18012,23546.31,50,18,473,100,3.3,2022-05-18,12,Blue,Kg,Inactive,11137404.63,No
479,2,39,SKU100479,Minima Delectus,Xiaomi,20017,26963.9,40,18,229,13,4.2,2026-04-15,24,Pink,Piece,Inactive,6174733.1,No
480,6,63,SKU100480,Assumenda Repudiandae,Cello,42356,51774.92,5,18,783,45,3.0,2026-05-01,24,Brown,Kg,Inactive,40539762.36,No
481,16,89,SKU100481,Ratione Iure,LG,24558,33307.11,0,18,865,43,1.7,2022-08-05,24,Pink,Box,Inactive,28810650.15,Yes
482,2,35,SKU100482,Neque Libero,Levis,27593,39130.28,25,18,49,47,2.2,2025-02-25,6,Yellow,Box,Active,1917383.72,Yes
483,20,97,SKU100483,Asperiores Illo,Dell,35732,45068.89,25,18,846,97,4.2,2024-03-18,24,White,Litre,Inactive,38128280.94,Yes
484,1,18,SKU100484,Libero Corporis,Realme,18542,23854.41,40,18,421,53,4.7,2026-06-21,12,Blue,Litre,Active,10042706.61,Yes
485,18,79,SKU100485,Quae Error,Cello,34549,52619.33,50,18,719,24,2.7,2022-11-14,6,Blue,Piece,Inactive,37833298.27,No
486,10,89,SKU100486,Unde Perspiciatis,Levis,9210,13893.46,50,18,781,53,1.7,2023-06-18,6,Red,Box,Active,10850792.26,Yes
487,10,17,SKU100487,Corrupti Laudantium,Lenovo,8633,13731.26,30,18,707,24,1.3,2026-04-15,36,Black,Box,Active,9708000.82,Yes
488,17,76,SKU100488,Maxime Cum,Apple,30841,35758.94,20,18,44,18,2.2,2023-12-04,6,White,Litre,Active,1573393.36,Yes
489,6,86,SKU100489,Rem Et,Levis,2017,2310.25,20,18,971,84,2.4,2025-03-16,12,Yellow,Litre,Active,2243252.75,Yes
490,19,98,SKU100490,Ratione Soluta,Samsung,34757,42003.8,15,18,987,46,1.7,2026-04-16,6,White,Box,Inactive,41457750.6,No
491,19,24,SKU100491,Alias Sequi,Canon,44240,69849.38,10,18,854,55,4.9,2023-10-30,12,Grey,Piece,Inactive,59651370.52,Yes
492,15,15,SKU100492, Aliquam Ducimus ,Realme,9007,12140.61,25,18,721,46,3.2,2023-11-18,24,Pink,Piece,Inactive,8753379.81,No
493,15,77,SKU100493,Voluptates Ipsa,Adidas,45126,71664.13,40,18,231,80,2.6,2024-06-11,36,Red,Piece,Inactive,16554414.03,No
494,6,2,SKU100494,Laudantium Ab,Milton,32320,46413.06,30,18,448,76,3.6,2023-02-05,12,Grey,Kg,Active,20793050.88,Yes
495,3,47,SKU100495,Dicta Recusandae,Lenovo,22292,26753.34,30,18,125,39,4.4,2024-12-18,24,Brown,Litre,Inactive,3344167.5,No
496,12,61,SKU100496,Atque Dicta,Milton,39629,62418.43,40,18,523,45,1.6,2021-10-25,6,Green,Kg,Inactive,32644838.89,Yes
497,5,4,SKU100497,Consectetur Quia,LG,48452,54577.6,5,18,510,96,1.1,2023-05-21,24,Blue,Pack,Active,27834576.0,Yes
498,17,99,SKU100498,Minus Nihil,Asus,30641,36798.8,40,18,502,74,2.0,2025-05-31,6,Black,Kg,Active,18472997.6,No
499,15,41,SKU100499,Laboriosam Dolore,Titan,29103,38701.99,0,18,181,81,3.6,2024-09-13,12,Pink,Kg,Active,7005060.19,No
500,13,63,SKU100500,Ipsa Itaque,LG,37380,53734.21,50,18,701,79,3.3,2026-05-20,12,Yellow,Piece,Inactive,37667681.21,No
501,16,76,SKU100501,Saepe Blanditiis,Titan,40531,58293.46,20,18,328,17,1.1,2022-01-01,24,Silver,Litre,Active,19120254.88,No
502,13,13,SKU100502,Dolor Dolore,Philips,22719,36258.91,30,18,359,17,3.6,2021-12-23,24,Brown,Piece,Active,13016948.69,No
503,4,44,SKU100503,Veniam Beatae,Dell,1391,1904.57,0,18,471,94,4.5,2023-11-14,36,,Piece,Inactive,897052.47,Yes
504,11,49,SKU100504,Numquam Ut,Xiaomi,25678,32385.37,5,18,827,72,1.4,2025-02-28,24,Pink,Litre,Inactive,26782700.99,Yes
505,20,39,SKU100505,Placeat Sequi,Levis,28673,34432.81,5,18,860,78,1.9,2025-04-25,24,Brown,Kg,Active,29612216.6,Yes
506,19,13,SKU100506,Nesciunt Fugit,Xiaomi,22175,27423.43,50,18,486,64,1.8,2023-05-22,24,Yellow,Pack,Inactive,13327786.98,No
507,7,54,SKU100507,Quam Cum,Titan,16566,23399.18,40,18,687,80,1.7,2024-06-28,12,Brown,Kg,Active,16075236.66,No
508,9,82,SKU100508,Non Culpa,OnePlus,40366,61614.15,30,18,957,82,3.9,2023-12-19,12,Silver,Kg,Active,58964741.55,Yes
509,5,96,SKU100509,Veritatis Veritatis,Milton,19778,30103.32,30,18,326,18,3.5,2025-09-10,24,Green,Box,Inactive,9813682.32,Yes
510,13,31,SKU100510,Qui Vel,LG,9927,11872.28,15,18,816,49,2.9,2024-03-06,36,Grey,Piece,Active,9687780.48,Yes
511,9,18,SKU100511,Aperiam Est,Samsung,17034,25463.02,20,18,674,80,1.7,2024-12-01,36,Black,Piece,Active,17162075.48,No
512,20,39,SKU100512,Sapiente Aspernatur,Sony,26773,41454.96,5,18,406,27,1.9,2021-08-14,6,Yellow,Litre,Inactive,16830713.76,No
513,3,31,SKU100513,Enim Incidunt,Bajaj,8113,12060.75,25,18,337,84,3.9,2023-05-09,12,Grey,Box,Active,4064472.75,Yes
514,6,28,SKU100514,Deserunt Facere,Nike,28901,37692.33,0,18,502,78,2.5,2024-01-07,24,Yellow,Kg,Inactive,18921549.66,Yes
515,9,19,SKU100515,Itaque Cumque,Levis,31244,45548.62,20,18,21,92,4.9,2021-08-15,6,Red,Pack,Inactive,956521.02,No
516,12,88,SKU100516,Praesentium Non,LG,35155,53909.37,40,18,397,11,4.6,2023-01-18,24,Green,Piece,Active,21402019.89,No
517,7,21,SKU100517,Delectus Modi,Canon,41476,52201.37,30,18,808,14,2.1,2026-01-31,36,Pink,Kg,Inactive,42178706.96,No
518,4,21,SKU100518,Voluptatibus Eum,Cello,17202,23277.18,25,18,430,87,3.9,2025-10-23,24,Pink,Piece,Active,10009187.4,Yes
519,15,83,SKU100519,Ratione Velit,HP,301,391.4,20,18,321,83,1.3,2024-07-26,12,Brown,Kg,Inactive,125639.4,No
520,16,95,SKU100520,Aut Nam,HP,17183,20391.75,25,18,818,46,1.8,2021-11-30,12,Grey,Kg,Active,16680451.5,Yes
521,1,72,SKU100521,Nostrum Ad,Prestige,40208,56826.52,5,18,997,69,1.8,2025-06-19,12,Black,Kg,Inactive,56656040.44,No
522,5,12,SKU100522,Autem Ipsam,Levis,11249,17701.67,5,18,14,77,2.7,2026-06-14,36,Pink,Piece,Active,247823.38,Yes
523,7,35,SKU100523,Nobis Rem,Adidas,49018,66031.37,10,18,441,36,3.4,2024-12-29,24,Red,Kg,Active,29119834.17,No
524,5,4,SKU100524,Voluptatum Tempore,Adidas,17257,21014.59,40,18,929,41,2.5,2025-02-08,36,White,Piece,Inactive,19522554.11,Yes
525,11,89,SKU100525,Illum Cum,Titan,45113,54411.19,30,18,725,64,3.9,2024-12-31,6,Yellow,Piece,Active,39448112.75,No
526,8,61,SKU100526,Adipisci Itaque,Levis,39839,62533.72,0,18,5,42,3.0,2023-01-06,36,Silver,Box,Active,312668.6,Yes
527,9,22,SKU100527,Sit Officia,Realme,32398,50708.17,40,18,135,21,2.3,2024-08-19,12,Green,Piece,Inactive,6845602.95,Yes
528,5,64,SKU100528,Commodi Nostrum,Nike,49109,62874.06,30,18,289,43,3.5,2022-06-15,24,Yellow,Pack,Inactive,18170603.34,Yes
529,11,95,SKU100529,Exercitationem Nostrum,Asus,10013,13796.29,40,18,54,34,1.6,2024-12-17,6,Pink,Pack,Active,744999.66,No
530,14,15,SKU100530,Qui Beatae,Asus,2773,3662.47,50,18,496,68,3.0,2024-12-02,12,White,Pack,Active,1816585.12,Yes
531,10,24,SKU100531,Ipsa Labore,Dell,49247,66698.6,20,18,576,94,3.3,2023-06-10,6,Yellow,Litre,Active,38418393.6,No
532,3,32,SKU100532,Iusto Dolores,Asus,44461,51003.55,25,18,26,46,3.7,2022-03-16,36,Silver,Litre,Active,1326092.3,No
533,5,4,SKU100533,Quaerat Tempora,Sony,30261,45855.99,40,18,464,90,4.8,2022-07-11,6,Silver,Piece,Inactive,21277179.36,No
534,19,17,SKU100534,Quia Quaerat,Lenovo,3290,4937.56,20,18,330,17,4.0,2023-03-16,36,White,Kg,Inactive,1629394.8,Yes
535,8,99,SKU100535,Laudantium Laudantium,Titan,5945,6600.47,15,18,166,59,4.1,2022-10-23,12,White,Pack,Inactive,1095678.02,No
536,10,88,SKU100536,Ex Corporis,Bajaj,8704,11136.96,5,18,852,57,3.1,2022-10-19,36,Pink,Pack,Inactive,9488689.92,Yes
537,14,48,SKU100537,Facere Eius,Bajaj,12313,16216.87,30,18,95,15,3.1,2023-01-12,12,Blue,Kg,Active,1540602.65,No
538,15,56,SKU100538,Sed Dolor,Sony,31400,39256.17,10,18,700,48,4.4,2022-03-13,24,Brown,Piece,Active,27479319.0,Yes
539,17,14,SKU100539,Dolorum Sunt,Realme,27947,36513.03,40,18,676,82,4.3,2025-10-04,6,Yellow,Piece,Active,24682808.28,No
540,6,24,SKU100540,Officiis Recusandae,Titan,3066,3500.28,20,18,321,85,3.9,2026-06-26,36,Brown,Pack,Inactive,1123589.88,Yes
541,7,24,SKU100541,Occaecati Vero,Sony,49057,78054.25,20,18,892,96,1.4,2026-05-10,6,Grey,Piece,Active,69624391.0,Yes
542,16,59,SKU100542,Temporibus Tempora,Cello,26648,40888.43,40,18,310,89,4.3,2024-04-21,36,Green,Piece,Active,12675413.3,Yes
543,1,25,SKU100543,Sunt Ipsam,LG,1141,1652.19,15,18,879,13,1.8,2022-11-03,12,Grey,Litre,Active,1452275.01,Yes
544,10,99,SKU100544,Nulla Atque,Canon,9810,13115.92,0,18,119,31,4.6,2025-07-17,36,Pink,Kg,Active,1560794.48,No
545,19,32,SKU100545,Numquam Suscipit,Lenovo,19422,26893.94,30,18,52,52,1.0,2024-02-17,36,Grey,Kg,Inactive,1398484.88,Yes
546,16,52,SKU100546,Harum Rerum,Asus,33743,47089.02,40,18,237,17,3.1,2022-01-12,24,Yellow,Piece,Inactive,11160097.74,No
547,16,15,SKU100547,Libero Quae,Asus,40909,64205.95,25,18,459,99,2.7,2022-03-09,12,Pink,Pack,Inactive,29470531.05,Yes
548,17,29,SKU100548,Ipsa Officiis,Xiaomi,44990,57118.25,40,18,134,47,3.9,2025-05-26,36,Silver,Kg,Active,7653845.5,Yes
549,10,89,SKU100549,Amet Aspernatur,Sony,43816,58776.75,10,18,204,30,3.4,2024-09-09,36,Pink,Pack,Active,11990457.0,Yes
550,18,7,SKU100550,Illo Autem,Samsung,23613,36374.72,25,18,693,30,1.7,2022-04-28,6,White,Pack,Inactive,25207680.96,Yes
551,20,30,SKU100551,Sint Saepe,LG,36930,44760.93,20,18,348,55,4.1,2025-11-13,24,Blue,Litre,Active,15576803.64,Yes
552,15,59,SKU100552,Molestiae Officiis,LG,7039,10493.93,5,18,843,81,1.2,2026-06-29,6,Red,Pack,Active,8846382.99,No
553,15,98,SKU100553,Quod Animi,Realme,32762,48038.13,5,18,157,92,2.5,2025-05-19,6,Red,Kg,Inactive,7541986.41,Yes
554,8,61,SKU100554,Rem Totam,Puma,18892,25551.64,5,18,272,57,3.9,2023-02-26,12,Blue,Litre,Inactive,6950046.08,Yes
555,5,55,SKU100555,Iste Sed,Philips,26924,41706.15,50,18,813,97,2.4,2025-08-07,12,Black,Litre,Active,33907099.95,Yes
556,11,41,SKU100556,Provident Distinctio,Titan,10869,14314.87,30,18,777,14,3.6,2022-01-30,6,Yellow,Pack,Inactive,11122653.99,No
557,18,39,SKU100557,Odio Corporis,Puma,22654,25008.91,20,18,921,77,3.4,2024-06-23,36,Pink,Box,Inactive,23033206.11,No
558,13,100,SKU100558,Blanditiis Quae,Lenovo,19861,22684.05,50,18,342,59,3.9,2023-01-09,12,Yellow,Litre,Inactive,7757945.1,Yes
559,3,66,SKU100559,Animi Expedita,OnePlus,20563,27979.41,10,18,23,13,4.6,2025-04-12,24,Red,Pack,Inactive,643526.43,Yes
560,2,48,SKU100560,Nulla Qui,Nike,41190,55760.95,5,18,48,93,4.8,2026-01-01,6,Pink,Pack,Active,2676525.6,Yes
561,12,39,SKU100561,Similique Dolore,Adidas,43807,65377.33,10,18,731,58,3.1,2024-08-25,24,Yellow,Litre,Active,47790828.23,No
562,15,13,SKU100562,Minima Id,HP,46738,61359.8,30,18,83,21,1.2,2024-11-06,36,Red,Kg,Active,5092863.4,No
563,17,52,SKU100563,Nemo Labore,Xiaomi,36732,49936.14,30,18,892,43,3.3,2021-12-31,36,Pink,Kg,Active,44543036.88,Yes
564,17,17,SKU100564, Suscipit Tenetur ,Asus,46705,62064.24,50,18,883,77,1.5,2024-05-26,36,Black,Box,Inactive,54802723.92,Yes
565,20,53,SKU100565,At Iure,LG,8021,10305.32,20,18,41,76,1.6,2022-05-11,24,Green,Pack,Inactive,422518.12,Yes
566,5,19,SKU100566,Quos Veritatis,Xiaomi,27740,31188.79,20,18,910,46,1.9,2024-11-04,36,Black,Piece,Inactive,28381798.9,Yes
567,2,54,SKU100567,Id Explicabo,Asus,37656,47252.67,40,18,921,53,4.1,2022-11-01,12,Blue,Litre,Inactive,43519709.07,No
568,15,20,SKU100568,Iusto Beatae,Puma,5953,8928.94,30,18,396,39,4.6,2026-07-06,6,Pink,Pack,Active,3535860.24,Yes
569,1,74,SKU100569,Ut Dicta,Prestige,46460,58280.54,5,18,659,81,1.3,2024-07-12,6,Brown,Litre,Active,38406875.86,No
570,17,3,SKU100570,Ipsa Ullam,LG,43239,67802.68,10,18,985,12,2.1,2024-11-20,36,White,Litre,Inactive,66785639.8,No
571,19,6,SKU100571,Delectus Saepe,Asus,1624,2062.44,10,18,424,13,4.4,2022-04-11,24,White,Piece,Active,874474.56,Yes
572,10,19,SKU100572,Ipsa Ratione,Dell,16848,25005.0,10,18,314,62,3.7,2024-10-04,24,Blue,Piece,Active,7851570.0,No
573,13,13,SKU100573,Temporibus Iure,Puma,9436,12327.3,25,18,264,58,,2022-08-23,6,Red,Box,Active,3254407.2,No
574,17,97,SKU100574,Velit Voluptates,Realme,25334,39892.91,20,18,62,50,2.9,2026-01-12,36,Black,Kg,Active,2473360.42,Yes
575,9,71,SKU100575,Consectetur Tenetur,Xiaomi,44343,51027.92,50,18,667,26,2.2,2025-02-26,6,Yellow,Box,Active,34035622.64,No
576,18,22,SKU100576,Quaerat Magni,Boat,35327,55686.17,50,18,462,15,1.0,2021-09-16,24,Blue,Piece,Active,25727010.54,No
577,9,77,SKU100577,Magni Ipsa,Nike,44664,57619.99,25,18,862,90,1.9,2023-02-02,24,Black,Box,Active,49668431.38,No
578,3,51,SKU100578,Error Laboriosam,Cello,8159,12362.92,50,18,286,65,1.8,2025-09-09,24,Silver,Pack,Inactive,3535795.12,No
579,8,85,SKU100579,Earum Et,Puma,22489,27106.26,25,18,16,98,1.5,2022-09-22,36,Black,Piece,Active,433700.16,No
580,18,90,SKU100580,Dolor Autem,Cello,32145,47614.22,50,18,83,93,3.6,2024-01-26,36,White,Pack,Inactive,3951980.26,No
581,13,23,SKU100581,Consequuntur Quae,Cello,652,757.87,25,18,958,34,2.8,2026-02-23,6,Green,Pack,Active,726039.46,Yes
582,20,81,SKU100582,Qui Amet,Adidas,47142,57068.87,40,18,990,56,1.1,2024-06-02,12,Black,Box,Inactive,56498181.3,Yes
583,9,73,SKU100583,Sit Delectus,Realme,32475,38490.62,15,18,675,82,3.7,2024-10-04,12,White,Litre,Active,25981168.5,Yes
584,5,34,SKU100584,Dolor Dolorem,Xiaomi,15039,23167.6,20,18,196,96,1.1,2023-02-03,24,Yellow,Kg,Active,4540849.6,No
585,2,42,SKU100585,Voluptate Soluta,Philips,26765,33108.78,50,18,477,73,,2022-12-18,12,Black,Pack,Inactive,15792888.06,No
586,11,1,SKU100586,Nulla Aperiam,Titan,12853,16289.29,0,18,755,38,4.9,2025-01-18,6,Red,Box,Active,12298413.95,No
587,10,9,SKU100587,Maiores Veritatis,Prestige,41079,47173.61,40,18,442,13,3.4,2023-07-29,24,Green,Box,Active,20850735.62,No
588,8,44,SKU100588,Numquam Similique,Apple,21962,29864.75,15,18,966,19,4.1,2023-12-24,6,Pink,Litre,Active,28849348.5,Yes
589,2,5,SKU100589,Occaecati Eveniet,Titan,20631,31875.76,5,18,801,26,1.2,2026-02-05,6,Green,Litre,Inactive,25532483.76,Yes
590,4,87,SKU100590,Excepturi Ipsa,Apple,36751,41385.36,30,18,411,22,3.5,2025-07-18,6,Pink,Kg,Inactive,17009382.96,No
591,20,80,SKU100591,Earum Maxime,LG,22357,31869.03,0,18,464,76,2.3,2026-05-29,6,Black,Litre,Active,14787229.92,Yes
592,19,17,SKU100592,Nulla Officiis,Prestige,33451,41082.61,30,18,492,89,2.8,2023-12-14,6,Black,Box,Inactive,20212644.12,No
593,17,84,SKU100593,Modi Provident,Levis,20494,28524.22,50,18,794,28,1.6,2026-01-15,24,Green,Pack,Active,22648230.68,Yes
594,2,31,SKU100594,Nihil Dolorem,Realme,36764,56225.06,30,18,352,35,4.9,2023-04-03,12,White,Pack,Active,19791221.12,No
595,15,77,SKU100595,Sed Deserunt,Cello,21801,33268.42,25,18,630,48,2.7,2023-09-06,36,Black,Kg,Active,20959104.6,Yes
596,8,89,SKU100596,Asperiores Temporibus,Boat,30674,43310.46,15,18,492,52,4.2,2025-08-23,36,Blue,Piece,Inactive,21308746.32,Yes
597,3,46,SKU100597,Minima Quod,Samsung,36452,42196.64,20,18,450,34,3.5,2022-06-05,24,Black,Piece,Active,18988488.0,Yes
598,10,23,SKU100598,Quas Cupiditate,Boat,17270,25204.15,25,18,867,80,2.0,2023-12-24,12,Green,Piece,Active,21851998.05,Yes
599,13,84,SKU100599,Blanditiis Dolorem,LG,22276,34930.04,20,18,467,40,2.5,2023-11-16,12,Yellow,Litre,Inactive,16312328.68,Yes
600,4,19,SKU100600,Odio Quam,HP,12528,14981.49,30,18,711,57,2.3,2022-10-22,12,,Litre,Active,10651839.39,No
601,5,42,SKU100601,Nostrum Consectetur,Boat,3590,5078.88,20,18,893,26,4.4,2023-06-11,36,Red,Piece,Inactive,4535439.84,Yes
602,6,66,SKU100602,Odio Laudantium,Titan,49337,76038.73,50,18,383,73,3.1,2021-10-12,24,Yellow,Kg,Inactive,29122833.59,No
603,9,75,SKU100603,Nesciunt Asperiores,Titan,41918,65416.92,0,18,212,38,4.6,2024-12-04,12,Grey,Box,Inactive,13868387.04,No
604,13,74,SKU100604,Provident Minima,Dell,24617,30211.57,5,18,137,20,2.2,2023-07-24,12,Brown,Piece,Inactive,4138985.09,No
605,14,58,SKU100605,Molestiae Beatae,Canon,28444,37104.53,40,18,324,44,2.5,2024-09-28,12,Green,Piece,Inactive,12021867.72,Yes
606,10,65,SKU100606,Et Aliquam,Realme,35925,51079.14,20,18,948,39,1.4,2024-04-07,6,,Box,Inactive,48423024.72,Yes
607,11,33,SKU100607,Consequuntur Totam,Adidas,48938,73787.85,20,18,195,100,3.4,2024-05-28,24,Black,Pack,Inactive,14388630.75,No
608,13,52,SKU100608,Dignissimos Deserunt,Xiaomi,49763,71044.36,40,18,669,75,5.0,2021-11-18,36,Red,Box,Active,47528676.84,No
609,8,67,SKU100609,Illo Optio,Xiaomi,36316,53704.49,40,18,348,20,2.3,2022-09-26,36,Red,Kg,Inactive,18689162.52,Yes
610,12,18,SKU100610,Voluptatibus Optio,Xiaomi,8511,10662.46,0,18,511,94,4.3,2025-05-15,36,Grey,Kg,Inactive,5448517.06,No
611,19,3,SKU100611,Sint Ab,XIAOMI,2210,3449.97,10,18,1000,52,3.3,2022-03-25,36,Grey,Box,Inactive,3449970.0,Yes
612,18,50,SKU100612,Ad Facere,Lenovo,31215,36032.07,40,18,654,48,1.4,2023-05-23,12,Black,Litre,Inactive,23564973.78,Yes
613,6,26,SKU100613,Distinctio Quo,Sony,25389,31530.82,15,18,298,94,3.1,2026-01-16,24,Yellow,Piece,Active,9396184.36,No
614,14,51,SKU100614,Nisi Culpa,Dell,7357,8567.73,30,18,489,18,2.6,2024-01-03,12,Blue,Box,Inactive,4189619.97,No
615,16,21,SKU100615,Ex Incidunt,Bajaj,37789,59312.75,15,18,514,97,2.8,2022-08-04,12,Pink,Piece,Inactive,30486753.5,Yes
616,17,43,SKU100616,Architecto Excepturi,Xiaomi,32275,42929.05,0,18,754,21,2.2,2025-02-15,36,Silver,Pack,Inactive,32368503.7,Yes
617,14,32,SKU100617,Tempore Soluta,Dell,40583,59519.92,40,18,393,94,1.7,2025-06-11,36,Black,Box,Active,23391328.56,No
618,18,38,SKU100618,At Culpa,Milton,4474,6482.92,15,18,930,73,2.6,2025-10-21,6,Silver,Piece,Active,6029115.6,No
619,14,58,SKU100619,Saepe Quidem,Dell,16665,20059.43,0,18,473,13,1.3,2021-09-11,36,Grey,Pack,Inactive,9488110.39,Yes
620,13,5,SKU100620,Suscipit Quam,Samsung,16523,19122.75,10,18,334,95,4.0,2026-06-12,6,White,Litre,Active,6386998.5,No
621,5,61,SKU100621,Excepturi Dicta,Nike,10675,12653.02,0,18,621,22,1.7,2024-01-12,36,Blue,Piece,Active,7857525.42,No
622,5,57,SKU100622, Nobis A ,Levis,11761,14211.24,0,18,914,96,3.1,2024-07-22,6,Yellow,Piece,Inactive,12989073.36,No
623,15,7,SKU100623,Excepturi Rem,Bajaj,405,455.35,30,18,785,35,4.7,2025-02-05,12,Red,Piece,Active,357449.75,No
624,1,2,SKU100624,Ea Vel,Puma,12692,18276.22,5,18,225,22,4.2,2022-04-13,12,Blue,Piece,Inactive,4112149.5,Yes
625,11,42,SKU100625,Qui Magni,OnePlus,41177,49197.2,15,18,956,79,2.6,2022-02-17,12,Red,Piece,Inactive,47032523.2,No
626,6,2,SKU100626,Qui Quisquam,Titan,42960,54048.84,30,18,217,68,1.9,2025-11-14,24,Brown,Pack,Active,11728598.28,Yes
627,7,53,SKU100627,Quae Quod,Adidas,39347,53110.11,5,18,729,78,4.2,2021-09-23,12,Green,Piece,Inactive,38717270.19,No
628,5,43,SKU100628,Molestias Optio,Dell,41738,61808.06,25,18,871,95,2.9,2021-12-04,36,Grey,Litre,Active,53834820.26,Yes
629,8,3,SKU100629,Tempora Molestias,Bajaj,49837,77167.1,20,18,242,64,,2024-09-23,6,Blue,Pack,Inactive,18674438.2,No
630,7,20,SKU100630,Explicabo Ad,Titan,13494,19175.24,15,18,945,86,5.0,2024-08-04,24,Blue,Pack,Inactive,18120601.8,Yes
631,17,54,SKU100631,Atque Laborum,Prestige,19004,28036.13,15,18,867,52,2.4,2023-08-10,6,Red,Box,Inactive,24307324.71,No
632,6,57,SKU100632,Unde Sunt,Prestige,496,561.62,40,18,71,34,1.2,2022-06-09,12,Blue,Piece,Active,39875.02,Yes
633,8,65,SKU100633,Repellendus Iusto,Sony,28034,40999.57,20,18,168,35,2.0,2022-09-09,12,Green,Pack,Inactive,6887927.76,Yes
634,9,62,SKU100634,Aperiam Libero,Sony,23665,30743.73,10,18,482,66,2.7,2026-03-14,36,,Kg,Active,14818477.86,No
635,14,11,SKU100635,Labore Temporibus,Adidas,39105,53519.06,50,18,744,32,2.0,2023-01-16,36,Green,Kg,Inactive,39818180.64,Yes
636,11,18,SKU100636,Vitae Officiis,Cello,30853,36957.51,15,18,4,11,4.4,2025-08-16,24,Pink,Kg,Inactive,147830.04,No
637,12,50,SKU100637,Suscipit Ducimus,Asus,20272,28796.87,5,18,418,14,5.0,2022-09-13,12,Red,Kg,Inactive,12037091.66,No
638,17,91,SKU100638,At Officia,Asus,41714,60245.22,0,18,666,59,4.7,2021-11-13,12,Pink,Piece,Inactive,40123316.52,Yes
639,5,34,SKU100639,Impedit Eligendi,Bajaj,29949,47083.8,10,18,260,41,3.4,2021-12-05,12,Black,Piece,Active,12241788.0,No
640,13,91,SKU100640,Eligendi Animi,Xiaomi,5365,7292.48,15,18,897,64,1.7,2024-03-28,24,Yellow,Litre,Inactive,6541354.56,No
641,14,97,SKU100641,Ipsa Quam,Sony,7261,10296.75,25,18,833,28,2.1,2024-12-10,36,Green,Piece,Active,8577192.75,No
642,1,13,SKU100642,Quisquam Pariatur,Sony,45733,59860.83,30,18,670,46,3.9,2023-09-17,24,Blue,Box,Active,40106756.1,No
643,6,65,SKU100643,Amet Tenetur,LG,29634,41000.0,15,18,190,35,1.2,2023-03-07,12,Green,Kg,Inactive,7790000.0,Yes
644,6,11,SKU100644,Illo Magnam,Adidas,5716,7367.15,20,18,65,53,1.1,2021-12-17,36,White,Piece,Active,478864.75,No
645,1,86,SKU100645,Ullam Iure,Xiaomi,2843,3264.96,50,18,810,10,2.5,2023-11-17,24,Pink,Kg,Inactive,2644617.6,No
646,11,48,SKU100646,Cupiditate Maxime,Milton,22583,36126.53,15,18,963,56,3.7,2025-04-09,6,Silver,Pack,Active,34789848.39,Yes
647,15,90,SKU100647,Natus Nulla,Titan,47628,72285.52,10,18,26,87,1.5,2024-11-04,12,Silver,Kg,Inactive,1879423.52,No
648,7,1,SKU100648,Labore Ea,Prestige,21214,23511.8,25,18,894,15,4.9,2025-10-10,36,Red,Litre,Inactive,21019549.2,No
649,20,11,SKU100649,Voluptate Praesentium,Levis,28143,44171.63,40,18,674,99,4.6,2024-09-05,24,Brown,Box,Active,29771678.62,Yes
650,5,64,SKU100650,Quas Fugiat,Sony,19849,30094.6,50,18,895,69,1.7,2022-04-04,6,Pink,Litre,Active,26934667.0,Yes
651,7,22,SKU100651,Nisi Beatae,Milton,45969,52621.45,30,18,732,13,1.6,2025-03-20,36,Green,Box,Inactive,38518901.4,No
652,4,86,SKU100652,Sed Ducimus,HP,35131,49772.69,40,18,92,98,2.3,2026-03-12,6,Silver,Kg,Inactive,4579087.48,No
653,8,29,SKU100653,Impedit Iste,Nike,7681,9566.6,5,18,91,53,4.0,2022-06-05,6,Brown,Pack,Active,870560.6,No
654,13,74,SKU100654,Beatae Itaque,Samsung,20468,23148.13,50,18,194,59,4.9,2024-01-26,24,Blue,Litre,Active,4490737.22,Yes
655,13,2,SKU100655,Inventore Occaecati,OnePlus,30286,38098.67,20,18,857,38,3.0,2025-03-06,24,Blue,Piece,Inactive,32650560.19,No
656,17,89,SKU100656,Doloremque Voluptas,LG,18020,28803.61,40,18,646,37,3.0,2025-05-01,36,Black,Pack,Active,18607132.06,Yes
657,8,90,SKU100657,Laudantium Occaecati,Apple,11832,18083.9,30,18,306,94,4.6,2021-11-30,6,Yellow,Kg,Inactive,5533673.4,No
658,16,45,SKU100658,Libero Sint,Titan,25728,29224.73,20,18,289,99,4.7,2025-04-03,36,White,Box,Inactive,8445946.97,Yes
659,10,59,SKU100659,Harum Tempore,Prestige,10827,15034.14,40,18,712,71,2.2,2022-01-16,12,Red,Piece,Inactive,10704307.68,Yes
660,5,49,SKU100660,Autem Velit,Philips,44628,67871.6,0,18,98,55,4.9,2025-01-04,6,White,Litre,Inactive,6651416.8,No
661,5,81,SKU100661,Maiores Quam,Titan,16156,18046.19,15,18,406,72,2.2,2022-12-01,12,Grey,Piece,Inactive,7326753.14,No
662,9,81,SKU100662,Aliquam Dicta,Prestige,29271,37574.06,5,18,119,20,1.5,2025-04-13,12,Black,Litre,Inactive,4471313.14,No
663,4,76,SKU100663,Aliquid Debitis,Dell,25263,33905.36,30,18,305,83,1.5,2022-02-15,12,Grey,Piece,Inactive,10341134.8,No
664,3,67,SKU100664,Ex Tenetur,Xiaomi,35422,51605.41,5,18,771,36,4.9,2024-09-02,12,Brown,Box,Active,39787771.11,No
665,11,16,SKU100665,Magni Molestiae,Apple,8542,11852.37,10,18,89,81,2.0,2026-05-19,6,White,Litre,Inactive,1054860.93,No
666,18,22,SKU100666,Aliquid Sed,Philips,43233,47558.15,20,18,47,76,4.6,2022-11-10,36,Blue,Litre,Inactive,2235233.05,No
667,17,46,SKU100667,Veritatis Odio,Bajaj,35372,47939.5,5,18,678,15,1.9,2024-09-16,24,Red,Box,Active,32502981.0,No
668,9,17,SKU100668,Minima Numquam,Bajaj,27757,31564.7,20,18,266,58,3.6,2022-03-17,36,White,Pack,Inactive,8396210.2,Yes
669,18,27,SKU100669,Rem Deserunt,Sony,41359,60646.25,15,18,731,57,3.3,2026-01-21,12,Grey,Box,Inactive,44332408.75,No
670,13,4,SKU100670,Maiores Nam,Bajaj,16320,18584.6,5,18,544,24,3.7,2024-03-24,24,White,Pack,Inactive,10110022.4,No
671,5,29,SKU100671,Totam Hic,Nike,746,857.13,15,18,387,23,4.1,2023-09-05,24,Brown,Kg,Active,331709.31,No
672,19,37,SKU100672,Cum Alias,OnePlus,17863,25074.89,0,18,174,50,4.8,2023-02-20,24,Yellow,Litre,Inactive,4363030.86,No
673,19,17,SKU100673,Praesentium Quas,Nike,722,1042.08,10,18,673,26,1.6,2024-11-05,24,Black,Pack,Active,701319.84,No
674,15,24,SKU100674,Ratione Cumque,Canon,23299,34930.66,50,18,293,45,4.8,2023-10-13,12,Green,Piece,Inactive,10234683.38,No
675,11,12,SKU100675,Facilis Voluptatibus,Prestige,5308,6042.34,15,18,967,21,,2025-05-08,24,Yellow,Kg,Active,5842942.78,No
676,17,94,SKU100676,Error Similique,HP,31534,42536.29,50,18,714,25,2.6,2023-12-26,6,Grey,Litre,Inactive,30370911.06,Yes
677,17,88,SKU100677,Voluptate Porro,Bajaj,2875,4035.6,10,18,690,77,4.6,2023-04-04,24,Blue,Litre,Inactive,2784564.0,Yes
678,14,64,SKU100678,Cupiditate Deleniti,Titan,11272,14503.03,5,18,346,96,2.0,2022-03-09,6,Green,Pack,Inactive,5018048.38,No
679,9,28,SKU100679,Odio Doloribus,Samsung,48467,68609.31,30,18,222,49,4.7,2025-05-04,6,Pink,Litre,Inactive,15231266.82,Yes
680,12,1,SKU100680,Commodi Vero,Bajaj,30269,38268.37,25,18,109,10,2.4,2024-04-09,36,Silver,Piece,Active,4171252.33,No
681,16,26,SKU100681,Vel Laborum,Sony,34774,47193.86,10,18,420,25,4.7,2022-02-08,24,Red,Kg,Inactive,19821421.2,No
682,10,47,SKU100682,Quo Quis,Philips,12039,16471.92,20,18,111,66,3.6,2024-01-10,12,Silver,Kg,Active,1828383.12,No
683,7,15,SKU100683,In Dolore,Lenovo,18771,21025.93,30,18,431,52,4.6,2023-01-13,12,Pink,Pack,Active,9062175.83,No
684,16,71,SKU100684,Magni Quaerat,Asus,44778,65248.73,25,18,769,61,3.0,2023-06-18,36,Blue,Piece,Active,50176273.37,Yes
685,5,20,SKU100685,Cupiditate Eligendi,Levis,32868,36379.11,15,18,53,96,4.3,2022-09-26,6,Grey,Kg,Inactive,1928092.83,No
686,16,11,SKU100686,Ex Possimus,Philips,16336,23014.26,50,18,191,41,2.1,2021-10-11,24,Red,Kg,Active,4395723.66,No
687,4,90,SKU100687,Magni Quod,Realme,40149,47801.16,10,18,234,25,1.5,2026-06-04,12,Blue,Kg,Active,11185471.44,Yes
688,3,7,SKU100688,Maxime Omnis,Titan,26792,36503.71,15,18,227,53,2.7,2026-03-31,36,Black,Pack,Active,8286342.17,No
689,12,36,SKU100689,Delectus Similique,Levis,46734,61176.54,25,18,916,16,1.7,2022-04-15,24,Red,Pack,Inactive,56037710.64,No
690,20,13,SKU100690,At Ipsa,Philips,12213,14974.74,40,18,372,52,2.2,2024-12-10,6,Yellow,Box,Inactive,5570603.28,No
691,12,96,SKU100691,Perferendis Qui,Xiaomi,34759,48744.52,15,18,665,45,1.8,2025-01-18,6,Blue,Litre,Active,32415105.8,Yes
692,19,84,SKU100692,Nemo Repellat,Lenovo,12743,18507.04,5,18,76,79,3.5,2022-03-08,36,Red,Litre,Active,1406535.04,Yes
693,5,25,SKU100693,Debitis Ipsum,Philips,36177,52666.53,50,18,998,54,4.6,2022-03-09,6,Grey,Piece,Inactive,52561196.94,No
694,17,65,SKU100694,Odio Omnis,Samsung,11040,15451.33,10,18,296,15,4.8,2025-12-15,12,Grey,Kg,Active,4573593.68,Yes
695,15,97,SKU100695,Laborum Debitis,Realme,25275,34911.08,30,18,410,87,2.1,2026-03-30,12,Brown,Box,Active,14313542.8,No
696,17,91,SKU100696,Tempore Repudiandae,Realme,17062,21356.59,15,18,303,100,2.1,2023-02-07,12,Black,Litre,Active,6471046.77,No
697,2,82,SKU100697,Delectus Non,HP,18303,28619.01,20,18,894,16,3.6,2025-10-31,12,Yellow,Piece,Active,25585394.94,No
698,20,48,SKU100698,Aspernatur Cupiditate,Puma,5555,8739.2,50,18,270,27,2.6,2025-12-17,24,Black,Piece,Inactive,2359584.0,Yes
699,9,23,SKU100699,Dolor Incidunt,Nike,1124,1538.41,5,18,739,98,2.5,2022-12-15,12,Pink,Box,Inactive,1136884.99,No
700,7,75,SKU100700,Dolorem Iste,Prestige,49441,64161.15,40,18,237,65,2.5,2023-06-22,6,Pink,Box,Inactive,15206192.55,Yes
701,6,25,SKU100701,Laborum Quas,Xiaomi,32246,50680.31,10,18,663,46,1.1,2023-12-21,12,Grey,Litre,Active,33601045.53,Yes
702,5,10,SKU100702,Beatae Explicabo,Philips,16172,21468.53,30,18,102,77,1.5,2023-03-23,6,Brown,Piece,Inactive,2189790.06,No
703,1,15,SKU100703,Tempora Quod,Samsung,42336,66354.86,10,18,254,20,2.1,2023-11-21,6,Black,Piece,Inactive,16854134.44,Yes
704,7,18,SKU100704,Debitis Sunt,Asus,49885,68912.42,40,18,835,30,2.2,2024-02-17,12,Black,Litre,Inactive,57541870.7,Yes
705,1,6,SKU100705,Sint Quibusdam,LG,35793,44682.88,50,18,907,63,1.6,2022-05-08,6,Red,Kg,Inactive,40527372.16,Yes
706,12,84,SKU100706,Provident Temporibus,Adidas,14903,23261.28,30,18,703,24,3.0,2022-12-27,12,White,Pack,Inactive,16352679.84,Yes
707,20,43,SKU100707,Rerum Repellendus,LG,23725,37050.38,5,18,917,15,3.4,2022-11-13,24,Brown,Box,Inactive,33975198.46,Yes
708,10,80,SKU100708,Dolores Unde,Adidas,22931,35261.02,20,18,938,73,3.6,2024-06-04,6,Black,Box,Active,33074836.76,No
709,5,50,SKU100709,Recusandae Animi,Canon,47373,70984.91,40,18,834,18,1.5,2021-10-18,24,Blue,Piece,Inactive,59201414.94,Yes
710,6,99,SKU100710,Beatae Aperiam,Titan,23208,29234.14,30,18,492,98,4.9,2026-06-17,24,Blue,Box,Inactive,14383196.88,No
711,18,64,SKU100711,Fuga Totam,OnePlus,35081,47229.57,50,18,841,39,2.5,2023-05-07,36,Yellow,Litre,Active,39720068.37,Yes
712,8,47,SKU100712,Rem Nesciunt,Samsung,13422,21434.3,0,18,371,81,2.9,2021-10-24,6,Black,Pack,Inactive,7952125.3,Yes
713,10,59,SKU100713,Praesentium Sunt,HP,36243,57478.13,30,18,248,36,4.3,2026-03-13,12,White,Box,Inactive,14254576.24,Yes
714,14,48,SKU100714,Illum Temporibus,Apple,46067,53115.48,5,18,488,86,4.5,2024-02-15,24,Blue,Piece,Active,25920354.24,Yes
715,1,73,SKU100715,Perspiciatis Exercitationem,Philips,9911,14695.13,40,18,761,27,4.0,2025-01-03,24,Pink,Kg,Inactive,11182993.93,No
716,1,37,SKU100716,In Odit,LG,10316,11657.08,0,18,618,32,3.0,2022-03-05,36,Pink,Litre,Inactive,7204075.44,No
717,8,55,SKU100717,Voluptas Assumenda,Dell,17914,28421.66,50,18,386,26,4.0,2022-11-25,6,Red,Kg,Active,10970760.76,Yes
718,15,62,SKU100718,Nulla Nesciunt,Puma,42875,60923.03,30,18,168,16,4.2,2025-09-03,12,Green,Piece,Active,10235069.04,Yes
719,12,78,SKU100719,Officiis Enim,Puma,1938,2363.9,10,18,554,23,1.3,2024-06-12,24,Red,Litre,Active,1309600.6,Yes
720,8,35,SKU100720,Sequi Dicta,Sony,37463,51788.79,40,18,46,16,2.3,2024-03-19,6,Silver,Pack,Inactive,2382284.34,Yes
721,11,97,SKU100721,Ipsum Laborum,Titan,47658,60903.05,10,18,719,96,1.4,2024-12-11,6,Yellow,Box,Active,43789292.95,No
722,16,76,SKU100722,Delectus Maxime,Apple,19113,22565.03,40,18,80,90,1.4,2025-12-07,12,Blue,Box,Inactive,1805202.4,No
723,5,44,SKU100723,Ratione Corrupti,Adidas,23713,33476.48,30,18,40,97,2.6,2024-04-08,6,Blue,Litre,Inactive,1339059.2,Yes
724,1,19,SKU100724,Excepturi Omnis,Adidas,35957,55149.65,5,18,510,22,2.8,2022-08-06,24,Blue,Piece,Inactive,28126321.5,No
725,12,12,SKU100725,Fugiat Odio,Sony,11843,17235.44,40,18,264,70,4.9,2023-08-31,36,Blue,Piece,Inactive,4550156.16,Yes
726,12,37,SKU100726,Dicta Consequatur,Titan,26906,41125.83,10,18,451,56,3.0,2021-12-26,24,Silver,Piece,Inactive,18547749.33,No
727,9,88,SKU100727,Illum Molestiae,Apple,40772,64775.12,0,18,758,41,3.8,2025-02-10,12,White,Pack,Inactive,49099540.96,Yes
728,19,52,SKU100728,Expedita Dolore,Sony,14717,19045.44,40,18,685,21,2.4,2024-05-04,36,White,Piece,Active,13046126.4,Yes
729,13,99,SKU100729,Repellat Ipsam,PHILIPS,13172,17133.61,5,18,324,53,5.0,2023-03-03,36,White,Pack,Inactive,5551289.64,Yes
730,18,20,SKU100730, Dolore Praesentium ,Asus,9636,13684.16,25,18,581,14,5.0,2025-12-07,6,Silver,Kg,Inactive,7950496.96,Yes
731,2,28,SKU100731,Omnis Praesentium,Samsung,49816,71826.49,20,18,258,91,1.7,2024-03-06,24,Grey,Piece,Inactive,18531234.42,No
732,14,68,SKU100732,Praesentium Adipisci,Lenovo,43985,68024.42,10,18,850,16,1.4,2022-04-27,24,Green,Box,Active,57820757.0,No
733,14,62,SKU100733,Mollitia Quae,Asus,35194,50834.75,10,18,988,99,2.7,2025-06-11,36,Black,Litre,Active,50224733.0,Yes
734,19,79,SKU100734, Excepturi Esse ,HP,21316,30525.18,25,18,14,29,4.6,2026-07-08,36,Silver,Piece,Inactive,427352.52,No
735,17,93,SKU100735,Libero Architecto,Samsung,29627,46563.63,10,18,649,67,3.6,2021-12-26,6,Red,Box,Inactive,30219795.87,Yes
736,20,49,SKU100736,Id Possimus,Lenovo,22912,27606.25,15,18,995,96,3.3,2025-07-23,24,Black,Pack,Inactive,27468218.75,Yes
737,16,84,SKU100737,Illo Quidem,Canon,27235,35546.94,25,18,848,79,2.7,2021-08-16,24,White,Box,Inactive,30143805.12,No
738,12,23,SKU100738,Corrupti Non,OnePlus,39086,46173.41,30,18,390,46,4.4,2022-09-11,36,Green,Litre,Active,18007629.9,Yes
739,4,12,SKU100739,Fuga Maiores,Prestige,1176,1655.96,30,18,106,73,4.0,2024-12-25,6,Pink,Litre,Active,175531.76,No
740,14,28,SKU100740,Maiores Aperiam,Boat,29894,41127.98,5,18,200,70,4.8,2024-12-17,36,Grey,Kg,Active,8225596.0,No
741,8,65,SKU100741,Asperiores Reiciendis,Adidas,17638,27159.06,20,18,314,63,3.7,2026-05-02,36,Black,Piece,Active,8527944.84,Yes
742,12,67,SKU100742,Earum Magni,Bajaj,20905,26498.03,30,18,247,81,4.9,2026-04-05,36,Black,Litre,Inactive,6545013.41,Yes
743,13,94,SKU100743,Illo Aut,Dell,26518,41158.21,50,18,162,65,1.9,2024-11-03,12,Yellow,Piece,Inactive,6667630.02,No
744,18,21,SKU100744,Quae Odio,Puma,13453,15425.58,0,18,447,11,3.5,2026-03-26,6,Brown,Litre,Active,6895234.26,No
745,1,96,SKU100745,Hic Soluta,HP,29834,42281.69,25,18,191,40,3.6,2022-07-26,12,Yellow,Box,Inactive,8075802.79,No
746,2,36,SKU100746,Debitis Consequatur,Sony,9522,13461.43,5,18,113,68,4.7,2024-11-26,12,Green,Pack,Active,1521141.59,Yes
747,3,64,SKU100747,Minima Labore,Levis,13729,17784.55,40,18,814,12,,2026-04-20,6,Red,Kg,Inactive,14476623.7,No
748,15,21,SKU100748,Maiores Dicta,Dell,19679,21746.68,10,18,675,82,3.5,2023-04-01,6,Silver,Pack,Inactive,14679009.0,Yes
749,6,67,SKU100749,Sed Quaerat,Nike,8068,9652.74,0,18,548,12,3.1,2024-12-20,12,Silver,Piece,Active,5289701.52,Yes
750,11,18,SKU100750,Provident Animi,Boat,5568,8150.84,10,18,274,45,2.9,2021-12-09,24,Yellow,Pack,Inactive,2233330.16,No
751,14,66,SKU100751,Amet Deserunt,Titan,12752,15621.79,15,18,703,45,4.8,2024-05-21,24,Blue,Box,Inactive,10982118.37,No
752,15,55,SKU100752,Pariatur Quas,Bajaj,49060,60630.16,25,18,637,23,3.4,2025-06-10,24,,Piece,Inactive,38621411.92,Yes
753,2,66,SKU100753,Distinctio Sequi,Nike,38561,50318.41,50,18,360,60,1.1,2025-12-09,24,Grey,Box,Inactive,18114627.6,Yes
754,3,28,SKU100754,Deserunt Itaque,Milton,24457,31451.27,25,18,125,11,2.3,2024-04-06,24,Red,Kg,Inactive,3931408.75,Yes
755,18,9,SKU100755,Dolorem Mollitia,Titan,18686,26177.24,50,18,222,23,3.2,2024-02-06,6,,Kg,Inactive,5811347.28,No
756,11,26,SKU100756,Rerum Labore,Lenovo,3354,5035.57,40,18,47,45,2.7,2025-11-14,12,Brown,Pack,Inactive,236671.79,Yes
757,19,3,SKU100757,Quaerat Quibusdam,Adidas,1268,1802.88,0,18,933,69,2.1,2025-09-20,36,Black,Litre,Active,1682087.04,No
758,1,9,SKU100758,Voluptatum Recusandae,Asus,6333,9594.02,30,18,740,48,2.1,2024-02-08,36,White,Litre,Inactive,7099574.8,No
759,20,7,SKU100759,Pariatur Ad,Titan,19658,28469.28,40,18,505,92,4.9,2024-09-08,24,Brown,Piece,Active,14376986.4,Yes
760,2,2,SKU100760,Iure Veniam,HP,6990,11161.42,30,18,231,31,1.4,2022-06-27,24,Yellow,Piece,Active,2578288.02,No
761,2,15,SKU100761,Nesciunt Reprehenderit,Apple,20041,22797.06,25,18,704,88,4.2,2024-03-03,12,Blue,Litre,Inactive,16049130.24,Yes
762,5,41,SKU100762,Voluptas Suscipit,HP,49450,68837.62,30,18,652,67,3.7,2021-10-12,12,Brown,Kg,Inactive,44882128.24,No
763,11,99,SKU100763,Saepe Pariatur,Asus,14900,17073.91,20,18,728,20,2.4,2023-10-24,12,Red,Piece,Active,12429806.48,No
764,2,28,SKU100764,Ullam Repellendus,Samsung,44041,53204.51,30,18,192,72,1.4,2026-06-20,24,Green,Kg,Active,10215265.92,Yes
765,5,29,SKU100765,Eum Asperiores,Levis,25369,40274.11,50,18,207,61,1.8,2026-07-08,12,Green,Litre,Active,8336740.77,Yes
766,15,14,SKU100766,Perferendis Dolores,LG,15865,17583.08,40,18,191,44,1.1,2026-01-05,36,Silver,Pack,Active,3358368.28,Yes
767,12,56,SKU100767,Suscipit Sit,Lenovo,9971,12946.98,30,18,520,52,1.2,2024-10-15,6,Black,Kg,Inactive,6732429.6,Yes
768,10,25,SKU100768,Dignissimos Vero,Titan,11676,16311.66,50,18,622,73,3.1,2023-08-13,6,Red,Piece,Active,10145852.52,Yes
769,2,5,SKU100769,Aliquid Rem,Xiaomi,17544,21392.87,50,18,103,45,1.9,2022-06-28,36,Grey,Kg,Active,2203465.61,Yes
770,9,64,SKU100770,Eaque Ad,Lenovo,11308,16881.3,25,18,652,46,3.8,2025-04-22,6,White,Box,Inactive,11006607.6,No
771,8,22,SKU100771,Ipsam Nihil,Puma,44759,50789.26,10,18,340,68,1.6,2022-11-04,36,Grey,Pack,Active,17268348.4,Yes
772,9,10,SKU100772,Neque Voluptas,Dell,44612,66031.58,0,18,608,55,4.9,2023-04-16,36,Red,Kg,Active,40147200.64,Yes
773,1,73,SKU100773,Neque Provident,Milton,19148,29060.53,50,18,515,31,4.0,2025-07-26,6,Green,Pack,Inactive,14966172.95,No
774,12,70,SKU100774,Assumenda Voluptatibus,Nike,43577,58534.66,25,18,469,11,4.3,2022-09-24,24,Yellow,Litre,Inactive,27452755.54,Yes
775,9,88,SKU100775,Quas Eos,Realme,47824,67905.31,10,18,420,38,3.6,2026-04-29,36,Black,Box,Inactive,28520230.2,No
776,7,96,SKU100776,Itaque Ut,Sony,12803,19976.82,30,18,654,23,4.9,2025-08-16,36,Yellow,Box,Inactive,13064840.28,No
777,11,51,SKU100777,Qui Minus,Xiaomi,27447,43164.06,20,18,316,34,1.2,2024-03-22,24,Brown,Piece,Inactive,13639842.96,No
778,19,45,SKU100778,Doloribus Officia,Adidas,7321,11601.84,40,18,949,97,1.6,2026-02-02,24,Brown,Litre,Active,11010146.16,No
779,16,37,SKU100779,Laboriosam Quisquam,Sony,19415,21507.86,0,18,222,46,4.3,2024-07-26,36,Green,Piece,Inactive,4774744.92,No
780,1,7,SKU100780,Veritatis Vero,Nike,9125,11635.37,20,18,804,74,3.7,2023-10-21,12,White,Pack,Active,9354837.48,Yes
781,14,75,SKU100781,Similique Perspiciatis,Sony,19158,23170.24,40,18,955,55,2.0,2023-03-11,36,Grey,Kg,Active,22127579.2,No
782,10,77,SKU100782,Expedita Hic,Adidas,11457,15833.04,25,18,823,84,1.6,2026-04-20,24,Blue,Kg,Active,13030591.92,No
783,10,11,SKU100783,In Et,Adidas,37236,58220.7,40,18,558,33,2.5,2024-02-01,36,White,Box,Inactive,32487150.6,No
784,17,88,SKU100784,Illo Voluptatibus,Cello,23532,31396.15,30,18,477,63,4.8,2023-04-26,6,Grey,Piece,Active,14975963.55,No
785,8,75,SKU100785,Voluptas Voluptatibus,Realme,24552,28569.63,50,18,921,82,4.5,2025-09-18,36,Blue,Kg,Active,26312629.23,No
786,17,59,SKU100786,Ipsum Perferendis,Apple,5648,6367.25,5,18,341,86,1.4,2024-07-09,36,Silver,Piece,Active,2171232.25,Yes
787,7,67,SKU100787,Ratione Harum,HP,36934,54300.81,40,18,139,38,4.6,2024-01-02,12,Green,Pack,Active,7547812.59,No
788,20,89,SKU100788,Cupiditate Rem,Lenovo,7617,8634.41,10,18,618,25,3.1,2026-03-05,6,Pink,Piece,Inactive,5336065.38,No
789,2,16,SKU100789,Modi Nam,Adidas,26613,35710.91,10,18,839,40,4.4,2024-06-28,36,Brown,Piece,Inactive,29961453.49,Yes
790,1,24,SKU100790,Dignissimos Illum,HP,48898,69862.17,10,18,523,99,3.2,2021-11-29,24,Green,Piece,Inactive,36537914.91,No
791,9,51,SKU100791,Illo Beatae,Titan,45821,68728.18,40,18,426,64,1.6,2024-07-02,6,Brown,Kg,Active,29278204.68,No
792,2,83,SKU100792,Numquam Ullam,Prestige,43169,60865.62,0,18,929,55,4.9,2023-09-26,36,Green,Piece,Active,56544160.98,No
793,17,65,SKU100793,Perferendis Error,Lenovo,22961,35618.83,50,18,399,75,,2023-04-10,24,Brown,Pack,Inactive,14211913.17,Yes
794,9,98,SKU100794,Quidem Fugit,Milton,19952,31159.81,5,18,938,92,2.9,2026-05-03,12,Brown,Litre,Inactive,29227901.78,Yes
795,11,76,SKU100795,Voluptatem Fugit,Xiaomi,22912,31899.15,30,18,69,15,1.1,2022-09-21,12,White,Piece,Inactive,2201041.35,No
796,11,98,SKU100796, Corrupti Sint ,Boat,48114,72065.27,5,18,921,32,3.9,2026-07-19,36,White,Piece,Inactive,66372113.67,Yes
797,2,96,SKU100797,Excepturi Exercitationem,Sony,29036,43021.94,0,18,945,32,2.3,2021-12-26,36,Blue,Litre,Active,40655733.3,Yes
798,9,63,SKU100798,Velit Quia,Canon,44589,55426.12,15,18,759,30,2.7,2023-06-23,12,White,Litre,Active,42068425.08,Yes
799,7,5,SKU100799,Tempore Eveniet,HP,443,566.94,30,18,581,79,4.5,2022-01-01,36,Red,Box,Inactive,329392.14,No
800,12,80,SKU100800,Consequuntur Neque,OnePlus,9135,13709.79,40,18,437,90,2.5,2024-05-13,6,Blue,Litre,Inactive,5991178.23,Yes
801,4,64,SKU100801,Optio Consequuntur,Boat,3473,4864.79,25,18,23,38,4.3,2022-09-22,24,Grey,Pack,Active,111890.17,Yes
802,10,10,SKU100802,Ab Quo,OnePlus,37806,46149.75,50,18,954,88,3.0,2022-11-24,6,Yellow,Piece,Inactive,44026861.5,No
803,1,5,SKU100803,Nemo Ullam,Puma,27717,34104.12,25,18,909,17,1.6,2025-08-07,24,Black,Box,Inactive,31000645.08,Yes
804,19,79,SKU100804,Perferendis Totam,Cello,2417,3076.65,5,18,972,63,3.4,2023-04-02,6,Yellow,Kg,Active,2990503.8,No
805,2,14,SKU100805,Illo Iste,Apple,32644,44193.52,25,18,441,71,2.2,2023-12-25,12,Black,Piece,Active,19489342.32,Yes
806,18,78,SKU100806,Tenetur Assumenda,Titan,44791,64579.55,0,18,565,71,1.2,2022-04-25,12,Grey,Kg,Active,36487445.75,Yes
807,15,16,SKU100807,Totam Rem,Bajaj,24198,30874.1,25,18,447,17,2.0,2023-07-13,6,Red,Kg,Active,13800722.7,Yes
808,8,8,SKU100808,Quibusdam Amet,Sony,3812,4434.72,10,18,289,15,2.3,2023-01-16,12,,Box,Inactive,1281634.08,No
809,4,85,SKU100809,Nesciunt Dolorum,Sony,5105,6254.13,50,18,210,73,3.8,2021-11-11,12,Pink,Pack,Inactive,1313367.3,No
810,8,68,SKU100810,Nam Possimus,Nike,20996,30420.81,50,18,106,16,2.4,2023-02-20,36,Green,Piece,Active,3224605.86,Yes
811,17,30,SKU100811,Illum Amet,Adidas,48721,67063.62,5,18,381,28,1.1,2021-08-19,36,Pink,Piece,Active,25551239.22,No
812,2,35,SKU100812,In Reiciendis,Nike,38650,49939.21,5,18,61,45,4.4,2022-06-20,6,Grey,Kg,Inactive,3046291.81,Yes
813,8,27,SKU100813,Iusto Id,Titan,12186,17425.53,50,18,53,94,2.2,2025-06-02,24,Black,Litre,Inactive,923553.09,No
814,19,28,SKU100814,Temporibus Quisquam,Samsung,22444,32833.17,30,18,886,64,4.1,2026-01-06,6,White,Litre,Inactive,29090188.62,No
815,18,60,SKU100815,Possimus Deleniti,Philips,37626,54919.29,50,18,266,30,4.8,2025-11-04,12,Blue,Piece,Inactive,14608531.14,No
816,3,32,SKU100816,Omnis Fugit,OnePlus,19487,24724.45,30,18,39,88,2.1,2023-03-13,24,Brown,Piece,Active,964253.55,No
817,19,85,SKU100817,Culpa Iure,Puma,17435,26567.39,40,18,473,12,2.8,2022-12-08,24,Pink,Litre,Active,12566375.47,No
818,2,75,SKU100818,Officia Tenetur,Sony,18217,28209.43,50,18,321,18,2.8,2023-09-29,24,Green,Kg,Active,9055227.03,Yes
819,6,19,SKU100819,Ea Accusantium,Bajaj,43090,48467.19,5,18,670,14,1.7,2024-06-03,36,Brown,Pack,Active,32473017.3,Yes
820,2,92,SKU100820,Impedit Reiciendis,Nike,16971,18804.87,25,18,553,15,3.4,2023-03-14,6,Yellow,Kg,Active,10399093.11,Yes
821,8,27,SKU100821,Doloribus Similique,Puma,37479,48185.99,30,18,73,92,2.7,2025-01-01,6,Silver,Litre,Inactive,3517577.27,No
822,14,84,SKU100822,Nobis Quam,Levis,30946,48623.59,20,18,636,13,1.6,2024-05-05,12,Brown,Piece,Active,30924603.24,Yes
823,11,66,SKU100823,Commodi Natus,Cello,48730,65984.86,25,18,962,37,2.5,2022-05-14,12,Grey,Piece,Active,63477435.32,Yes
824,19,65,SKU100824,Ea Deserunt,Xiaomi,41408,56899.42,30,18,551,25,4.4,2025-08-13,6,Brown,Kg,Inactive,31351580.42,No
825,9,25,SKU100825,Iste Expedita,Xiaomi,19306,30031.15,25,18,248,56,1.9,2021-08-12,6,Red,Kg,Inactive,7447725.2,No
826,3,46,SKU100826,Facilis Molestiae,OnePlus,33237,37831.08,25,18,669,71,3.4,2023-07-23,36,Red,Litre,Active,25308992.52,Yes
827,14,87,SKU100827,Occaecati Fugiat,Xiaomi,43740,51135.13,20,18,814,46,2.4,2024-05-11,36,Grey,Litre,Active,41623995.82,No
828,7,24,SKU100828,Incidunt Reprehenderit,Canon,1116,1320.66,30,18,269,80,3.8,2026-06-05,6,Blue,Piece,Inactive,355257.54,Yes
829,6,10,SKU100829,Accusamus Facilis,HP,33844,51897.74,30,18,925,64,2.4,2024-08-12,12,Green,Piece,Inactive,48005409.5,No
830,19,78,SKU100830,Voluptate Ex,Bajaj,7162,11438.19,0,18,75,55,4.8,2022-01-31,36,Grey,Pack,Inactive,857864.25,Yes
831,6,93,SKU100831,Vel Cumque,Xiaomi,33482,38232.92,0,18,607,85,2.5,2025-07-06,36,Silver,Kg,Active,23207382.44,No
832,4,30,SKU100832,Inventore Dolore,Adidas,32428,41201.67,50,18,918,77,3.3,2025-01-01,36,Green,Pack,Inactive,37823133.06,No
833,6,19,SKU100833,Vitae Provident,Apple,48244,74353.27,15,18,440,76,2.1,2024-03-14,24,White,Pack,Inactive,32715438.8,Yes
834,4,37,SKU100834,Voluptas Cumque,Nike,31992,42212.11,10,18,295,43,5.0,2024-01-24,12,Green,Box,Active,12452572.45,Yes
835,18,66,SKU100835,Maxime Sint,Dell,1892,2647.28,0,18,982,79,3.2,2023-06-08,36,Black,Pack,Active,2599628.96,No
836,19,55,SKU100836,Est Deleniti,Canon,34237,39820.69,40,18,302,24,3.9,2025-08-15,6,Pink,Kg,Inactive,12025848.38,No
837,3,18,SKU100837,Dolor Odit,Nike,48048,68918.02,25,18,822,20,4.0,2024-09-24,6,Silver,Box,Inactive,56650612.44,No
838,15,81,SKU100838,Nesciunt Voluptates,Realme,44145,65710.84,25,18,913,14,2.7,2026-03-24,24,Red,Litre,Active,59993996.92,Yes
839,8,18,SKU100839,Optio Quidem,Xiaomi,24755,38025.1,15,18,689,35,2.1,2023-05-31,12,Pink,Pack,Active,26199293.9,Yes
840,3,67,SKU100840,Expedita Vero,Lenovo,309,407.0,40,18,571,88,1.8,2022-04-02,36,Green,Litre,Inactive,232397.0,Yes
841,12,62,SKU100841,Qui Occaecati,Realme,43153,68059.51,20,18,860,39,4.5,2026-01-17,36,Grey,Litre,Inactive,58531178.6,No
842,10,13,SKU100842,Voluptatibus Magni,Boat,7464,11804.01,20,18,429,67,2.3,2022-03-21,6,Blue,Kg,Inactive,5063920.29,Yes
843,12,90,SKU100843,Recusandae Culpa,Titan,46291,53884.06,40,18,860,72,3.4,2022-01-29,6,,Pack,Active,46340291.6,No
844,2,72,SKU100844,Quo Quae,Puma,17244,24788.16,30,18,400,66,2.7,2023-04-11,6,Green,Kg,Active,9915264.0,No
845,2,40,SKU100845,Rem Quidem,Canon,26957,32635.63,10,18,548,36,4.1,2022-10-30,24,Blue,Litre,Active,17884325.24,Yes
846,13,12,SKU100846,Doloremque Itaque,Cello,21942,34144.26,50,18,64,93,1.2,2025-12-24,12,Blue,Litre,Inactive,2185232.64,Yes
847,10,21,SKU100847,Numquam Cum,Levis,21825,28518.68,50,18,750,41,4.8,2023-04-21,6,Yellow,Piece,Inactive,21389010.0,No
848,2,21,SKU100848,Reprehenderit Porro,Adidas,19856,22082.3,15,18,34,44,4.0,2022-04-30,36,Grey,Box,Inactive,750798.2,Yes
849,3,10,SKU100849,Quaerat Occaecati,Realme,47424,68847.54,30,18,20,11,4.0,2022-01-10,12,White,Litre,Inactive,1376950.8,Yes
850,20,40,SKU100850,Odit Delectus,Puma,27962,37921.44,0,18,309,45,2.8,2025-12-02,36,Grey,Pack,Inactive,11717724.96,Yes
851,8,53,SKU100851,Nesciunt Odit,OnePlus,18355,24626.44,50,18,518,41,2.5,2026-05-09,36,Silver,Litre,Active,12756495.92,No
852,8,74,SKU100852,Aspernatur Ratione,Samsung,26140,38833.66,40,18,378,71,3.3,2025-06-27,24,Blue,Piece,Active,14679123.48,Yes
853,7,63,SKU100853,Veniam Inventore,Xiaomi,16481,18820.39,30,18,631,70,3.1,2021-09-27,12,Black,Kg,Inactive,11875666.09,No
854,10,95,SKU100854,Nam Facere,Puma,9970,11149.0,30,18,892,10,2.1,2021-07-31,36,Yellow,Kg,Inactive,9944908.0,Yes
855,11,60,SKU100855,Esse Repellendus,Cello,31753,43095.67,5,18,943,23,2.7,2022-03-05,12,Black,Box,Active,40639216.81,Yes
856,7,57,SKU100856,Aperiam Nisi,LG,2659,4102.18,40,18,174,90,4.2,2024-06-26,36,Grey,Piece,Inactive,713779.32,Yes
857,14,38,SKU100857,Voluptates At,Milton,17867,24321.28,25,18,577,93,1.7,2026-02-27,12,Brown,Pack,Inactive,14033378.56,No
858,15,27,SKU100858,Assumenda Atque,Puma,49039,71600.13,10,18,168,77,3.9,2025-07-27,24,Grey,Box,Active,12028821.84,No
859,3,1,SKU100859,Aliquid Illo,Adidas,46071,55001.27,5,18,550,68,2.3,2025-01-12,36,Brown,Box,Active,30250698.5,No
860,18,29,SKU100860,Ducimus Deleniti,Levis,41310,45732.84,15,18,281,46,4.3,2025-02-17,24,Silver,Litre,Inactive,12850928.04,No
861,18,70,SKU100861,Minima Modi,Prestige,43312,52030.45,10,18,105,37,2.1,2025-05-15,6,Blue,Litre,Inactive,5463197.25,No
862,19,99,SKU100862,Minus Minus,Xiaomi,39734,49215.28,40,18,214,31,1.0,2022-03-28,12,White,Litre,Active,10532069.92,Yes
863,6,61,SKU100863,Vero Ut,Samsung,21290,24247.05,0,18,140,75,4.2,2026-02-21,36,Silver,Pack,Active,3394587.0,Yes
864,18,51,SKU100864,Deleniti Ullam,Titan,25366,36859.9,25,18,319,76,2.3,2024-07-06,12,,Pack,Active,11758308.1,No
865,18,57,SKU100865,Cumque Dolorum,Asus,45654,68229.11,5,18,571,65,3.6,2026-02-15,24,Pink,Pack,Inactive,38958821.81,Yes
866,20,72,SKU100866,Mollitia Quia,Lenovo,25164,32388.66,0,18,200,66,2.4,2022-08-21,24,Silver,Piece,Inactive,6477732.0,No
867,17,2,SKU100867,Et A,Bajaj,17993,20093.94,20,18,657,71,2.6,2021-09-30,24,Green,Piece,Active,13201718.58,No
868,20,81,SKU100868,In Officiis,Canon,32232,38255.69,50,18,826,23,1.2,2026-03-09,12,Blue,Box,Active,31599199.94,No
869,4,8,SKU100869,Nisi Quibusdam,Canon,41877,60943.41,25,18,99,79,2.1,2024-10-12,6,Silver,Pack,Active,6033397.59,No
870,17,2,SKU100870,Eum Expedita,Milton,26522,34695.8,0,18,66,34,4.3,2025-06-22,24,White,Box,Inactive,2289922.8,Yes
871,9,78,SKU100871,Laborum Dolor,Lenovo,45235,61190.87,10,18,650,10,2.2,2023-11-25,6,Silver,Kg,Active,39774065.5,No
872,3,15,SKU100872,Eaque Culpa,Sony,12060,17665.19,10,18,325,85,3.5,2021-10-30,12,Black,Box,Inactive,5741186.75,No
873,3,93,SKU100873,Ut Nihil,Boat,20270,30783.12,15,18,765,26,2.2,2021-09-08,24,Blue,Pack,Active,23549086.8,No
874,14,29,SKU100874,Excepturi Enim,Lenovo,17978,27718.2,10,18,302,43,3.8,2022-02-16,36,Silver,Litre,Inactive,8370896.4,No
875,17,58,SKU100875,Consequuntur Saepe,Prestige,45125,68403.42,0,18,972,84,2.5,2021-11-03,12,Grey,Pack,Inactive,66488124.24,Yes
876,11,90,SKU100876,Occaecati Sapiente,Realme,36250,54916.17,20,18,92,75,4.1,2021-12-20,36,Green,Piece,Active,5052287.64,Yes
877,16,18,SKU100877,Exercitationem Aperiam,Canon,38557,48639.48,30,18,674,85,4.6,2024-12-22,6,Silver,Piece,Active,32783009.52,No
878,16,43,SKU100878,Nulla Eveniet,Puma,42559,66029.86,10,18,935,55,2.2,2026-02-22,12,Black,Kg,Inactive,61737919.1,No
879,13,61,SKU100879,Esse Aspernatur,Boat,16652,24340.0,25,18,494,96,2.6,2022-09-30,12,Yellow,Piece,Inactive,12023960.0,No
880,9,74,SKU100880,Provident Illum,Titan,38967,43420.05,50,18,170,48,4.5,2023-07-19,12,Brown,Box,Active,7381408.5,No
881,2,12,SKU100881,Repellat Ipsum,Adidas,9370,14061.98,40,18,405,31,2.8,2026-06-20,12,Blue,Pack,Inactive,5695101.9,Yes
882,6,31,SKU100882,Sapiente Veniam,Lenovo,28709,32874.2,15,18,157,97,3.2,2024-04-13,6,Pink,Box,Inactive,5161249.4,Yes
883,16,71,SKU100883,Ex Incidunt,Milton,25924,37573.98,40,18,684,58,4.3,2022-10-10,6,Grey,Box,Inactive,25700602.32,Yes
884,13,99,SKU100884,Ut Quasi,Puma,18659,28173.14,30,18,611,60,3.1,2023-06-08,6,Red,Litre,Active,17213788.54,Yes
885,12,47,SKU100885,Neque In,Puma,32963,49827.5,30,18,936,19,3.6,2023-11-23,12,Black,Box,Inactive,46638540.0,No
886,3,44,SKU100886,Assumenda Quos,Titan,42963,51123.3,10,18,291,49,2.5,2023-01-17,6,Green,Kg,Active,14876880.3,Yes
887,13,88,SKU100887,Sunt Veritatis,Realme,7075,9427.16,5,18,354,97,3.9,2025-03-10,36,Black,Box,Inactive,3337214.64,Yes
888,19,65,SKU100888,Quos Possimus,Titan,45077,59832.78,40,18,669,95,2.6,2021-12-14,24,Grey,Pack,Active,40028129.82,No
889,17,48,SKU100889,Laborum Temporibus,Asus,46763,59273.59,50,18,995,56,1.4,2024-10-18,36,Yellow,Kg,Active,58977222.05,Yes
890,1,44,SKU100890,Qui Ipsum,Cello,38776,47652.54,50,18,832,88,3.9,2025-02-04,6,Pink,Pack,Active,39646913.28,Yes
891,16,59,SKU100891,Nemo Distinctio,Levis,3381,5222.24,25,18,258,64,2.3,2024-02-08,6,Yellow,Pack,Active,1347337.92,No
892,12,54,SKU100892,Minus Ea,Samsung,29379,37085.59,0,18,610,24,2.4,2026-02-17,36,Red,Box,Active,22622209.9,Yes
893,5,94,SKU100893,Pariatur Excepturi,HP,41579,55995.48,20,18,353,68,3.8,2023-06-22,36,Black,Piece,Inactive,19766404.44,No
894,2,19,SKU100894,In Voluptatum,Bajaj,47535,67447.76,5,18,391,75,4.9,2022-10-13,24,Grey,Kg,Active,26372074.16,Yes
895,9,93,SKU100895,Officiis Aspernatur,Prestige,48772,75180.22,30,18,988,24,4.2,2026-05-04,24,Brown,Litre,Active,74278057.36,Yes
896,12,74,SKU100896,Neque Nesciunt,Asus,14203,21025.55,30,18,281,98,4.1,2026-04-18,6,Brown,Kg,Active,5908179.55,No
897,9,1,SKU100897,Quia Deleniti,Philips,13674,15169.38,30,18,672,26,2.1,2024-11-09,24,White,Box,Active,10193823.36,Yes
898,11,29,SKU100898,Exercitationem Facere,Sony,40167,49964.36,40,18,602,63,3.5,2023-04-14,36,Pink,Litre,Active,30078544.72,No
899,11,41,SKU100899,Iure Tenetur,Levis,29223,34363.01,40,18,215,78,3.8,2022-03-24,24,Grey,Piece,Active,7388047.15,No
900,18,45,SKU100900,Odio Maxime,Sony,13702,20196.82,50,18,378,48,2.2,2022-05-05,36,Black,Box,Active,7634397.96,No
901,19,56,SKU100901,Quidem Eaque,Philips,1634,2411.28,20,18,569,72,5.0,2021-12-29,12,Grey,Litre,Active,1372018.32,Yes
902,13,28,SKU100902,Fugiat Minus,Lenovo,7350,10182.49,10,18,885,30,4.1,2021-11-21,36,Yellow,Kg,Inactive,9011503.65,Yes
903,14,77,SKU100903,Aut Eaque,Nike,21032,31237.77,5,18,680,97,4.8,2026-07-21,24,Yellow,Litre,Inactive,21241683.6,Yes
904,13,64,SKU100904,Velit Ratione,Canon,18861,28538.0,40,18,160,32,2.6,2023-05-27,24,Pink,Box,Active,4566080.0,No
905,19,84,SKU100905,Perferendis Eos,Philips,27511,35905.9,0,18,633,38,1.6,2024-05-21,6,Brown,Litre,Inactive,22728434.7,Yes
906,11,79,SKU100906,Incidunt Accusantium,Boat,11009,15243.65,40,18,700,21,,2023-05-11,36,Yellow,Litre,Active,10670555.0,Yes
907,15,48,SKU100907,Eaque Cumque,Boat,11582,15474.53,15,18,330,26,2.2,2025-08-17,12,Brown,Kg,Inactive,5106594.9,Yes
908,20,57,SKU100908,Exercitationem Voluptatem,Boat,11691,18546.63,50,18,656,24,,2023-04-18,12,Red,Kg,Active,12166589.28,Yes
909,2,88,SKU100909,Nam Excepturi,Milton,26730,40991.29,40,18,882,59,1.3,2026-04-02,24,Yellow,Piece,Active,36154317.78,No
910,16,93,SKU100910,Iste Id,Apple,19299,29061.04,0,18,372,61,3.9,2024-10-16,36,Grey,Piece,Active,10810706.88,Yes
911,9,98,SKU100911,Omnis Quibusdam,Xiaomi,49486,74021.62,10,18,375,62,3.6,2024-08-11,12,Pink,Box,Inactive,27758107.5,Yes
912,11,83,SKU100912,Inventore Facilis,Cello,4954,6584.47,40,18,770,41,4.0,2024-08-12,36,Silver,Kg,Inactive,5070041.9,No
913,20,5,SKU100913,Quam Praesentium,HP,9800,13336.72,0,18,226,57,3.3,2025-07-08,24,Blue,Litre,Inactive,3014098.72,No
914,15,87,SKU100914,Consequuntur Optio,Adidas,10221,15043.95,10,18,150,87,2.2,2024-04-11,12,Black,Box,Inactive,2256592.5,Yes
915,19,2,SKU100915,Enim Maxime,Nike,23965,35002.55,50,18,415,71,3.5,2024-03-20,24,Blue,Litre,Inactive,14526058.25,No
916,13,63,SKU100916,Neque Aperiam,Prestige,11183,17170.28,40,18,179,71,4.6,2026-05-04,6,Silver,Box,Inactive,3073480.12,Yes
917,8,20,SKU100917,Est Dignissimos,Nike,39987,59540.93,5,18,665,35,2.4,2021-09-10,6,Yellow,Box,Active,39594718.45,No
918,2,52,SKU100918,Facilis Quod,Prestige,6577,10365.44,50,18,68,44,3.2,2026-07-10,6,Black,Kg,Active,704849.92,Yes
919,9,95,SKU100919,Repellendus Nesciunt,Dell,45300,71037.95,15,18,233,98,3.9,2024-01-25,24,Yellow,Pack,Active,16551842.35,Yes
920,3,17,SKU100920,Dolor Eius,Realme,19941,22541.96,15,18,249,84,4.0,2024-05-11,6,Yellow,Piece,Inactive,5612948.04,Yes
921,7,62,SKU100921,Eum Modi,LG,29060,33177.6,15,18,102,79,3.4,2026-05-27,24,Brown,Piece,Inactive,3384115.2,Yes
922,15,100,SKU100922,Exercitationem Praesentium,Prestige,12866,17941.24,40,18,0,42,4.0,2026-03-28,36,Blue,Pack,Inactive,0.0,No
923,10,34,SKU100923,Ullam Vitae,OnePlus,16419,20861.51,50,18,515,49,3.5,2024-06-04,12,Pink,Piece,Inactive,10743677.65,No
924,16,21,SKU100924,Facere Porro,Dell,4396,6507.04,20,18,96,66,2.4,2025-09-23,12,Red,Piece,Active,624675.84,Yes
925,10,65,SKU100925,Officia Dolores,Adidas,21072,31254.21,40,18,105,97,2.2,2024-07-20,12,Silver,Box,Active,3281692.05,No
926,6,21,SKU100926,Dolores Deserunt,Bajaj,43523,51294.74,50,18,485,93,3.4,2026-03-16,24,Red,Pack,Inactive,24877948.9,No
927,12,19,SKU100927,Porro Ea,Adidas,21970,32149.91,25,18,460,49,2.7,2026-03-02,36,Black,Kg,Active,14788958.6,No
928,12,83,SKU100928,Temporibus Assumenda,HP,30042,44568.04,0,18,838,100,1.8,2026-01-04,24,Green,Pack,Active,37348017.52,No
929,14,49,SKU100929,Aliquid Autem,Puma,36673,50608.23,15,18,816,37,3.5,2021-12-19,24,White,Piece,Active,41296315.68,Yes
930,11,93,SKU100930,Ab Neque,Asus,47368,66148.0,0,18,799,94,2.6,2022-09-22,36,Red,Pack,Inactive,52852252.0,Yes
931,4,8,SKU100931,Suscipit Eveniet,Prestige,22558,27927.33,25,18,448,46,1.4,2022-02-18,6,Silver,Kg,Active,12511443.84,Yes
932,19,39,SKU100932,Voluptatum Distinctio,Xiaomi,13206,18236.41,40,18,251,51,3.3,2021-08-19,24,Yellow,Litre,Inactive,4577338.91,Yes
933,5,99,SKU100933,Esse Quae,Sony,45926,66854.54,25,18,980,56,4.6,2025-06-07,12,Blue,Pack,Inactive,65517449.2,Yes
934,15,47,SKU100934,Minima Assumenda,Puma,13140,18906.28,20,18,261,87,4.0,2025-08-31,6,Grey,Kg,Inactive,4934539.08,No
935,2,68,SKU100935,Unde Placeat,Apple,33671,43325.73,30,18,32,74,4.5,2021-09-08,36,Green,Litre,Inactive,1386423.36,Yes
936,3,73,SKU100936,Ab Quibusdam,Sony,36688,54675.91,50,18,162,75,4.4,2026-03-31,36,Brown,Box,Active,8857497.42,No
937,9,60,SKU100937,Neque Accusantium,Canon,48526,57071.56,25,18,74,33,3.6,2021-09-11,36,Black,Kg,Inactive,4223295.44,Yes
938,20,50,SKU100938,Quia Harum,Samsung,659,799.11,30,18,154,43,4.4,2026-02-10,24,Yellow,Kg,Active,123062.94,No
939,19,20,SKU100939,Illo Ad,Lenovo,9817,11810.56,10,18,103,13,,2025-10-29,6,Blue,Litre,Inactive,1216487.68,Yes
940,11,41,SKU100940,Voluptatem Veniam,Boat,43233,52069.98,20,18,167,64,5.0,2025-03-20,12,Silver,Piece,Active,8695686.66,No
941,4,49,SKU100941,Dolorum Corrupti,Samsung,29194,44776.78,15,18,389,16,2.8,2022-05-17,12,Grey,Litre,Active,17418167.42,Yes
942,6,65,SKU100942,Qui Distinctio,Xiaomi,47582,64628.16,10,18,774,36,1.5,2023-08-09,24,Silver,Kg,Active,50022195.84,Yes
943,3,65,SKU100943,Earum Sit,Levis,31424,38577.43,5,18,967,68,1.1,2026-01-12,36,Grey,Piece,Inactive,37304374.81,No
944,10,9,SKU100944,Explicabo Libero,Philips,42829,53551.12,5,18,666,92,4.2,2023-10-30,6,Green,Pack,Active,35665045.92,Yes
945,8,23,SKU100945,Nam Beatae,Xiaomi,707,822.93,10,18,143,98,,2024-09-23,12,Green,Pack,Inactive,117678.99,Yes
946,14,23,SKU100946,Necessitatibus Officia,Dell,34086,53946.21,10,18,373,24,4.1,2026-05-12,12,Green,Kg,Inactive,20121936.33,No
947,20,42,SKU100947,Exercitationem Voluptatem,Samsung,1792,2268.3,40,18,35,28,4.7,2023-06-23,36,Brown,Litre,Active,79390.5,Yes
948,4,2,SKU100948,In Vitae,LEVIS,14694,16840.23,5,18,115,70,2.9,2022-03-29,36,Blue,Litre,Active,1936626.45,No
949,16,61,SKU100949,Ullam Totam,Nike,8501,10723.49,50,18,374,88,3.7,2021-10-28,36,Brown,Box,Active,4010585.26,Yes
950,17,17,SKU100950,Consectetur Necessitatibus,HP,14881,21273.95,5,18,734,61,2.1,2024-10-12,12,Red,Pack,Active,15615079.3,No
951,11,91,SKU100951,Minus Quod,Canon,43901,61259.12,50,18,591,44,4.0,2025-08-08,36,Silver,Box,Active,36204139.92,No
952,2,26,SKU100952,Aspernatur Tempore,Dell,1038,1215.99,0,18,855,40,1.6,2021-08-20,36,Pink,Pack,Active,1039671.45,No
953,15,28,SKU100953,Voluptates Dolores,Canon,40818,50263.38,40,18,120,45,3.6,2022-04-04,24,Silver,Box,Inactive,6031605.6,No
954,16,99,SKU100954,Praesentium Nostrum,OnePlus,30005,42955.88,25,18,781,76,2.1,2024-05-16,36,Black,Litre,Active,33548542.28,Yes
955,8,59,SKU100955,Recusandae Consequatur,LG,7982,10977.1,20,18,129,54,2.2,2026-01-17,6,Yellow,Box,Inactive,1416045.9,Yes
956,5,88,SKU100956,Animi Eum,Boat,1195,1433.21,25,18,538,86,4.1,2023-05-09,6,Yellow,Pack,Active,771066.98,Yes
957,12,21,SKU100957,Voluptate Reiciendis,LG,44690,52860.13,15,18,863,29,3.2,2025-08-07,36,Red,Pack,Active,45618292.19,No
958,10,50,SKU100958,Fugit Aperiam,Realme,27707,42859.19,40,18,329,27,3.9,2022-03-09,6,Green,Litre,Inactive,14100673.51,Yes
959,20,77,SKU100959,Vitae Hic,Sony,3981,5882.27,10,18,147,71,4.3,2026-03-05,12,Grey,Box,Inactive,864693.69,No
960,19,25,SKU100960,Recusandae Unde,Boat,23064,26183.77,20,18,143,61,1.5,2021-11-01,12,Red,Kg,Active,3744279.11,No
961,11,2,SKU100961,Dolorum Ipsam,Prestige,7786,10591.37,50,18,105,90,3.4,2021-09-08,36,Green,Piece,Inactive,1112093.85,Yes
962,3,97,SKU100962,Eos Repudiandae,Puma,17932,28238.31,0,18,390,42,1.5,2022-10-12,12,Pink,Pack,Active,11012940.9,Yes
963,3,94,SKU100963,Nam Autem,BAJAJ,39359,60319.34,15,18,890,95,3.0,2024-02-06,36,Grey,Piece,Active,53684212.6,No
964,9,33,SKU100964,Dolorem Recusandae,Prestige,33380,42206.17,20,18,365,20,1.1,2023-08-08,36,Red,Litre,Inactive,15405252.05,Yes
965,19,56,SKU100965,Reiciendis Molestias,Milton,17516,20178.13,40,18,574,87,,2026-02-25,36,Black,Litre,Active,11582246.62,Yes
966,19,13,SKU100966,Iure Molestiae,LG,15737,20148.87,30,18,834,60,3.9,2022-09-29,36,Pink,Litre,Active,16804157.58,No
967,14,86,SKU100967,Voluptas Beatae,Samsung,14258,19725.44,0,18,645,52,1.4,2025-10-24,6,Pink,Pack,Inactive,12722908.8,No
968,12,32,SKU100968,Laborum Asperiores,Nike,29329,43754.61,25,18,469,99,5.0,2022-05-21,12,Red,Litre,Inactive,20520912.09,No
969,12,100,SKU100969,Nostrum Eveniet,Dell,32857,50216.11,25,18,360,88,3.2,2022-03-15,12,Silver,Pack,Active,18077799.6,Yes
970,13,41,SKU100970,Laboriosam Sed,Bajaj,32684,46402.7,30,18,207,43,4.4,2024-12-05,24,,Pack,Active,9605358.9,Yes
971,11,3,SKU100971,Itaque Aliquam,LG,12538,17439.4,50,18,717,92,3.2,2023-11-18,12,Grey,Litre,Active,12504049.8,Yes
972,3,12,SKU100972,Odio Porro,Cello,39288,61185.11,30,18,872,43,1.6,2023-06-30,24,Grey,Box,Inactive,53353415.92,Yes
973,10,79,SKU100973,Magnam Quod,Xiaomi,5487,6924.14,15,18,453,15,2.0,2024-09-30,24,Black,Kg,Active,3136635.42,Yes
974,8,29,SKU100974,Non Ea,Canon,42560,64085.26,10,18,12,47,2.0,2026-07-16,36,Pink,Kg,Active,769023.12,No
975,6,67,SKU100975,Ut Modi,Xiaomi,26289,37162.85,30,18,764,43,3.8,2022-04-14,24,Grey,Pack,Inactive,28392417.4,Yes
976,11,70,SKU100976,Sit Impedit,Levis,5148,8128.93,10,18,329,99,2.0,2023-08-26,12,White,Litre,Inactive,2674417.97,No
977,4,78,SKU100977,Aut Blanditiis,Boat,47292,60258.11,50,18,840,38,2.9,2023-11-01,6,Pink,Litre,Inactive,50616812.4,No
978,19,56,SKU100978,Dolor Modi,Sony,11329,12587.17,40,18,572,93,1.2,2022-11-13,12,White,Pack,Active,7199861.24,No
979,19,33,SKU100979,Molestias Ipsum,Samsung,46867,65560.81,30,18,721,27,4.9,2024-08-15,36,Green,Litre,Inactive,47269344.01,No
980,8,73,SKU100980,Corrupti Consectetur,Realme,26782,31391.63,50,18,697,85,2.3,2021-08-07,6,Silver,Litre,Active,21879966.11,Yes
981,20,9,SKU100981,Inventore Numquam,Realme,27212,39870.75,15,18,254,86,4.1,2024-08-13,12,Black,Kg,Active,10127170.5,No
982,3,13,SKU100982,Fugit Corporis,Titan,37717,54707.16,30,18,824,62,2.5,2022-09-06,24,Blue,Piece,Inactive,45078699.84,No
983,6,91,SKU100983,Commodi Ea,Philips,16615,22427.61,10,18,266,61,1.8,2025-03-22,6,Silver,Kg,Active,5965744.26,No
984,1,78,SKU100984,Occaecati Quos,Apple,36611,41354.8,25,18,97,31,1.0,2026-04-10,6,Black,Pack,Inactive,4011415.6,No
985,1,73,SKU100985,Quam Nemo,Xiaomi,24665,37729.54,120,18,193,91,3.5,2022-06-07,12,Silver,Piece,Active,7281801.22,No
986,19,23,SKU100986,Alias Commodi,Canon,46392,70654.39,10,18,519,29,4.3,2024-07-25,6,Yellow,Piece,Inactive,36669628.41,No
987,4,45,SKU100987,Quod Consectetur,Milton,11923,16633.22,10,18,921,22,3.0,2024-04-24,24,Pink,Litre,Inactive,15319195.62,No
988,4,86,SKU100988,Molestiae Accusantium,OnePlus,4390,5571.66,25,18,144,40,4.8,2024-01-14,36,Black,Pack,Active,802319.04,No
989,19,13,SKU100989,Neque Molestias,Realme,6060,8676.44,25,18,933,77,3.3,2022-04-11,36,Yellow,Box,Inactive,8095118.52,No
990,5,58,SKU100990,Ratione Exercitationem,Lenovo,19299,30340.41,30,18,413,65,2.5,2026-06-03,36,White,Pack,Inactive,12530589.33,No
991,10,64,SKU100991,Quasi Dolores,Adidas,44930,65123.83,50,18,851,15,1.8,2024-10-16,12,Silver,Piece,Active,55420379.33,Yes
992,10,50,SKU100992,Dolores Deserunt,Lenovo,23153,36630.21,0,18,843,97,4.5,2023-11-04,12,Yellow,Pack,Active,30879267.03,Yes
993,4,59,SKU100993,Incidunt Fugiat,Dell,14620,21289.72,5,18,731,36,3.0,2025-10-01,6,Black,Kg,Active,15562785.32,Yes
994,10,1,SKU100994,Dignissimos At,Boat,43327,65285.94,25,18,181,59,4.3,2022-12-23,36,Black,Box,Active,11816755.14,Yes
995,20,86,SKU100995,Nostrum Harum,Nike,27811,40053.34,20,18,209,93,3.9,2025-02-19,6,Grey,Kg,Inactive,8371148.06,No
996,7,100,SKU100996,In Perspiciatis,Asus,16708,23392.28,30,18,42,99,4.1,2022-03-17,12,White,Piece,Active,982475.76,Yes
997,16,9,SKU100997,Magni Explicabo,Dell,35288,44593.07,20,18,978,97,3.9,2023-08-27,24,Yellow,Pack,Inactive,43612022.46,No
998,4,98,SKU100998,Sunt Possimus,LG,25980,39267.18,15,18,973,21,3.2,2023-03-21,12,Yellow,Piece,Inactive,38206966.14,No
999,4,15,SKU100999,Officia Corrupti,Boat,2592,3930.89,10,18,85,98,4.2,2022-09-15,24,Pink,Box,Inactive,334125.65,Yes
1000,17,99,SKU101000,Incidunt Ab,Lenovo,13890,20313.5,0,18,582,11,4.8,2024-12-02,24,Blue,Pack,Inactive,11822457.0,Yes
1001,2,51,SKU101001,Iusto Sit,Titan,10133,15943.37,50,18,65,38,1.7,2024-10-14,36,Black,Kg,Active,1036319.05,Yes
1002,20,68,SKU101002,Iure Nulla,Adidas,36593,43199.83,50,18,987,50,1.2,2024-05-26,36,Yellow,Litre,Active,42638232.21,Yes
1003,11,48,SKU101003,Non Totam,Apple,9503,14736.87,15,18,6,58,1.0,2022-09-17,36,Brown,Piece,Active,88421.22,Yes
1004,19,70,SKU101004,In Iste,Sony,1397,1989.93,40,18,959,83,3.6,2023-04-07,36,Pink,Box,Inactive,1908342.87,No
1005,12,82,SKU101005,Perferendis Ipsam,Canon,31500,49130.97,10,18,465,78,4.5,2023-01-24,24,Blue,Kg,Inactive,22845901.05,Yes
1006,12,95,SKU101006,Nam Ipsum,Samsung,28394,42668.38,10,18,43,68,2.6,2024-01-13,12,Grey,Box,Inactive,1834740.34,Yes
1007,13,54,SKU101007,Voluptate Tempora,Philips,30284,44418.29,40,18,975,59,2.9,2025-09-24,36,Blue,Litre,Active,43307832.75,Yes
1008,7,92,SKU101008,Repellat Exercitationem,Lenovo,37349,44717.99,25,18,921,69,3.2,2024-04-29,36,Silver,Pack,Active,41185268.79,No
1009,5,61,SKU101009,Minus Hic,LG,35674,50875.36,20,18,926,89,2.6,2024-11-23,24,Yellow,Box,Inactive,47110583.36,No
1010,6,57,SKU101010,Maiores Cum,Samsung,45579,54841.87,10,18,279,97,3.3,2026-05-08,36,Brown,Box,Active,15300881.73,No
1011,11,60,SKU101011,Eligendi Rerum,Boat,48496,56511.3,40,18,323,88,4.7,2026-03-13,6,White,Piece,Active,18253149.9,Yes
1012,1,7,SKU101012,Ducimus Vero,Puma,5994,7532.34,25,18,207,29,4.8,2026-03-27,6,Silver,Litre,Inactive,1559194.38,No
1013,16,44,SKU101013,Alias Officiis,Cello,11583,14419.34,5,18,821,81,1.6,2023-05-04,12,Grey,Piece,Inactive,11838278.14,Yes
1014,18,71,SKU101014,Nulla Illum,Prestige,30873,44763.73,20,18,706,41,4.9,2022-02-21,12,Pink,Piece,Active,31603193.38,Yes
1015,13,61,SKU101015,Nemo Veniam,Titan,31352,37159.3,0,18,600,98,5.0,2025-10-20,36,Brown,Litre,Active,22295580.0,No
1016,1,63,SKU101016,Deserunt Tempora,Milton,37244,47371.18,25,18,87,57,1.3,2024-02-17,24,Grey,Box,Active,4121292.66,Yes
1017,11,38,SKU101017,Excepturi Explicabo,Cello,5544,7081.66,40,18,16,89,4.6,2022-11-12,12,Silver,Pack,Active,113306.56,No
1018,17,4,SKU101018,Nisi Minus,Asus,20977,32575.36,0,18,664,40,3.8,2022-03-08,36,,Piece,Inactive,21630039.04,No
1019,3,43,SKU101019,Occaecati Sapiente,OnePlus,2156,2512.44,0,18,752,83,1.1,2025-08-18,36,Grey,Kg,Active,1889354.88,No
1020,13,43,SKU101020,Reprehenderit Natus,Levis,33692,51441.39,30,18,416,100,2.4,2026-02-06,24,Yellow,Box,Inactive,21399618.24,No
1021,9,11,SKU101021,Quae Voluptate,Canon,44127,50410.58,25,18,882,75,4.6,2025-02-10,12,White,Box,Active,44462131.56,Yes
1022,12,9,SKU101022,Quisquam Amet,HP,37580,56397.38,5,18,884,19,1.0,2024-08-12,24,Brown,Piece,Active,49855283.92,No
1023,11,86,SKU101023,Voluptates Quidem,LG,40245,46724.01,10,18,204,20,1.7,2022-04-12,6,Black,Kg,Active,9531698.04,Yes
1024,2,92,SKU101024,Corrupti Expedita,Sony,25455,32078.45,50,18,197,70,4.3,2024-07-28,36,Brown,Box,Inactive,6319454.65,No
1025,19,8,SKU101025,Doloremque Tenetur,CANON,12219,16541.99,5,18,180,35,2.1,2021-12-06,12,White,Piece,Active,2977558.2,Yes
1026,11,97,SKU101026,Recusandae Tenetur,Boat,10744,13938.56,20,18,615,62,3.0,2024-12-14,36,Green,Pack,Active,8572214.4,Yes
1027,9,37,SKU101027,Iure Non,Dell,4337,4904.32,40,18,352,17,3.5,2022-06-16,6,Pink,Piece,Active,1726320.64,No
1028,19,99,SKU101028,Accusamus Consequuntur,Levis,45849,66047.34,5,18,582,43,3.9,2023-10-03,24,Pink,Pack,Inactive,38439551.88,No
1029,16,41,SKU101029,Est Quaerat,OnePlus,48922,58468.76,10,18,43,98,2.4,2025-12-19,36,Silver,Kg,Inactive,2514156.68,No
1030,15,20,SKU101030,Quos Repellendus,HP,48456,71485.98,30,18,972,13,4.5,2026-06-13,36,Blue,Kg,Inactive,69484372.56,Yes
1031,14,85,SKU101031,Est Occaecati,Dell,9998,13961.89,10,18,222,22,1.1,2024-09-26,24,Silver,Box,Active,3099539.58,No
1032,13,21,SKU101032,Mollitia Officiis,Adidas,36100,44721.94,15,18,498,87,3.9,2025-10-23,12,Pink,Piece,Inactive,22271526.12,Yes
1033,3,42,SKU101033,Distinctio Laborum,Cello,31341,43999.91,10,18,240,76,4.8,2021-10-06,36,Pink,Piece,Inactive,10559978.4,Yes
1034,11,81,SKU101034,Perspiciatis Corporis,Adidas,44930,63317.16,5,18,613,26,3.1,2024-01-25,24,Blue,Pack,Inactive,38813419.08,Yes
1035,1,58,SKU101035,Nesciunt Blanditiis,Levis,27428,33545.95,25,18,704,39,4.6,2022-07-17,36,Green,Litre,Inactive,23616348.8,No
1036,7,17,SKU101036,Dicta Laudantium,Puma,41563,57612.03,15,18,725,85,3.4,2024-03-17,12,Pink,Litre,Inactive,41768721.75,Yes
1037,11,66,SKU101037,Laboriosam Odit,LG,25275,37283.06,25,18,83,77,3.0,2023-04-25,24,White,Kg,Inactive,3094493.98,Yes
1038,9,92,SKU101038,Quasi Perspiciatis,HP,23940,36481.84,0,18,485,41,1.9,2024-07-08,24,Brown,Kg,Active,17693692.4,No
1039,11,63,SKU101039,Pariatur Consequatur,Puma,39734,61254.2,15,18,843,92,1.8,2025-04-13,6,Green,Piece,Active,51637290.6,No
1040,8,49,SKU101040,Voluptatem Odio,Philips,46017,69453.15,0,18,305,43,1.8,2024-04-07,6,Grey,Piece,Inactive,21183210.75,No
1041,5,58,SKU101041,Atque In,Prestige,25136,34628.16,40,18,776,50,1.4,2021-12-07,24,Red,Litre,Inactive,26871452.16,No
1042,6,76,SKU101042,Voluptatum Cum,HP,21255,33541.51,5,18,53,51,3.2,2021-09-30,24,Grey,Litre,Active,1777700.03,No
1043,11,51,SKU101043,Laboriosam Tenetur,Dell,21504,30246.26,0,18,659,46,2.3,2022-06-26,6,Yellow,Piece,Active,19932285.34,No
1044,3,9,SKU101044,Veritatis Doloremque,HP,10033,11549.25,10,18,962,40,1.4,2023-08-18,24,Silver,Piece,Inactive,11110378.5,No
1045,3,64,SKU101045,Quas Doloribus,Titan,35824,40519.64,30,18,657,60,3.8,2026-04-01,6,Red,Kg,Active,26621403.48,Yes
1046,9,30,SKU101046,Dolore Iure,Boat,3803,5409.31,50,18,24,16,3.6,2026-04-26,36,Black,Piece,Active,129823.44,Yes
1047,5,18,SKU101047,Nobis Officiis,Realme,21036,26536.39,30,18,19,75,4.1,2023-07-12,36,Yellow,Piece,Active,504191.41,Yes
1048,19,5,SKU101048,Necessitatibus Suscipit,LENOVO,15140,21065.34,0,18,357,99,1.3,2023-02-15,12,Grey,Box,Active,7520326.38,Yes
1049,20,37,SKU101049,Ea Tempore,Nike,36555,47051.78,30,18,163,35,4.0,2025-03-25,12,Silver,Pack,Inactive,7669440.14,Yes
1050,10,58,SKU101050,Nam Aliquam,Samsung,29299,41067.94,50,18,788,61,1.8,2023-03-27,36,White,Box,Active,32361536.72,No
1051,7,76,SKU101051,Odio Rerum,Adidas,23754,31637.71,15,18,580,42,1.9,2025-03-17,6,Red,Box,Inactive,18349871.8,Yes
1052,16,93,SKU101052,Molestias Ab,Titan,47283,59750.55,30,18,616,31,4.7,2023-05-20,24,Red,Piece,Active,36806338.8,Yes
1053,1,80,SKU101053,Enim Hic,Apple,834,1312.21,0,18,310,66,2.5,2022-02-01,12,White,Piece,Inactive,406785.1,Yes
1054,7,55,SKU101054,Repellat Corporis,Levis,5087,6307.83,120,18,304,14,4.6,2026-02-14,24,Pink,Box,Active,1917580.32,Yes
1055,16,23,SKU101055,Ea Maiores,Samsung,7478,8547.71,15,18,466,84,3.8,2024-04-29,6,Brown,Kg,Active,3983232.86,Yes
1056,7,9,SKU101056,Eius Officia,Titan,44534,57391.52,0,18,509,65,4.3,2022-07-11,6,Brown,Piece,Active,29212283.68,No
1057,10,93,SKU101057,Fuga Velit,Asus,13384,20088.99,0,18,687,44,4.9,2025-09-19,36,Black,Piece,Inactive,13801136.13,No
1058,8,92,SKU101058,Quia Tempore,Apple,18877,24200.64,25,18,467,70,3.2,2024-03-21,24,Yellow,Litre,Active,11301698.88,No
1059,12,53,SKU101059,Saepe Molestias,Dell,38124,49595.11,40,18,355,47,1.6,2024-11-22,36,Yellow,Kg,Inactive,17606264.05,No
1060,3,78,SKU101060,Repudiandae Cum,Nike,9120,11549.59,25,18,660,69,2.8,2024-07-06,12,Black,Pack,Active,7622729.4,No
1061,18,81,SKU101061,Libero Officia,Dell,37697,44096.47,15,18,844,98,2.6,2023-01-09,6,Yellow,Litre,Active,37217420.68,Yes
1062,19,1,SKU101062,Veniam Voluptatibus,Nike,36174,51812.69,10,18,757,39,3.7,2024-02-01,36,White,Pack,Inactive,39222206.33,No
1063,17,85,SKU101063,Sint Rerum,Titan,14457,20073.68,30,18,704,23,1.9,2022-04-11,12,Red,Piece,Active,14131870.72,No
1064,5,10,SKU101064,Veniam Deleniti,Cello,20190,24650.31,30,18,310,36,3.2,2024-03-21,12,Black,Piece,Active,7641596.1,No
1065,4,27,SKU101065,Cumque Excepturi,Dell,44696,50759.82,20,18,463,25,2.7,2024-02-25,36,Black,Litre,Inactive,23501796.66,No
1066,13,48,SKU101066,Cum Ducimus,Lenovo,20008,26295.75,40,18,650,88,3.4,2024-09-23,6,Pink,Pack,Inactive,17092237.5,Yes
1067,9,90,SKU101067,Voluptate Dicta,Asus,25249,37279.11,5,18,432,98,3.3,2025-11-25,36,Black,Kg,Active,16104575.52,No
1068,3,61,SKU101068,Molestias Nihil,Nike,35734,40952.04,15,18,741,90,4.7,2022-09-23,24,Red,Litre,Inactive,30345461.64,Yes
1069,11,40,SKU101069,Repellat Molestiae,OnePlus,46239,70621.8,15,18,628,62,1.4,2025-02-25,6,Yellow,Kg,Active,44350490.4,Yes
1070,15,36,SKU101070,Ea Placeat,Cello,37131,48050.82,50,18,669,16,2.0,2026-02-15,36,Blue,Kg,Inactive,32145998.58,Yes
1071,2,38,SKU101071,Voluptate Tenetur,Bajaj,-500,28656.33,10,18,991,19,1.8,2023-01-11,6,Grey,Box,Inactive,28398423.03,Yes
1072,10,24,SKU101072,Quos Doloremque,Boat,22386,34312.88,40,18,234,66,4.2,2025-09-20,6,White,Box,Active,8029213.92,Yes
1073,20,73,SKU101073,Illo Deserunt,Samsung,28811,38839.33,30,18,21,100,3.1,2023-02-23,6,Grey,Kg,Active,815625.93,No
1074,14,72,SKU101074,Ipsam Odio,Cello,27772,31478.71,5,18,269,95,2.4,2022-01-04,12,Blue,Piece,Active,8467772.99,Yes
1075,3,74,SKU101075,Magnam Accusamus,Dell,43657,52312.37,50,18,382,81,2.1,2025-09-04,12,Brown,Kg,Active,19983325.34,Yes
1076,8,26,SKU101076,Deleniti Earum,HP,19783,23078.99,30,18,11,57,1.2,2024-10-26,6,Yellow,Pack,Active,253868.89,No
1077,5,41,SKU101077,Ratione Quae,Boat,31582,47392.35,15,18,679,70,2.9,2025-10-06,12,Grey,Litre,Active,32179405.65,Yes
1078,5,66,SKU101078,Nemo Vitae,HP,49941,56632.94,50,18,74,82,1.7,2025-09-26,36,Silver,Box,Inactive,4190837.56,No
1079,2,97,SKU101079,Nesciunt Voluptatum,Philips,2912,4470.89,30,18,28,34,,2025-04-30,36,Pink,Litre,Active,125184.92,Yes
1080,16,79,SKU101080,Porro Doloremque,Realme,26742,38054.41,10,18,247,86,3.1,2022-04-04,6,Grey,Litre,Active,9399439.27,No
1081,3,72,SKU101081,Recusandae Aliquam,Sony,46268,71522.24,10,18,791,92,,2023-06-07,24,Pink,Pack,Inactive,56574091.84,No
1082,10,61,SKU101082,Illum Aliquid,Realme,32067,41464.14,50,18,945,97,3.4,2023-11-22,12,Pink,Pack,Active,39183612.3,No
1083,11,69,SKU101083,Et Quidem,Realme,40494,57326.66,20,18,644,44,4.7,2024-01-04,12,Silver,Pack,Active,36918369.04,Yes
1084,12,40,SKU101084,Dolores Officia,Lenovo,22054,29967.77,30,18,285,43,,2026-05-14,12,Brown,Box,Inactive,8540814.45,Yes
1085,12,92,SKU101085,Possimus Quo,OnePlus,36335,45802.86,40,18,595,76,1.7,2025-11-25,24,Red,Box,Inactive,27252701.7,Yes
1086,16,48,SKU101086,Culpa Rem,Boat,25765,34581.05,20,18,954,82,2.8,2022-07-11,24,Brown,Piece,Inactive,32990321.7,Yes
1087,13,71,SKU101087,Fugiat Quisquam,Titan,314,355.85,20,18,950,73,2.8,2024-09-03,24,Yellow,Litre,Inactive,338057.5,Yes
1088,9,7,SKU101088,Quis Animi,Philips,41263,65643.17,5,18,487,65,2.5,2025-04-23,12,White,Pack,Active,31968223.79,Yes
1089,3,36,SKU101089,Quisquam Esse,LG,36045,49295.55,10,18,802,22,4.7,2025-03-03,12,Black,Litre,Active,39535031.1,Yes
1090,4,44,SKU101090,Corporis Ullam,Bajaj,47257,58531.9,30,18,246,39,1.9,2023-08-30,24,Yellow,Pack,Active,14398847.4,Yes
1091,1,71,SKU101091,In Aliquid,Xiaomi,20856,30891.4,10,18,825,59,1.8,2025-05-19,12,White,Litre,Inactive,25485405.0,No
1092,4,13,SKU101092,Fuga Laudantium,Boat,26733,32359.94,40,18,624,31,4.6,2022-04-18,24,White,Piece,Active,20192602.56,No
1093,14,75,SKU101093,Nulla Cumque,Bajaj,25442,33661.87,15,18,102,20,2.6,2023-07-28,12,Grey,Litre,Inactive,3433510.74,Yes
1094,18,98,SKU101094,Eos Repudiandae,Nike,13543,20868.45,40,18,447,77,2.4,2024-07-15,36,Pink,Litre,Active,9328197.15,No
1095,5,91,SKU101095,Voluptatum Similique,Sony,39484,59955.26,30,18,172,61,1.8,2025-03-13,36,Green,Box,Inactive,10312304.72,Yes
1096,13,77,SKU101096,Doloremque Sint,Asus,1690,2439.09,15,18,660,99,1.3,2022-09-27,6,,Litre,Inactive,1609799.4,No
1097,13,3,SKU101097,Enim Enim,Asus,28692,41950.26,30,18,91,65,2.0,2022-01-22,24,Green,Kg,Active,3817473.66,Yes
1098,8,75,SKU101098,Reiciendis Laudantium,Prestige,33993,47574.99,15,18,866,14,4.9,2026-01-30,12,White,Box,Active,41199941.34,Yes
1099,9,11,SKU101099,Hic Saepe,Realme,16821,22313.9,20,18,145,65,2.1,2026-02-19,12,Grey,Pack,Active,3235515.5,Yes
1100,8,12,SKU101100,Dolores Iste,Bajaj,3517,4875.63,10,18,295,80,2.9,2024-01-17,12,Red,Piece,Active,1438310.85,Yes
1101,3,99,SKU101101,Illum Rem,LG,17732,26751.29,10,18,546,25,4.1,2023-10-30,24,Blue,Box,Active,14606204.34,Yes
1102,1,42,SKU101102,Quam Veritatis,Dell,17947,24347.31,0,18,512,74,4.6,2022-05-13,12,Black,Kg,Active,12465822.72,Yes
1103,8,78,SKU101103,Deleniti Neque,Levis,37708,56244.45,40,18,251,68,1.7,2022-01-22,12,Blue,Litre,Active,14117356.95,Yes
1104,13,18,SKU101104,Harum Ullam,Samsung,18922,25173.57,40,18,693,60,3.2,2022-08-20,36,Yellow,Pack,Inactive,17445284.01,No
1105,17,53,SKU101105,Voluptates Delectus,Dell,33074,50568.94,10,18,824,14,1.8,2023-09-05,24,Green,Piece,Inactive,41668806.56,No
1106,13,39,SKU101106,Dignissimos Iste,Levis,1664,2092.1,15,18,768,12,1.9,2023-08-30,12,Pink,Litre,Active,1606732.8,No
1107,13,32,SKU101107,Veritatis Mollitia,HP,1173,1818.45,40,18,258,72,2.6,2025-09-19,24,Red,Kg,Active,469160.1,No
1108,2,32,SKU101108,Dicta Repellat,HP,42044,65646.38,20,18,383,16,2.4,2023-11-03,36,White,Litre,Inactive,25142563.54,No
1109,17,71,SKU101109,Sunt Nesciunt,Asus,2755,4317.05,40,18,69,55,2.3,2024-09-29,12,Black,Piece,Active,297876.45,No
1110,2,4,SKU101110,Odio Autem,Realme,14432,20426.15,25,18,24,67,2.6,2022-05-07,36,Silver,Litre,Inactive,490227.6,No
1111,12,7,SKU101111,Necessitatibus Quam,Realme,38479,44699.09,40,18,776,72,2.7,2023-12-03,6,Blue,Kg,Inactive,34686493.84,No
1112,9,19,SKU101112,Voluptate Maxime,HP,12966,14866.75,30,18,282,60,1.9,2025-06-03,6,Blue,Box,Inactive,4192423.5,Yes
1113,14,20,SKU101113,Placeat Itaque,Philips,35951,49759.54,15,18,0,18,1.7,2026-07-04,36,White,Box,Inactive,0.0,Yes
1114,16,15,SKU101114,A Consectetur,Sony,43970,58471.44,25,18,631,57,4.4,2025-06-15,24,Brown,Litre,Inactive,36895478.64,No
1115,17,20,SKU101115,Tempora Vel,Milton,44792,67979.89,50,18,698,45,4.2,2024-08-07,12,Red,Piece,Inactive,47449963.22,No
1116,9,43,SKU101116,At Quibusdam,Realme,19798,26716.16,30,18,52,85,2.2,2024-12-08,6,Blue,Litre,Active,1389240.32,Yes
1117,8,60,SKU101117,Esse Nobis,HP,6561,9504.86,50,18,371,62,4.0,2023-05-11,24,Green,Piece,Active,3526303.06,Yes
1118,20,62,SKU101118,Possimus Fugiat,Milton,4446,6613.35,0,18,446,61,4.3,2024-04-20,36,Black,Pack,Inactive,2949554.1,Yes
1119,10,31,SKU101119,Id Labore,Asus,32334,50567.72,30,18,602,37,,2026-03-18,24,Red,Litre,Active,30441767.44,No
1120,6,77,SKU101120,Repellat Delectus,Puma,38992,50238.22,5,18,103,20,1.3,2026-05-15,12,Yellow,Kg,Inactive,5174536.66,Yes
1121,5,7,SKU101121,Placeat Laboriosam,Samsung,30981,36829.8,10,18,298,56,3.7,2021-12-19,24,Brown,Piece,Active,10975280.4,Yes
1122,10,43,SKU101122,Aperiam Consequuntur,LG,2652,4238.31,5,18,40,88,1.0,2025-06-18,12,Grey,Kg,Active,169532.4,No
1123,19,38,SKU101123,Ad Cupiditate,Bajaj,34577,39274.0,20,18,141,18,2.8,2022-11-24,12,Yellow,Piece,Inactive,5537634.0,Yes
1124,10,5,SKU101124,Nulla Odit,Titan,22294,31936.25,40,18,829,67,2.4,2021-07-24,24,Grey,Kg,Active,26475151.25,No
1125,11,27,SKU101125,Nobis Eligendi,Boat,30330,35618.35,10,18,37,20,1.2,2022-09-04,12,White,Kg,Active,1317878.95,Yes
1126,3,37,SKU101126,Totam Incidunt,Puma,45170,56913.08,15,18,735,71,2.7,2022-11-27,24,Red,Kg,Active,41831113.8,No
1127,6,51,SKU101127,Harum Consectetur,Lenovo,22715,25736.72,0,18,861,42,2.6,2024-08-14,36,Grey,Pack,Inactive,22159315.92,Yes
1128,11,96,SKU101128,Explicabo Blanditiis,Cello,27779,39701.81,10,18,7,31,4.8,2024-09-19,36,Silver,Box,Active,277912.67,Yes
1129,8,66,SKU101129,Vel Totam,Bajaj,32563,51401.71,15,18,738,33,2.7,2022-12-18,24,Silver,Litre,Inactive,37934461.98,No
1130,1,14,SKU101130,Asperiores Nam,Asus,32938,39553.82,10,18,340,97,3.6,2024-02-26,24,Yellow,Kg,Active,13448298.8,No
1131,2,59,SKU101131,Voluptates Eveniet,Xiaomi,35956,44768.69,40,18,45,46,2.3,2025-03-16,6,Pink,Kg,Inactive,2014591.05,Yes
1132,11,76,SKU101132,Ullam Consectetur,Boat,29543,36407.32,0,18,836,39,3.7,2022-05-13,36,Green,Piece,Active,30436519.52,Yes
1133,8,58,SKU101133,A Error,Boat,26116,28756.99,0,18,981,19,4.2,2025-08-11,36,Black,Litre,Inactive,28210607.19,Yes
1134,16,75,SKU101134,Autem Delectus,Lenovo,35102,50218.48,20,18,798,24,4.4,2023-06-24,36,Yellow,Pack,Active,40074347.04,Yes
1135,1,88,SKU101135,Quas Vero,Philips,5321,6727.81,15,18,969,71,1.1,2025-05-04,24,Blue,Pack,Inactive,6519247.89,No
1136,6,55,SKU101136,Accusamus Accusamus,Lenovo,47886,56599.03,5,18,783,46,2.2,2024-06-23,6,White,Box,Active,44317040.49,Yes
1137,8,9,SKU101137,Cumque Nisi,Nike,-500,13682.43,40,18,345,25,3.0,2022-09-05,36,Yellow,Piece,Inactive,4720438.35,No
1138,3,46,SKU101138,Perferendis Aut,Sony,23249,27624.44,15,18,558,42,3.9,2023-07-03,6,White,Box,Active,15414437.52,No
1139,6,67,SKU101139,Molestiae Commodi,Cello,35149,42076.35,25,18,30,53,4.4,2022-06-05,36,White,Litre,Inactive,1262290.5,Yes
1140,6,25,SKU101140,Corporis Ipsam,Bajaj,41878,56188.2,5,18,999,39,4.3,2024-09-05,36,Yellow,Kg,Inactive,56132011.8,No
1141,12,26,SKU101141,In Deserunt,Apple,2484,3294.91,0,18,584,55,1.1,2024-10-23,24,Silver,Kg,Active,1924227.44,No
1142,15,11,SKU101142,Deleniti Temporibus,HP,6389,8927.5,50,18,784,24,3.4,2022-10-08,24,White,Litre,Active,6999160.0,No
1143,8,40,SKU101143,Atque Quia,OnePlus,27994,34900.84,5,18,56,48,3.7,2026-05-07,24,Grey,Box,Inactive,1954447.04,No
1144,14,10,SKU101144,Accusamus Similique,Realme,23941,27234.22,20,18,756,48,2.6,2022-12-13,24,Silver,Box,Active,20589070.32,Yes
1145,17,78,SKU101145,Nulla Laudantium,Bajaj,6661,8534.51,5,18,998,43,4.1,2023-05-14,6,Blue,Litre,Active,8517440.98,Yes
1146,8,7,SKU101146,Sunt Distinctio,Nike,20513,31194.81,50,18,772,79,4.7,2025-01-21,24,Yellow,Pack,Active,24082393.32,No
1147,2,40,SKU101147,Sint Vitae,Philips,6192,8848.05,20,18,758,16,1.5,2025-04-26,6,White,Kg,Active,6706821.9,No
1148,12,52,SKU101148,Esse Commodi,OnePlus,7105,8754.36,50,18,916,41,1.3,2022-05-30,6,Black,Kg,Active,8018993.76,Yes
1149,6,95,SKU101149,Deserunt Cupiditate,Milton,33502,40848.76,30,18,5,97,3.1,2024-10-27,12,Pink,Litre,Active,204243.8,Yes
1150,14,28,SKU101150,Laudantium Nobis,Bajaj,43804,56692.04,50,18,299,54,1.5,2024-03-25,36,Brown,Pack,Inactive,16950919.96,Yes
1151,20,16,SKU101151,Deserunt Expedita,Cello,27639,33926.86,40,18,1,24,2.6,2023-11-29,24,Blue,Litre,Active,33926.86,Yes
1152,8,17,SKU101152,Tenetur Blanditiis,Cello,2734,3322.98,15,18,762,15,3.9,2023-09-01,12,Red,Pack,Active,2532110.76,Yes
1153,7,92,SKU101153,Quod Sapiente,LG,45727,50614.3,5,18,349,36,2.8,2023-12-24,6,Silver,Pack,Inactive,17664390.7,No
1154,17,88,SKU101154,Voluptas Alias,Nike,29159,41742.85,10,18,211,59,2.4,2024-02-14,12,Pink,Kg,Inactive,8807741.35,No
1155,2,33,SKU101155,Enim Quas,Samsung,28496,37950.72,0,18,800,17,4.0,2025-11-21,12,Grey,Piece,Inactive,30360576.0,Yes
1156,10,36,SKU101156,Eaque Mollitia,Dell,28028,41608.32,40,18,804,77,1.3,2024-01-26,24,Red,Kg,Active,33453089.28,No
1157,16,50,SKU101157,Tenetur Asperiores,Nike,10615,14225.96,40,18,926,27,1.1,2023-08-04,36,Grey,Box,Active,13173238.96,Yes
1158,9,93,SKU101158,Possimus Molestiae,Levis,34311,42113.51,5,18,278,94,3.1,2022-07-07,36,Black,Piece,Active,11707555.78,Yes
1159,10,33,SKU101159,Excepturi Praesentium,Boat,49759,78561.47,50,18,876,88,3.3,2022-02-27,12,Pink,Litre,Active,68819847.72,Yes
1160,1,42,SKU101160,Quia Accusantium,Cello,36398,47676.4,25,18,1,71,1.8,2024-08-16,24,Grey,Pack,Inactive,47676.4,Yes
1161,13,86,SKU101161,Ipsum Delectus,Bajaj,37141,51329.27,5,18,389,70,3.5,2024-11-04,24,Black,Pack,Inactive,19967086.03,No
1162,8,69,SKU101162,Reiciendis Nihil,Puma,32419,39349.82,50,18,16,98,1.3,2024-08-30,12,Red,Kg,Active,629597.12,Yes
1163,15,53,SKU101163,Quisquam Vero,OnePlus,48505,55116.33,50,18,451,27,1.9,2023-01-09,24,White,Piece,Inactive,24857464.83,Yes
1164,19,53,SKU101164,Optio Aut,LG,18477,26265.23,40,18,914,36,1.4,2021-09-11,6,White,Pack,Active,24006420.22,Yes
1165,16,89,SKU101165,Repudiandae Atque,Nike,35559,42084.75,0,18,948,72,4.3,2021-09-02,36,Silver,Piece,Active,39896343.0,Yes
1166,19,36,SKU101166,Fuga Esse,Samsung,28090,40679.64,25,18,771,67,3.2,2021-11-22,6,Brown,Piece,Inactive,31364002.44,Yes
1167,6,21,SKU101167,Assumenda Nam,Boat,48431,54368.74,120,18,200,36,1.8,2025-11-11,6,Pink,Box,Active,10873748.0,Yes
1168,4,93,SKU101168,Illo Sunt,Lenovo,24128,34106.5,20,18,854,97,2.7,2025-10-25,12,Pink,Kg,Active,29126951.0,Yes
1169,12,5,SKU101169, Nesciunt Nisi ,OnePlus,11575,16693.69,30,18,111,20,4.1,2024-12-22,12,Grey,Piece,Inactive,1852999.59,Yes
1170,6,35,SKU101170,Blanditiis Tempore,Cello,34195,49817.37,50,18,972,85,4.6,2026-02-13,24,Pink,Box,Active,48422483.64,No
1171,14,23,SKU101171,Quidem Sint,Bajaj,29268,36280.25,20,18,620,37,4.7,2022-11-08,6,Red,Kg,Inactive,22493755.0,No
1172,18,60,SKU101172,Hic Blanditiis,Sony,38202,44225.45,10,18,922,16,1.9,2024-03-10,6,Yellow,Kg,Inactive,40775864.9,Yes
1173,2,67,SKU101173,Beatae Quaerat,Dell,35425,54480.09,10,18,246,16,3.0,2023-04-14,6,Red,Litre,Active,13402102.14,No
1174,17,69,SKU101174,Dolor Quidem,Sony,17116,21062.44,50,18,139,32,1.2,2024-05-02,12,Blue,Box,Active,2927679.16,Yes
1175,20,57,SKU101175,Mollitia Repudiandae,Sony,27764,40548.21,50,18,82,51,2.8,2022-02-12,24,Black,Piece,Active,3324953.22,Yes
1176,1,93,SKU101176,Ipsa Voluptatem,Samsung,5581,7039.03,5,18,84,98,1.8,2025-04-11,6,Pink,Litre,Inactive,591278.52,Yes
1177,20,4,SKU101177,Excepturi Aspernatur,HP,23256,29219.35,5,18,813,74,3.6,2023-08-20,24,Blue,Piece,Active,23755331.55,No
1178,10,63,SKU101178,Commodi Nostrum,Realme,5120,6017.48,20,18,513,89,4.2,2022-07-17,36,Black,Litre,Inactive,3086967.24,No
1179,1,6,SKU101179,Odit Similique,Bajaj,3301,3635.71,20,18,907,41,2.5,2022-01-08,6,Silver,Litre,Inactive,3297588.97,Yes
1180,13,49,SKU101180,Ipsa Vel,Xiaomi,8157,9934.42,10,18,816,44,,2023-01-18,24,Black,Pack,Inactive,8106486.72,Yes
1181,19,49,SKU101181,Cumque Accusantium,Apple,36311,52910.36,40,18,54,62,1.8,2022-09-21,36,Brown,Pack,Active,2857159.44,Yes
1182,5,9,SKU101182,Voluptates Accusamus,Apple,17651,26494.1,5,18,886,60,2.0,2022-12-13,6,Green,Pack,Active,23473772.6,No
1183,16,32,SKU101183,Praesentium Laborum,Realme,12804,16504.92,15,18,541,92,1.3,2026-01-01,12,White,Box,Inactive,8929161.72,No
1184,6,67,SKU101184,Quas Facilis,Xiaomi,42382,60807.47,20,18,417,48,1.6,2022-12-22,36,Blue,Pack,Inactive,25356714.99,Yes
1185,4,40,SKU101185,Minima Debitis,Nike,5484,7299.11,0,18,841,59,2.2,2023-11-04,36,Blue,Pack,Inactive,6138551.51,No
1186,2,24,SKU101186,Cumque Aliquam,Titan,15112,22072.01,25,18,348,79,3.7,2024-05-27,6,White,Kg,Inactive,7681059.48,No
1187,14,36,SKU101187,Nobis Fugit,Adidas,33718,46795.68,50,18,517,12,4.1,2026-01-04,24,Red,Litre,Active,24193366.56,No
1188,11,93,SKU101188,At Fuga,HP,30618,43019.75,0,18,689,98,2.4,2026-06-17,6,Green,Box,Active,29640607.75,Yes
1189,7,98,SKU101189,Sunt Autem,Levis,12835,19435.56,20,18,601,50,4.5,2025-10-10,12,Blue,Piece,Active,11680771.56,Yes
1190,20,59,SKU101190, Odit Quaerat ,Realme,30669,44795.93,5,18,557,16,3.4,2024-08-13,6,Red,Kg,Active,24951333.01,Yes
1191,13,83,SKU101191,Aspernatur Praesentium,Puma,14892,16673.17,30,18,875,14,3.9,2026-05-18,36,Silver,Kg,Active,14589023.75,No
1192,17,53,SKU101192,Doloremque Maxime,OnePlus,47304,72470.1,0,18,10,33,1.8,2022-11-22,6,Brown,Piece,Inactive,724701.0,No
1193,4,71,SKU101193,Facere Corporis,HP,39237,53438.24,0,18,250,98,2.5,2026-06-09,36,Green,Pack,Active,13359560.0,No
1194,1,80,SKU101194,Veniam Cum,Milton,14105,18278.4,25,18,137,17,1.3,2023-07-01,6,Yellow,Litre,Inactive,2504140.8,Yes
1195,18,38,SKU101195,Quaerat A,Boat,15261,19816.42,40,18,351,13,3.3,2021-12-05,36,Red,Box,Active,6955563.42,Yes
1196,20,78,SKU101196,Accusantium Exercitationem,Realme,9791,11129.93,40,18,281,52,2.4,2021-12-11,24,Black,Pack,Active,3127510.33,No
1197,2,47,SKU101197,Optio Maiores,Prestige,1492,2221.6,25,18,243,73,4.7,2024-10-23,6,Yellow,Piece,Active,539848.8,Yes
1198,14,100,SKU101198,Distinctio Dolorum,Samsung,2862,4498.85,0,18,532,36,2.4,2021-11-08,6,Black,Kg,Active,2393388.2,No
1199,3,42,SKU101199,Quod Ullam,Lenovo,6650,10483.02,15,18,260,53,2.4,2025-02-13,12,Grey,Litre,Active,2725585.2,No
1200,16,55,SKU101200,Et Iste,OnePlus,42315,65639.41,15,18,537,43,2.2,2023-09-01,6,Red,Pack,Active,35248363.17,No
1201,7,44,SKU101201,Nesciunt Ipsum,Adidas,15659,20958.69,50,18,754,77,1.5,2023-11-11,12,Silver,Litre,Active,15802852.26,Yes
1202,4,86,SKU101202,Autem Rem,Levis,29691,42919.94,0,18,620,16,3.0,2024-09-22,6,Green,Pack,Active,26610362.8,Yes
1203,15,33,SKU101203,Cumque Provident,Xiaomi,10952,14253.23,30,18,785,89,3.3,2022-01-01,24,Yellow,Litre,Inactive,11188785.55,Yes
1204,17,38,SKU101204,Dolorum Et,HP,35179,52478.81,30,18,652,82,2.0,2025-12-10,6,Green,Piece,Inactive,34216184.12,Yes
1205,6,25,SKU101205,Aperiam Natus,LG,12221,18570.95,15,18,301,28,4.1,2022-02-21,6,Grey,Litre,Active,5589855.95,No
1206,5,51,SKU101206,Omnis Id,Prestige,7814,10381.61,30,18,995,13,3.6,2024-03-13,12,Green,Litre,Active,10329701.95,Yes
1207,11,86,SKU101207,Itaque Commodi,Milton,39578,61501.44,15,18,920,76,1.6,2026-04-05,6,Green,Piece,Inactive,56581324.8,No
1208,4,19,SKU101208,Odit Accusamus,Cello,37210,52280.18,25,18,30,80,4.2,2024-09-10,36,Brown,Pack,Active,1568405.4,No
1209,9,12,SKU101209,Eligendi Illum,OnePlus,25163,34887.41,25,18,416,90,1.3,2026-05-08,6,Yellow,Kg,Inactive,14513162.56,Yes
1210,5,99,SKU101210,Incidunt Soluta,Lenovo,34736,43657.85,25,18,945,25,2.0,2023-08-14,24,Grey,Litre,Active,41256668.25,Yes
1211,19,99,SKU101211,Officiis Maxime,Adidas,33459,41353.68,0,18,875,13,4.3,2025-10-01,12,Black,Piece,Inactive,36184470.0,No
1212,13,9,SKU101212,Eius Quisquam,Apple,7753,11760.18,30,18,515,35,1.3,2023-08-22,24,Black,Piece,Active,6056492.7,No
1213,17,8,SKU101213,Distinctio Ab,Bajaj,42586,52790.61,20,18,644,87,1.3,2025-01-15,6,Pink,Kg,Active,33997152.84,Yes
1214,19,57,SKU101214,Alias Eveniet,Prestige,27044,38226.39,0,18,747,57,1.9,2026-02-28,6,Pink,Kg,Inactive,28555113.33,No
1215,13,21,SKU101215,Laborum Tempora,Apple,46913,73722.16,10,18,743,61,4.1,2021-08-20,12,Brown,Box,Inactive,54775564.88,Yes
1216,18,12,SKU101216,Iusto A,Asus,47612,67261.23,40,18,944,59,4.7,2024-10-03,6,Green,Piece,Inactive,63494601.12,No
1217,3,25,SKU101217,Inventore Corporis,Lenovo,13381,17755.69,5,18,959,26,4.8,2023-04-20,12,Red,Pack,Inactive,17027706.71,Yes
1218,15,70,SKU101218,Quia Ex,Sony,30525,33739.91,10,18,694,23,1.3,2025-02-15,36,,Box,Inactive,23415497.54,Yes
1219,17,86,SKU101219,Porro Assumenda,Puma,8774,11703.32,50,18,587,54,2.5,2022-10-07,36,White,Litre,Inactive,6869848.84,No
1220,9,76,SKU101220,Hic Consectetur,Apple,47678,75360.75,25,18,48,28,4.5,2021-12-05,6,White,Kg,Inactive,3617316.0,No
1221,2,31,SKU101221,Eveniet Quasi,Canon,13527,19492.74,5,18,407,70,3.1,2025-01-25,36,Pink,Litre,Active,7933545.18,Yes
1222,3,2,SKU101222,Voluptates Minima,Dell,41981,48115.86,40,18,915,85,3.1,2025-06-15,12,Green,Litre,Inactive,44026011.9,Yes
1223,19,70,SKU101223,Blanditiis Repellendus,Puma,48239,73075.99,40,18,239,64,4.5,2022-05-14,12,White,Litre,Active,17465161.61,No
1224,14,4,SKU101224,Quae Deleniti,Puma,15101,20933.2,40,18,982,12,3.0,2024-11-28,36,Grey,Piece,Inactive,20556402.4,No
1225,2,52,SKU101225,Autem Rerum,Asus,15563,24125.08,50,18,798,28,4.4,2026-05-21,6,Grey,Litre,Active,19251813.84,Yes
1226,6,24,SKU101226,Assumenda Nostrum,Boat,41333,52685.19,10,18,88,60,3.7,2022-09-01,6,Silver,Litre,Inactive,4636296.72,Yes
1227,9,52,SKU101227,Ex Illum,Xiaomi,9952,14592.07,50,18,666,32,1.3,2023-10-10,24,,Kg,Inactive,9718318.62,Yes
1228,18,76,SKU101228,Ipsam Mollitia,OnePlus,44786,55277.51,30,18,638,87,3.2,2024-04-30,6,Blue,Box,Active,35267051.38,No
1229,2,78,SKU101229,Ipsum Odio,Cello,47917,58214.34,50,18,443,86,3.9,2023-11-13,24,Blue,Pack,Inactive,25788952.62,Yes
1230,3,37,SKU101230,Eveniet Autem,Levis,29713,41985.45,50,18,468,14,3.8,2023-04-12,24,Blue,Box,Inactive,19649190.6,No
1231,13,62,SKU101231,Deleniti Reprehenderit,Lenovo,35441,52614.07,10,18,26,88,2.8,2022-06-25,6,Brown,Piece,Inactive,1367965.82,No
1232,20,69,SKU101232,Dolor Corrupti,Asus,25296,34680.52,30,18,517,73,3.9,2022-12-14,12,Silver,Litre,Active,17929828.84,No
1233,2,83,SKU101233,Odio Omnis,OnePlus,20957,30194.46,0,18,408,92,1.7,2024-03-23,12,Silver,Piece,Inactive,12319339.68,Yes
1234,12,97,SKU101234,Nemo Cumque,Titan,25065,36691.26,25,18,702,68,3.3,2026-02-11,6,Blue,Pack,Active,25757264.52,No
1235,12,35,SKU101235, Magnam Eos ,Nike,12063,18904.11,30,18,471,85,2.6,2025-05-26,24,Blue,Box,Active,8903835.81,No
1236,13,29,SKU101236,Inventore Officiis,Lenovo,35894,56721.04,5,18,348,61,1.7,2023-10-23,24,Blue,Litre,Inactive,19738921.92,No
1237,6,44,SKU101237,Cumque Consectetur,Titan,11089,17568.46,10,18,413,85,1.9,2022-11-23,24,Yellow,Litre,Inactive,7255773.98,Yes
1238,8,65,SKU101238,Vitae Incidunt,LG,36795,53548.04,25,18,374,13,4.8,2021-11-24,24,Grey,Litre,Inactive,20026966.96,Yes
1239,20,42,SKU101239,Esse Itaque,Asus,44671,55555.2,20,18,229,10,1.8,2022-10-25,6,Yellow,Litre,Active,12722140.8,Yes
1240,16,77,SKU101240,Consectetur Expedita,Asus,10901,12246.67,50,18,853,100,2.3,2024-07-31,6,White,Pack,Active,10446409.51,No
1241,10,12,SKU101241,Nam Quam,Puma,19344,25666.36,25,18,847,51,1.8,2021-12-21,12,Silver,Litre,Active,21739406.92,No
1242,16,94,SKU101242,Veritatis In,Realme,6481,7900.82,30,18,458,50,1.2,2023-10-08,24,Blue,Piece,Inactive,3618575.56,Yes
1243,2,100,SKU101243,Doloribus Aliquam,Levis,11721,15569.2,50,18,970,25,3.8,2024-12-29,6,Brown,Box,Inactive,15102124.0,Yes
1244,9,47,SKU101244,Odio Quos,HP,15501,23597.96,50,18,571,54,2.6,2026-03-27,24,Yellow,Kg,Inactive,13474435.16,Yes
1245,11,99,SKU101245,Expedita Consequatur,Xiaomi,33290,43535.21,40,18,551,66,2.1,2025-06-26,12,Pink,Pack,Inactive,23987900.71,No
1246,18,81,SKU101246,Corporis Deserunt,Puma,48130,67100.95,25,18,815,50,4.2,2022-08-03,24,Blue,Litre,Active,54687274.25,No
1247,20,16,SKU101247,Accusantium Assumenda,Sony,45528,59826.23,25,18,26,27,4.7,2023-06-12,6,Black,Box,Inactive,1555481.98,No
1248,8,76,SKU101248,Delectus Eius,Prestige,15310,17397.89,120,18,134,92,4.5,2024-12-17,6,Silver,Pack,Active,2331317.26,Yes
1249,1,42,SKU101249,Minima Vitae,Puma,31591,35283.82,15,18,648,91,2.7,2022-04-09,6,Green,Pack,Inactive,22863915.36,No
1250,13,76,SKU101250,Reprehenderit Repudiandae,Bajaj,47072,63326.65,40,18,986,98,5.0,2023-10-04,36,Pink,Pack,Inactive,62440076.9,Yes
1251,1,17,SKU101251,Autem Adipisci,Levis,33871,53936.01,10,18,941,57,2.2,2022-02-07,6,Yellow,Box,Active,50753785.41,Yes
1252,5,25,SKU101252,Eius Tenetur,Sony,8376,10051.96,10,18,899,92,1.0,2025-04-29,6,Black,Kg,Active,9036712.04,Yes
1253,17,32,SKU101253,Debitis Consectetur,Philips,17296,23259.12,15,18,734,80,2.9,2024-05-17,12,Pink,Kg,Active,17072194.08,No
1254,6,24,SKU101254,Cupiditate Animi,Levis,31562,42044.71,20,18,764,56,3.2,2025-06-23,12,Grey,Box,Active,32122158.44,No
1255,5,80,SKU101255,Architecto Dolores,Sony,33584,50655.89,40,18,391,94,3.2,2026-06-08,36,Black,Litre,Active,19806452.99,No
1256,4,83,SKU101256,Non Nam,Asus,11604,13131.79,15,18,203,66,4.1,2025-10-10,12,Black,Pack,Active,2665753.37,Yes
1257,5,74,SKU101257,Aliquam Modi,Xiaomi,40392,48755.13,30,18,902,31,4.8,2025-03-08,24,Brown,Piece,Inactive,43977127.26,Yes
1258,18,71,SKU101258,Doloribus Libero,HP,15596,24148.12,25,18,668,56,3.8,2023-05-20,12,Silver,Litre,Inactive,16130944.16,No
1259,14,16,SKU101259,Ea Harum,Asus,47599,67700.21,40,18,224,30,4.2,2023-12-08,6,Brown,Pack,Inactive,15164847.04,No
1260,19,100,SKU101260,Occaecati Distinctio,Asus,40156,58537.23,5,18,184,67,3.4,2021-11-06,36,Black,Box,Active,10770850.32,No
1261,3,21,SKU101261,Sint Sit,Apple,21799,26665.51,40,18,777,77,4.6,2023-08-24,12,Pink,Pack,Active,20719101.27,Yes
1262,5,20,SKU101262,Tenetur Impedit,Samsung,44351,65478.69,5,18,137,56,2.6,2025-10-19,6,Yellow,Box,Active,8970580.53,Yes
1263,2,34,SKU101263,Neque Quo,OnePlus,32143,45105.95,40,18,531,74,3.0,2025-08-18,24,Red,Pack,Inactive,23951259.45,Yes
1264,8,82,SKU101264,Assumenda Commodi,OnePlus,25943,40526.89,0,18,206,12,2.1,2023-12-08,36,White,Litre,Inactive,8348539.34,Yes
1265,15,9,SKU101265,Molestiae Deserunt,Levis,10782,17003.72,5,18,23,29,3.6,2025-02-13,24,Black,Piece,Inactive,391085.56,Yes
1266,16,36,SKU101266,Eligendi Temporibus,Prestige,48263,65429.69,0,18,626,35,4.6,2026-01-10,36,White,Box,Inactive,40958985.94,Yes
1267,20,15,SKU101267,Expedita Suscipit,HP,26171,29421.65,10,18,749,29,1.5,2026-03-07,36,Grey,Kg,Active,22036815.85,Yes
1268,4,78,SKU101268,Ad Modi,Milton,5948,6887.59,30,18,412,23,1.5,2024-08-10,6,Brown,Piece,Inactive,2837687.08,Yes
1269,11,85,SKU101269,Perferendis Quisquam,Realme,49904,65814.32,15,18,202,89,4.0,2025-09-04,24,Brown,Box,Inactive,13294492.64,No
1270,11,27,SKU101270,Laborum Recusandae,OnePlus,978,1398.7,40,18,666,95,4.2,2025-10-29,6,Blue,Pack,Active,931534.2,Yes
1271,3,37,SKU101271,Iste Molestias,Samsung,36694,52895.17,50,18,143,53,4.4,2023-11-09,24,Blue,Box,Inactive,7564009.31,No
1272,5,3,SKU101272,Ducimus Alias,Xiaomi,12791,18550.95,25,18,990,54,3.9,2024-04-07,6,Black,Box,Inactive,18365440.5,Yes
1273,19,64,SKU101273,Saepe Est,Samsung,6468,7854.94,40,18,121,28,2.1,2021-10-21,24,Yellow,Pack,Inactive,950447.74,No
1274,10,98,SKU101274,Hic Aspernatur,HP,13994,21315.26,20,18,964,19,,2025-07-26,6,Blue,Kg,Active,20547910.64,No
1275,4,47,SKU101275,Quia Magnam,Bajaj,10713,14351.73,50,18,506,45,1.2,2026-07-10,6,Pink,Piece,Inactive,7261975.38,No
1276,19,3,SKU101276,Eveniet Dolore,Philips,15055,17538.98,20,18,543,93,4.8,2022-05-29,24,Green,Box,Active,9523666.14,Yes
1277,10,5,SKU101277,Expedita Unde,Boat,3943,4583.14,25,18,929,61,4.8,2023-08-10,36,Silver,Kg,Inactive,4257737.06,Yes
1278,12,57,SKU101278,Fugiat Quibusdam,Xiaomi,44472,66227.26,25,18,380,46,2.7,2022-01-11,12,Green,Kg,Active,25166358.8,Yes
1279,9,60,SKU101279,Est Repellat,Philips,279,322.32,50,18,60,25,4.2,2024-11-09,6,Red,Piece,Inactive,19339.2,Yes
1280,4,58,SKU101280,Libero Doloribus,Titan,18199,26965.86,5,18,500,30,2.7,2023-01-20,6,Yellow,Piece,Inactive,13482930.0,No
1281,4,19,SKU101281,Ex Rerum,Xiaomi,2097,3217.25,5,18,997,53,3.8,2024-04-05,12,Yellow,Piece,Inactive,3207598.25,No
1282,4,32,SKU101282,Voluptatem Magnam,Apple,30374,44233.98,25,18,81,16,4.3,2021-10-17,24,Pink,Pack,Active,3582952.38,No
1283,6,15,SKU101283,Voluptatibus Voluptates,Cello,12981,14440.0,30,18,186,54,3.1,2024-07-18,24,Pink,Kg,Inactive,2685840.0,No
1284,16,4,SKU101284,Reiciendis Recusandae,Lenovo,7996,11039.51,25,18,203,95,4.2,2022-10-06,36,Blue,Kg,Inactive,2241020.53,No
1285,13,56,SKU101285,Recusandae Eaque,HP,5272,6730.32,5,18,537,40,4.3,2025-09-28,36,Black,Piece,Active,3614181.84,No
1286,13,54,SKU101286,Quis Ipsa,Philips,6664,8365.32,25,18,641,85,1.1,2023-01-18,6,Black,Kg,Inactive,5362170.12,No
1287,4,33,SKU101287,Porro Amet,Apple,1387,2045.15,20,18,599,40,3.2,2022-04-28,6,Brown,Pack,Active,1225044.85,No
1288,8,86,SKU101288,Aspernatur Eveniet,Cello,4410,5549.25,10,18,43,42,3.4,2023-06-01,24,Brown,Kg,Inactive,238617.75,No
1289,8,83,SKU101289,Adipisci Qui,Sony,13119,17469.57,40,18,701,25,4.3,2025-08-15,24,White,Kg,Inactive,12246168.57,Yes
1290,5,28,SKU101290,A Iure,Asus,18886,29769.5,40,18,491,83,,2023-04-08,12,Silver,Kg,Active,14616824.5,Yes
1291,17,86,SKU101291,Delectus Laboriosam,Xiaomi,39101,48663.26,5,18,625,67,,2023-01-24,24,Blue,Kg,Active,30414537.5,Yes
1292,7,60,SKU101292,Iste Assumenda,Apple,33888,45083.61,50,18,864,31,1.4,2021-09-28,12,Black,Pack,Active,38952239.04,Yes
1293,8,48,SKU101293,Dignissimos Repudiandae,Milton,46094,68009.98,50,18,609,74,,2022-10-05,36,Blue,Piece,Active,41418077.82,No
1294,1,94,SKU101294,Culpa Qui,OnePlus,33107,46779.54,20,18,950,94,3.0,2024-08-28,6,Yellow,Kg,Inactive,44440563.0,No
1295,18,18,SKU101295,Aut Minima,Dell,49765,57733.44,25,18,534,75,3.9,2024-12-02,36,Yellow,Pack,Inactive,30829656.96,Yes
1296,18,23,SKU101296,Repudiandae Consequuntur,Apple,1783,2192.64,120,18,428,70,2.3,2024-06-01,12,Red,Kg,Active,938449.92,No
1297,20,52,SKU101297,Incidunt Iste,Sony,42564,61036.43,10,18,523,73,3.7,2022-09-18,12,Brown,Kg,Active,31922052.89,No
1298,13,75,SKU101298,Dolore Nostrum,Milton,31369,44929.56,0,18,273,15,3.4,2025-09-12,6,Green,Piece,Inactive,12265769.88,Yes
1299,12,55,SKU101299,Totam Ipsum,Apple,32498,50365.19,15,18,181,72,2.1,2023-01-14,12,Silver,Kg,Inactive,9116099.39,Yes
1300,15,75,SKU101300,Voluptatum Ratione,Milton,44010,62520.1,10,18,299,91,1.2,2024-08-03,36,Green,Litre,Inactive,18693509.9,No
1301,18,32,SKU101301,Et Vel,Nike,40195,52842.52,20,18,463,75,2.2,2023-01-17,6,Blue,Litre,Inactive,24466086.76,Yes
1302,13,19,SKU101302,Minus Inventore,Dell,23402,32528.75,15,18,845,90,2.6,2024-01-23,12,Black,Litre,Active,27486793.75,No
1303,18,52,SKU101303,Debitis Dolorum,OnePlus,45758,61814.68,0,18,901,65,1.5,2021-07-27,36,Blue,Litre,Inactive,55695026.68,Yes
1304,14,3,SKU101304,Voluptates Rem,Bajaj,4255,4870.23,5,18,219,24,3.3,2024-11-19,12,Silver,Litre,Active,1066580.37,Yes
1305,14,14,SKU101305,Reiciendis Aliquid,Boat,14081,18834.11,30,18,915,10,2.4,2023-02-07,6,Green,Pack,Active,17233210.65,No
1306,11,100,SKU101306,Sed Ipsum,Cello,1537,2390.04,25,18,928,45,4.0,2023-06-08,24,White,Litre,Active,2217957.12,No
1307,11,84,SKU101307,Tempore Recusandae,Apple,12764,18488.75,20,18,28,82,2.7,2022-06-10,36,Pink,Piece,Active,517685.0,No
1308,20,69,SKU101308,Praesentium Dicta,Xiaomi,49449,67908.83,0,18,559,79,4.8,2024-05-15,36,Pink,Litre,Active,37961035.97,Yes
1309,9,11,SKU101309,Autem Ex,Canon,17851,23328.57,5,18,806,38,4.4,2024-07-03,36,Grey,Pack,Inactive,18802827.42,Yes
1310,19,51,SKU101310,Ipsum Doloremque,Cello,40636,55865.4,20,18,952,74,2.5,2022-04-23,6,Silver,Pack,Inactive,53183860.8,No
1311,2,15,SKU101311,Voluptatum Velit,LG,40319,47067.75,10,18,59,97,4.1,2024-05-30,12,Grey,Piece,Inactive,2776997.25,Yes
1312,3,61,SKU101312,Occaecati Accusamus,Sony,27787,40051.71,0,18,232,86,3.2,2023-10-23,36,Red,Kg,Inactive,9291996.72,Yes
1313,14,91,SKU101313,Eos Expedita,Prestige,8342,9593.33,20,18,335,57,3.4,2022-02-17,6,Black,Piece,Inactive,3213765.55,Yes
1314,10,68,SKU101314,Laudantium Facere,Xiaomi,16498,19623.77,20,18,942,58,5.0,2022-06-22,24,Yellow,Litre,Inactive,18485591.34,No
1315,16,53,SKU101315,A Architecto,Apple,21522,32166.54,20,18,165,11,4.3,2024-11-02,24,Grey,Pack,Inactive,5307479.1,No
1316,11,69,SKU101316,Nulla Nihil,Samsung,37534,49744.21,20,18,786,50,4.9,2022-12-20,6,Grey,Box,Active,39098949.06,No
1317,9,52,SKU101317,Neque Possimus,Titan,8672,13243.39,10,18,788,63,2.3,2024-10-10,6,Grey,Pack,Inactive,10435791.32,Yes
1318,2,2,SKU101318,Laudantium Quisquam,Cello,44354,58225.62,10,18,121,32,1.6,2024-09-30,36,Grey,Kg,Inactive,7045300.02,No
1319,13,18,SKU101319,Consequuntur Perferendis,Puma,40291,45676.54,0,18,106,20,1.7,2026-06-21,6,White,Pack,Inactive,4841713.24,No
1320,2,1,SKU101320,Totam Vitae,OnePlus,1083,1249.97,120,18,405,71,3.8,2023-06-22,12,Red,Piece,Active,506237.85,No
1321,15,2,SKU101321,Dolorem Odio,Nike,29336,34248.46,30,18,811,43,4.4,2022-03-08,36,White,Box,Active,27775501.06,Yes
1322,2,27,SKU101322,Aliquid Impedit,Realme,16564,20115.38,40,18,350,39,2.7,2021-09-22,36,,Piece,Inactive,7040383.0,No
1323,6,48,SKU101323,Ipsum Facilis,Nike,33789,40121.54,10,18,126,95,3.2,2022-06-12,24,Green,Pack,Inactive,5055314.04,Yes
1324,2,87,SKU101324,Aut Laboriosam,Philips,16776,21016.16,25,18,292,93,,2023-01-01,12,White,Piece,Active,6136718.72,Yes
1325,5,92,SKU101325,Minus Dolorem,Canon,18808,27927.54,40,18,698,89,3.9,2022-03-12,36,Pink,Kg,Active,19493422.92,Yes
1326,10,83,SKU101326,Quo Consectetur,Prestige,44567,65563.88,40,18,173,13,1.8,2024-06-05,36,Blue,Piece,Inactive,11342551.24,No
1327,1,84,SKU101327,Saepe Sint,OnePlus,4083,6126.94,5,18,621,59,4.8,2025-08-29,24,Silver,Box,Active,3804829.74,No
1328,20,30,SKU101328,Voluptatibus Aliquam,PUMA,47232,64833.45,10,18,273,89,4.6,2025-03-23,12,Green,Piece,Active,17699531.85,Yes
1329,17,9,SKU101329,Ullam Doloremque,Cello,26074,34424.74,50,18,293,75,4.6,2025-04-01,24,Blue,Pack,Inactive,10086448.82,No
1330,12,34,SKU101330,Dolore Asperiores,Nike,28116,31679.52,50,18,215,78,4.5,2022-06-01,36,Brown,Litre,Active,6811096.8,No
1331,18,14,SKU101331,Iure Enim,Samsung,42160,60841.95,25,18,246,92,3.4,2023-03-04,36,Yellow,Litre,Inactive,14967119.7,No
1332,20,73,SKU101332,Nemo Voluptatem,Xiaomi,27991,44620.06,50,18,526,29,4.5,2026-04-08,6,Green,Pack,Inactive,23470151.56,Yes
1333,16,14,SKU101333,Quis Fuga,Nike,29552,42570.01,20,18,385,39,1.1,2023-12-13,36,Green,Box,Inactive,16389453.85,Yes
1334,7,72,SKU101334,In Ex,Prestige,14936,20853.59,10,18,533,40,,2022-05-16,12,White,Litre,Inactive,11114963.47,Yes
1335,13,21,SKU101335,Architecto Mollitia,Xiaomi,13868,22073.73,50,18,887,75,4.7,2026-06-02,12,Blue,Box,Active,19579398.51,Yes
1336,4,2,SKU101336,Quo Porro,Dell,15174,18024.66,0,18,16,18,3.8,2022-11-11,36,Grey,Piece,Active,288394.56,Yes
1337,17,81,SKU101337,Asperiores Magni,Bajaj,44105,67653.45,40,18,732,59,1.5,2021-08-02,24,Red,Pack,Inactive,49522325.4,Yes
1338,10,8,SKU101338,Nobis Commodi,Boat,36343,45235.46,25,18,665,41,3.6,2024-01-23,6,Pink,Pack,Inactive,30081580.9,Yes
1339,7,41,SKU101339,Ut Sunt,Adidas,26882,41214.87,25,18,852,96,4.2,2025-08-22,12,Black,Kg,Inactive,35115069.24,Yes
1340,1,48,SKU101340,Eligendi Consequatur,Nike,21689,34187.25,30,18,448,19,2.3,2021-10-09,6,Grey,Kg,Inactive,15315888.0,No
1341,9,12,SKU101341,Enim Dolores,Sony,954,1481.08,30,18,938,57,2.2,2024-01-14,6,Red,Pack,Active,1389253.04,No
1342,18,42,SKU101342,Beatae Pariatur,LG,26237,36917.01,20,18,790,89,2.9,2022-07-15,6,Silver,Litre,Active,29164437.9,No
1343,14,71,SKU101343,Inventore Nam,Lenovo,19380,26685.88,30,18,547,82,3.3,2025-07-24,36,Brown,Kg,Active,14597176.36,Yes
1344,18,56,SKU101344,Porro Ut,OnePlus,36500,49640.71,5,18,483,77,5.0,2023-10-23,36,Brown,Piece,Inactive,23976462.93,Yes
1345,12,76,SKU101345,Consectetur Temporibus,Philips,11936,15296.11,5,18,583,68,4.6,2026-03-08,12,Blue,Piece,Active,8917632.13,Yes
1346,14,90,SKU101346,Molestias Ea,Levis,29889,45569.82,50,18,591,81,4.3,2024-09-16,6,Green,Piece,Active,26931763.62,No
1347,5,10,SKU101347,Modi Maxime,Canon,23772,30138.31,25,18,994,25,2.8,2023-02-21,6,Blue,Kg,Inactive,29957480.14,No
1348,20,24,SKU101348,Occaecati Aperiam,Sony,6428,8812.18,50,18,148,45,1.4,2023-10-18,36,Blue,Kg,Inactive,1304202.64,Yes
1349,6,19,SKU101349,Nulla Omnis,Bajaj,31395,39781.66,5,18,460,16,4.2,2023-10-18,24,Silver,Pack,Active,18299563.6,Yes
1350,18,45,SKU101350,Et Fugiat,Milton,19344,24884.59,0,18,326,65,4.1,2026-05-10,12,Blue,Pack,Inactive,8112376.34,Yes
1351,19,3,SKU101351,Assumenda Distinctio,Apple,4252,6021.08,15,18,947,100,4.6,2022-05-18,6,Pink,Box,Active,5701962.76,Yes
1352,9,61,SKU101352,Blanditiis Velit,Dell,33071,39072.64,50,18,625,51,4.5,2024-06-24,24,,Piece,Active,24420400.0,No
1353,17,84,SKU101353,Quis Neque,Realme,12077,14256.4,20,18,734,67,2.0,2023-06-28,36,White,Kg,Inactive,10464197.6,Yes
1354,16,9,SKU101354,Quod Assumenda,Apple,23131,36350.03,0,18,93,24,3.3,2024-11-05,12,Pink,Piece,Active,3380552.79,No
1355,6,55,SKU101355,Quasi Nihil,Sony,49090,75601.35,25,18,232,66,1.2,2026-02-09,12,Black,Piece,Inactive,17539513.2,Yes
1356,14,76,SKU101356,Vitae Pariatur,Puma,44696,49494.25,40,18,262,99,4.3,2026-06-05,24,Yellow,Pack,Inactive,12967493.5,Yes
1357,5,73,SKU101357,Ex Pariatur,Realme,30792,40232.89,50,18,586,37,4.5,2024-02-05,12,Brown,Pack,Inactive,23576473.54,No
1358,4,53,SKU101358,Beatae Nam,Sony,41021,61388.57,50,18,947,28,4.9,2021-11-06,24,Yellow,Piece,Active,58134975.79,Yes
1359,2,34,SKU101359,Provident Rem,Puma,3075,3618.86,50,18,679,88,2.6,2025-12-13,6,Pink,Pack,Active,2457205.94,No
1360,15,33,SKU101360,Rem Veritatis,Realme,15956,20243.34,10,18,430,77,1.2,2022-10-23,36,Black,Kg,Inactive,8704636.2,Yes
1361,19,71,SKU101361,Cumque Occaecati,Boat,47138,75337.27,20,18,953,79,3.0,2023-01-10,12,Silver,Box,Inactive,71796418.31,No
1362,13,18,SKU101362,Doloremque Error,OnePlus,3208,4059.48,0,18,456,66,4.7,2023-03-12,36,Silver,Kg,Inactive,1851122.88,No
1363,3,47,SKU101363,Debitis Animi,Titan,10550,12691.6,10,18,746,11,3.4,2025-02-26,24,Silver,Piece,Active,9467933.6,No
1364,10,94,SKU101364,Beatae Vero,Samsung,43752,69786.91,5,18,910,39,1.4,2025-04-04,6,Pink,Litre,Inactive,63506088.1,Yes
1365,20,88,SKU101365,Eligendi Sunt,Samsung,9427,11918.24,20,18,721,66,3.7,2022-10-24,12,Blue,Piece,Inactive,8593051.04,No
1366,8,41,SKU101366,Saepe Facilis,Nike,45885,72050.85,10,18,0,20,3.7,2024-04-10,24,Brown,Pack,Active,0.0,Yes
1367,6,54,SKU101367,Atque Commodi,Cello,3427,3904.96,5,18,345,37,4.5,2024-11-08,24,Brown,Pack,Inactive,1347211.2,No
1368,2,57,SKU101368,Quos Nam,Adidas,2972,4689.61,40,18,102,66,3.8,2026-04-02,36,Brown,Litre,Active,478340.22,No
1369,19,87,SKU101369,Itaque Harum,Levis,42299,47122.15,15,18,682,18,1.2,2025-12-22,24,Brown,Box,Inactive,32137306.3,Yes
1370,7,89,SKU101370,Officia Accusantium,Xiaomi,7867,8665.52,25,18,129,14,4.5,2026-07-21,24,White,Piece,Inactive,1117852.08,Yes
1371,8,84,SKU101371,Quasi Nihil,Puma,40429,56936.15,10,18,982,79,2.4,2022-07-06,12,Silver,Litre,Inactive,55911299.3,Yes
1372,2,47,SKU101372,Nesciunt Distinctio,Titan,4730,5281.65,30,18,986,72,3.3,2022-10-25,6,Grey,Litre,Inactive,5207706.9,Yes
1373,3,70,SKU101373,Reiciendis Repudiandae,Titan,47097,62149.96,20,18,45,99,4.6,2026-07-06,24,Blue,Box,Active,2796748.2,No
1374,10,75,SKU101374,Consequuntur Corrupti,Cello,24673,37772.98,0,18,2,60,3.0,2026-05-05,12,Silver,Pack,Active,75545.96,Yes
1375,6,82,SKU101375,Consequuntur Illo,Levis,824,936.43,15,18,388,50,2.0,2026-02-10,12,Green,Piece,Inactive,363334.84,No
1376,6,75,SKU101376,Laborum Neque,Apple,41239,49214.01,10,18,224,38,2.2,2023-10-20,6,Black,Piece,Active,11023938.24,No
1377,2,46,SKU101377,Molestiae Ullam,Boat,468,663.91,50,18,569,62,3.0,2025-09-07,12,White,Piece,Inactive,377764.79,No
1378,15,29,SKU101378,Rem Sequi,HP,40487,63311.92,20,18,917,96,2.3,2025-07-30,36,Silver,Litre,Inactive,58057030.64,No
1379,19,24,SKU101379,Amet Doloribus,Sony,11306,15791.2,30,18,319,31,2.6,2023-11-24,12,Grey,Box,Active,5037392.8,Yes
1380,15,48,SKU101380,Necessitatibus Dicta,Levis,34222,40836.06,20,18,473,69,4.6,2024-12-21,12,Black,Kg,Active,19315456.38,Yes
1381,12,21,SKU101381,Amet Nam,Boat,46872,69181.53,0,18,185,34,2.7,2024-05-16,6,Brown,Box,Active,12798583.05,No
1382,17,16,SKU101382,Voluptas Ex,Realme,37642,58530.69,0,18,702,56,3.3,2021-12-22,6,Yellow,Kg,Active,41088544.38,No
1383,11,71,SKU101383,Pariatur Fugiat,OnePlus,5444,7976.36,25,18,582,69,3.8,2024-09-21,6,Grey,Litre,Active,4642241.52,Yes
1384,11,31,SKU101384,Adipisci Labore,Asus,35160,52135.03,15,18,68,80,4.9,2024-02-18,12,Yellow,Litre,Inactive,3545182.04,Yes
1385,17,36,SKU101385,Ipsa Hic,Puma,20481,31399.76,5,18,526,27,1.7,2025-09-26,12,Black,Piece,Active,16516273.76,Yes
1386,20,38,SKU101386,Voluptatem Vitae,OnePlus,8453,11941.01,15,18,138,94,4.8,2022-05-23,6,Green,Pack,Inactive,1647859.38,No
1387,7,94,SKU101387,Eum Deleniti,HP,49206,75291.44,5,18,67,63,4.9,2024-02-10,12,Black,Box,Active,5044526.48,Yes
1388,2,82,SKU101388,Numquam Iste,Lenovo,3423,4239.38,10,18,224,26,1.5,2023-11-06,24,Blue,Piece,Active,949621.12,No
1389,7,6,SKU101389,Nesciunt Sed,HP,33086,37941.98,120,18,907,16,2.6,2022-04-25,6,Black,Pack,Active,34413375.86,No
1390,15,59,SKU101390,Eaque Numquam,Levis,26175,40611.73,5,18,625,78,1.9,2023-05-09,6,Blue,Litre,Active,25382331.25,No
1391,3,61,SKU101391,Nemo Placeat,Adidas,24880,38130.95,0,18,881,30,3.3,2025-12-12,12,White,Piece,Inactive,33593366.95,Yes
1392,18,36,SKU101392,Minima Aspernatur,Sony,40738,52696.63,10,18,154,82,1.3,2025-12-08,6,Grey,Kg,Active,8115281.02,Yes
1393,12,52,SKU101393,Dolore At,OnePlus,24254,38428.51,30,18,861,60,2.8,2024-03-14,6,Grey,Box,Inactive,33086947.11,Yes
1394,3,74,SKU101394,Voluptatum Quae,Realme,25902,33181.12,0,18,310,84,2.1,2024-12-26,24,Green,Piece,Inactive,10286147.2,No
1395,13,26,SKU101395,Deleniti Qui,Milton,20165,28277.98,15,18,734,38,3.3,2026-05-23,24,Brown,Kg,Active,20756037.32,No
1396,7,17,SKU101396,Aliquam Doloribus,DELL,25353,29595.69,5,18,90,47,4.9,2023-03-12,36,Blue,Pack,Inactive,2663612.1,No
1397,5,13,SKU101397,Eligendi Aspernatur,Milton,33830,51593.29,0,18,546,73,4.8,2023-09-05,6,Brown,Kg,Active,28169936.34,Yes
1398,10,92,SKU101398,Aliquid Odit,Sony,43223,60529.17,30,18,269,38,1.8,2021-12-26,12,Blue,Pack,Inactive,16282346.73,Yes
1399,12,86,SKU101399,Magni Voluptatibus,Apple,23999,32778.18,15,18,251,43,4.8,2023-04-01,6,Red,Piece,Active,8227323.18,No
1400,17,64,SKU101400,Harum Maxime,Titan,1934,2488.92,20,18,378,69,4.1,2025-07-03,24,Pink,Pack,Inactive,940811.76,No
1401,19,92,SKU101401,Quae Nam,Nike,47400,70438.5,25,18,969,35,2.4,2022-08-10,24,Brown,Kg,Inactive,68254906.5,No
1402,13,94,SKU101402,Vero Aliquam,Bajaj,33050,42672.64,5,18,441,36,4.6,2023-08-12,12,Silver,Pack,Inactive,18818634.24,Yes
1403,18,90,SKU101403,Minima Porro,Samsung,37631,47641.61,20,18,520,21,4.3,2025-05-07,36,Brown,Box,Inactive,24773637.2,No
1404,19,49,SKU101404,Dolorum Pariatur,Titan,19897,30285.62,10,18,115,40,1.1,2026-07-19,24,Blue,Box,Inactive,3482846.3,Yes
1405,9,24,SKU101405,Quod Laudantium,Titan,8130,12736.15,20,18,53,95,4.8,2024-06-25,12,Red,Box,Inactive,675015.95,Yes
1406,10,100,SKU101406,Dolorem Facilis,Puma,20347,24553.65,0,18,463,82,2.7,2022-04-28,36,Red,Piece,Active,11368339.95,Yes
1407,18,83,SKU101407,Id Aliquam,Milton,47998,55725.24,50,18,841,55,4.7,2024-11-04,6,White,Pack,Inactive,46864926.84,Yes
1408,18,36,SKU101408,Architecto Dolorem,Puma,10351,12468.38,20,18,756,32,2.7,2026-06-03,36,Green,Pack,Inactive,9426095.28,Yes
1409,4,64,SKU101409,Error Est,Lenovo,42227,66821.56,0,18,708,77,2.6,2023-06-21,12,Red,Kg,Inactive,47309664.48,No
1410,5,74,SKU101410,Veritatis Enim,Philips,26334,37946.88,30,18,192,34,2.9,2023-11-05,6,Black,Pack,Active,7285800.96,No
1411,18,9,SKU101411,Totam Nemo,Samsung,24183,30536.89,50,18,674,15,1.1,2025-12-02,36,Blue,Box,Active,20581863.86,No
1412,6,41,SKU101412,Adipisci Vero,Canon,43522,66298.84,15,18,122,64,1.1,2021-08-18,6,Red,Kg,Active,8088458.48,No
1413,6,5,SKU101413,Pariatur Delectus,Lenovo,8070,9676.4,25,18,359,100,1.6,2023-01-11,12,Black,Litre,Active,3473827.6,No
1414,8,45,SKU101414,Sapiente Accusamus,HP,47229,60772.6,25,18,847,94,3.7,2023-06-17,12,Blue,Box,Inactive,51474392.2,Yes
1415,20,25,SKU101415,Explicabo Sequi,Realme,39643,55657.26,0,18,294,56,4.4,2024-02-26,12,Silver,Box,Active,16363234.44,Yes
1416,14,55,SKU101416,Voluptatum Temporibus,Sony,33344,42513.73,0,18,480,60,1.4,2023-11-24,36,Black,Litre,Active,20406590.4,No
1417,20,64,SKU101417,Nisi Minus,LG,33239,49973.6,15,18,390,14,1.4,2024-07-09,12,Grey,Piece,Inactive,19489704.0,Yes
1418,18,87,SKU101418,Officia Explicabo,OnePlus,41526,65650.71,5,18,986,73,3.7,2023-05-30,36,Green,Litre,Inactive,64731600.06,No
1419,16,26,SKU101419,Omnis Incidunt,Puma,29107,42987.42,10,18,148,36,4.9,2025-12-25,12,Blue,Box,Active,6362138.16,Yes
1420,20,38,SKU101420,Soluta Nam,Nike,10190,12972.41,10,18,734,95,5.0,2026-07-11,12,Blue,Pack,Inactive,9521748.94,Yes
1421,13,24,SKU101421,Corporis Ab,Bajaj,22220,26786.92,0,18,921,59,2.0,2025-11-27,36,Red,Piece,Active,24670753.32,Yes
1422,9,51,SKU101422,Ut Minima,Milton,32329,40019.74,15,18,6,72,3.7,2026-05-01,24,White,Litre,Inactive,240118.44,Yes
1423,1,85,SKU101423,Tenetur Saepe,Sony,14501,21568.56,10,18,410,94,1.2,2023-12-17,36,Red,Litre,Inactive,8843109.6,No
1424,13,9,SKU101424,In Vitae,Puma,47973,59410.93,40,18,46,56,2.3,2022-06-22,12,White,Pack,Active,2732902.78,No
1425,9,10,SKU101425,Perspiciatis At,Sony,37208,55187.41,25,18,337,64,2.1,2024-05-31,6,Brown,Kg,Active,18598157.17,No
1426,15,71,SKU101426,Harum Tempore,Asus,23545,35374.64,0,18,488,10,4.2,2024-04-27,12,Grey,Box,Active,17262824.32,Yes
1427,20,84,SKU101427,Harum Facilis,Asus,6397,7471.55,5,18,153,49,1.3,2024-02-05,12,Grey,Litre,Inactive,1143147.15,No
1428,18,73,SKU101428,Eaque Distinctio,Prestige,29847,38890.39,50,18,485,37,1.3,2025-12-15,36,Red,Piece,Active,18861839.15,Yes
1429,15,84,SKU101429,Excepturi Aspernatur,Titan,44333,65715.71,40,18,982,53,3.8,2024-12-28,36,Yellow,Kg,Inactive,64532827.22,Yes
1430,7,81,SKU101430,Ut Ipsum,Milton,37564,58226.25,20,18,207,24,3.4,2022-09-29,36,Silver,Pack,Active,12052833.75,Yes
1431,17,87,SKU101431,Alias Ullam,Xiaomi,41842,53032.04,15,18,127,28,1.2,2025-10-14,6,Silver,Piece,Inactive,6735069.08,No
1432,13,35,SKU101432,Impedit Facilis,Adidas,36999,52540.13,20,18,491,10,3.8,2025-02-11,36,Yellow,Kg,Inactive,25797203.83,No
1433,10,70,SKU101433,Necessitatibus Molestias,Milton,28625,38592.39,20,18,586,67,3.4,2021-11-08,6,Grey,Box,Inactive,22615140.54,No
1434,14,89,SKU101434,Reprehenderit Voluptatum,Apple,16938,25897.36,0,18,23,62,2.0,2026-06-03,12,Pink,Box,Active,595639.28,No
1435,9,73,SKU101435,Eaque Laboriosam,Philips,40500,48326.05,40,18,451,20,1.4,2023-06-12,24,Blue,Litre,Inactive,21795048.55,Yes
1436,11,27,SKU101436,Vitae Quibusdam,Apple,45629,58655.21,40,18,736,11,1.7,2025-08-08,12,Yellow,Box,Inactive,43170234.56,No
1437,7,55,SKU101437,Velit Magnam,Adidas,15485,24678.82,25,18,628,47,4.7,2025-11-14,24,Brown,Kg,Inactive,15498298.96,No
1438,14,85,SKU101438,In Dolores,Philips,16353,20429.29,25,18,771,43,4.5,2026-04-21,24,Red,Pack,Inactive,15750982.59,Yes
1439,10,79,SKU101439,Ducimus Impedit,LG,26020,36029.71,15,18,771,87,2.0,2022-05-21,24,Green,Litre,Inactive,27778906.41,No
1440,8,74,SKU101440,Optio Debitis,Nike,26964,33216.88,50,18,777,96,4.3,2023-10-03,12,Blue,Box,Active,25809515.76,No
1441,17,54,SKU101441,Ratione Ducimus,HP,39778,58134.55,15,18,589,95,4.3,2024-05-29,24,White,Box,Active,34241249.95,Yes
1442,1,98,SKU101442,Ullam Commodi,Xiaomi,29299,34119.99,10,18,117,71,4.0,2023-06-12,24,Yellow,Pack,Active,3992038.83,No
1443,14,48,SKU101443,Libero Et,PUMA,31073,46614.98,10,18,879,26,1.1,2024-03-02,24,Green,Litre,Inactive,40974567.42,No
1444,13,9,SKU101444,Nihil Iure,HP,47517,66783.68,0,18,842,13,1.6,2024-09-18,24,White,Box,Active,56231858.56,Yes
1445,15,43,SKU101445,Facilis Reprehenderit,TITAN,23446,31989.31,30,18,194,52,3.3,2024-01-21,36,Black,Litre,Inactive,6205926.14,Yes
1446,19,79,SKU101446,Officiis Cumque,Lenovo,4607,5669.12,25,18,565,48,1.8,2025-07-22,36,Grey,Box,Active,3203052.8,Yes
1447,8,70,SKU101447,Asperiores Tempora,OnePlus,24412,27439.8,15,18,303,33,1.8,2026-07-09,12,,Box,Active,8314259.4,No
1448,15,38,SKU101448,Repellendus Sit,Dell,17475,22774.97,5,18,19,48,1.9,2022-02-28,36,Yellow,Kg,Active,432724.43,Yes
1449,18,84,SKU101449,Optio Earum,Puma,46680,67869.14,10,18,582,45,2.5,2025-10-23,6,Blue,Piece,Inactive,39499839.48,No
1450,10,9,SKU101450,Cumque Vero,Canon,17368,20740.2,0,18,309,36,4.4,2024-10-19,12,Yellow,Pack,Active,6408721.8,Yes
1451,6,72,SKU101451,Quia In,Bajaj,18471,24216.63,25,18,185,67,4.0,2025-01-25,12,Red,Box,Active,4480076.55,Yes
1452,20,30,SKU101452,Asperiores Distinctio,Samsung,9032,10008.55,25,18,410,83,5.0,2022-09-21,6,Red,Piece,Active,4103505.5,Yes
1453,9,53,SKU101453,Eligendi Laboriosam,Canon,28999,32880.82,5,18,686,64,4.1,2025-01-13,6,Pink,Kg,Active,22556242.52,No
1454,20,79,SKU101454,Reiciendis Officia,Levis,49311,74307.5,15,18,920,17,1.7,2022-10-09,12,Black,Piece,Active,68362900.0,Yes
1455,19,72,SKU101455,Ipsam Ducimus,Nike,32057,37997.6,0,18,221,44,3.9,2022-03-30,12,Black,Box,Inactive,8397469.6,No
1456,3,75,SKU101456,Placeat Iusto,Samsung,6055,8035.65,10,18,980,30,3.6,2023-01-22,6,Silver,Piece,Inactive,7874937.0,No
1457,9,85,SKU101457,Ipsam Tempora,OnePlus,30414,44551.15,5,18,851,70,3.6,2022-01-18,24,Green,Kg,Active,37913028.65,Yes
1458,9,7,SKU101458,Ab Odio,TITAN,23677,33619.19,15,18,549,66,1.6,2023-11-18,12,Silver,Litre,Active,18456935.31,Yes
1459,5,41,SKU101459,Eos Dolores,Bajaj,2728,4095.63,25,18,394,60,4.0,2026-06-16,24,Yellow,Box,Active,1613678.22,No
1460,8,81,SKU101460,Dolore Porro,Lenovo,29680,41157.31,5,18,813,33,1.4,2022-04-21,6,White,Litre,Inactive,33460893.03,Yes
1461,8,90,SKU101461,Delectus Sint,Levis,45212,62229.77,0,18,685,19,2.8,2025-03-30,36,Green,Piece,Active,42627392.45,Yes
1462,12,14,SKU101462,Tempora Nobis,Xiaomi,40694,57322.6,25,18,182,86,2.3,2024-12-26,6,Pink,Piece,Active,10432713.2,Yes
1463,5,64,SKU101463,Nobis Perferendis,Titan,49149,60318.78,15,18,570,68,1.7,2024-10-24,24,Blue,Box,Active,34381704.6,No
1464,6,49,SKU101464,Ab Amet,Milton,21104,30443.57,20,18,605,92,2.5,2026-02-04,12,Black,Litre,Active,18418359.85,Yes
1465,10,38,SKU101465,Eligendi Minima,Adidas,29120,44804.16,0,18,312,74,4.4,2021-09-03,24,Black,Pack,Inactive,13978897.92,Yes
1466,6,2,SKU101466,Iste Quia,Levis,40329,58136.6,50,18,700,54,1.3,2023-03-06,24,Red,Kg,Inactive,40695620.0,No
1467,20,90,SKU101467,Ad Veritatis,Dell,26134,34328.82,15,18,163,86,4.0,2021-08-03,24,Blue,Kg,Inactive,5595597.66,No
1468,11,22,SKU101468,Sunt Expedita,Dell,23607,32663.1,0,18,428,20,4.5,2023-06-24,6,Blue,Litre,Active,13979806.8,Yes
1469,12,74,SKU101469,Voluptate Laborum,Dell,9989,13947.29,5,18,73,51,4.7,2024-03-17,36,Red,Piece,Active,1018152.17,No
1470,11,97,SKU101470,Delectus Corporis,Milton,46049,64044.16,15,18,446,41,2.9,2024-10-25,12,Grey,Box,Inactive,28563695.36,Yes
1471,2,56,SKU101471,Provident Repudiandae,Titan,5080,6439.47,20,18,638,75,1.1,2024-02-28,24,White,Box,Active,4108381.86,Yes
1472,8,84,SKU101472,Doloremque At,OnePlus,49925,76168.91,0,18,279,83,3.1,2021-12-11,12,White,Piece,Active,21251125.89,Yes
1473,4,23,SKU101473,In Illum,Sony,24486,36106.85,50,18,678,24,3.8,2025-06-07,36,Yellow,Kg,Inactive,24480444.3,No
1474,10,2,SKU101474,Quasi Saepe,LG,38297,44227.97,25,18,268,81,3.1,2026-01-05,24,Blue,Piece,Active,11853095.96,No
1475,6,73,SKU101475,Labore Nostrum,Realme,32725,43233.72,50,18,491,41,4.3,2022-09-10,36,Grey,Pack,Inactive,21227756.52,No
1476,4,77,SKU101476,Laboriosam Porro,Philips,47562,55393.11,20,18,674,33,1.4,2024-08-11,36,Blue,Box,Active,37334956.14,Yes
1477,6,3,SKU101477,Eaque Doloremque,Adidas,45331,51313.87,20,18,167,88,2.0,2024-12-26,6,Green,Kg,Active,8569416.29,Yes
1478,16,79,SKU101478,Ad Eum,Canon,10154,15359.87,30,18,602,88,3.4,2023-06-18,6,Blue,Litre,Active,9246641.74,Yes
1479,18,3,SKU101479,Delectus Error,Apple,14474,22255.1,30,18,419,12,4.0,2021-09-28,6,Black,Piece,Inactive,9324886.9,Yes
1480,6,70,SKU101480,Repudiandae Quae,Puma,12774,17525.75,15,18,893,22,1.0,2022-12-29,24,Blue,Pack,Active,15650494.75,Yes
1481,18,91,SKU101481,Cupiditate Maiores,Samsung,23383,32188.46,10,18,947,63,4.4,2021-11-15,6,Black,Kg,Inactive,30482471.62,No
1482,6,59,SKU101482,Minus Tempore,Philips,16095,24607.6,10,18,864,81,5.0,2023-09-24,36,Red,Box,Inactive,21260966.4,No
1483,3,65,SKU101483,Quibusdam Soluta,Puma,41715,48265.19,50,18,934,61,1.7,2021-12-19,12,Grey,Litre,Inactive,45079687.46,Yes
1484,1,10,SKU101484,Saepe Architecto,Lenovo,10261,14692.85,10,18,205,38,3.9,2022-06-22,12,Silver,Box,Inactive,3012034.25,Yes
1485,17,62,SKU101485,Ullam Adipisci,Puma,46515,72979.61,0,18,415,71,3.0,2021-12-18,6,Grey,Pack,Active,30286538.15,Yes
1486,18,67,SKU101486,Voluptas Cum,LG,42972,64742.02,15,18,788,19,3.5,2025-02-05,36,Grey,Piece,Inactive,51016711.76,Yes
1487,12,76,SKU101487,Numquam Modi,Philips,38081,58135.0,15,18,554,98,2.2,2022-08-09,12,Black,Box,Inactive,32206790.0,No
1488,12,90,SKU101488,Quo Explicabo,Titan,35087,45340.69,10,18,626,55,3.3,2025-08-03,24,Pink,Box,Inactive,28383271.94,Yes
1489,11,42,SKU101489,Voluptates Dolor,Boat,39575,48931.1,30,18,643,91,1.0,2023-04-21,24,Blue,Litre,Active,31462697.3,No
1490,9,81,SKU101490,Voluptate Vitae,Asus,9453,14013.28,30,18,433,85,5.0,2021-08-19,36,Brown,Litre,Inactive,6067750.24,No
1491,1,72,SKU101491,Incidunt Nihil,Samsung,36357,54205.5,40,18,314,97,3.7,2022-05-31,24,Brown,Litre,Inactive,17020527.0,No
1492,9,10,SKU101492, Ut Quasi ,Realme,12783,19191.93,50,18,867,48,1.5,2023-11-07,24,Pink,Litre,Inactive,16639403.31,Yes
1493,13,94,SKU101493,Soluta Sequi,Xiaomi,35255,53031.05,5,18,389,47,4.1,2022-09-21,24,Green,Pack,Active,20629078.45,Yes
1494,17,51,SKU101494,Nihil Corporis,Samsung,21508,34034.82,5,18,855,14,1.7,2025-11-27,36,Black,Kg,Inactive,29099771.1,No
1495,18,78,SKU101495,Sit Cumque,Apple,1284,1951.59,10,18,277,78,4.3,2023-12-17,6,Red,Piece,Active,540590.43,Yes
1496,11,62,SKU101496,Cum Corrupti,Adidas,43796,66018.17,50,18,242,89,3.4,2025-10-15,6,Yellow,Pack,Inactive,15976397.14,Yes
1497,1,20,SKU101497,Eius Sequi,Canon,24384,37980.5,0,18,0,37,1.2,2023-04-03,36,Grey,Piece,Inactive,0.0,Yes
1498,1,46,SKU101498,Fuga Quasi,Titan,19287,22152.0,20,18,785,82,1.8,2023-04-09,24,Grey,Kg,Active,17389320.0,No
1499,1,84,SKU101499,Magnam Voluptatibus,LG,34887,46610.85,30,18,899,92,4.2,2025-01-15,12,Grey,Pack,Active,41903154.15,Yes
1500,8,35,SKU101500,Impedit Dolorem,Adidas,19958,31430.8,20,18,134,86,3.4,2021-11-21,36,Green,Pack,Inactive,4211727.2,No
1501,12,22,SKU101501,Quo Praesentium,Adidas,2630,3389.85,10,18,119,51,4.6,2023-04-28,36,Pink,Box,Inactive,403392.15,No
1502,6,24,SKU101502,Voluptas Perspiciatis,Dell,8284,11634.83,25,18,241,37,4.7,2024-05-14,24,Pink,Piece,Inactive,2803994.03,No
1503,10,62,SKU101503,Ex A,Titan,19995,27404.99,25,18,381,86,1.9,2021-08-30,12,White,Box,Active,10441301.19,No
1504,1,63,SKU101504,Velit Commodi,Sony,9090,11305.55,25,18,223,23,1.7,2022-06-30,6,Black,Box,Inactive,2521137.65,Yes
1505,6,12,SKU101505,Rem Velit,Sony,47097,70154.11,15,18,945,91,1.6,2025-10-04,36,Blue,Kg,Inactive,66295633.95,Yes
1506,20,45,SKU101506,Distinctio Consectetur,OnePlus,21136,30777.88,25,18,567,51,1.7,2025-11-27,24,Blue,Pack,Active,17451057.96,No
1507,4,52,SKU101507,Autem Consequuntur,LG,33022,41734.72,25,18,629,20,2.8,2023-09-25,6,Yellow,Piece,Inactive,26251138.88,No
1508,20,12,SKU101508,Temporibus Eveniet,Nike,29475,39114.92,20,18,482,39,4.1,2025-06-10,24,Blue,Pack,Inactive,18853391.44,No
1509,4,60,SKU101509,Impedit Fuga,LG,23457,32612.04,40,18,204,43,2.2,2025-07-03,12,Black,Pack,Active,6652856.16,No
1510,17,69,SKU101510,Architecto Consequuntur,Samsung,14665,17563.07,50,18,222,63,1.3,2023-01-15,12,Red,Litre,Active,3899001.54,No
1511,2,66,SKU101511,Animi Illum,Asus,33263,45486.29,10,18,831,81,1.3,2024-08-14,36,Yellow,Kg,Active,37799106.99,Yes
1512,10,72,SKU101512,Veritatis Ipsam,Philips,12155,15290.81,5,18,320,33,1.5,2025-03-06,36,Silver,Box,Inactive,4893059.2,Yes
1513,16,66,SKU101513,Cum Consequatur,Apple,6753,9156.68,5,18,364,64,3.7,2021-12-11,24,Grey,Kg,Active,3333031.52,No
1514,15,96,SKU101514,Accusamus Deserunt,Titan,10755,15016.61,30,18,602,18,4.9,2023-01-02,36,,Litre,Inactive,9039999.22,No
1515,14,34,SKU101515,Iure Magnam,Puma,3551,4988.43,0,18,706,14,1.4,2025-04-11,24,Pink,Box,Active,3521831.58,Yes
1516,11,21,SKU101516,Soluta Fugiat,LG,46255,52845.98,30,18,679,76,2.2,2022-05-06,24,Grey,Pack,Inactive,35882420.42,No
1517,19,48,SKU101517,Minima Laboriosam,Canon,11286,15580.55,25,18,843,72,2.3,2023-02-10,24,Yellow,Box,Active,13134403.65,Yes
1518,6,19,SKU101518,Cum Natus,Sony,29008,42717.07,40,18,748,78,3.4,2024-12-16,6,Blue,Pack,Active,31952368.36,No
1519,3,60,SKU101519,Odit Fugit,Samsung,21606,31875.47,50,18,306,43,4.7,2024-11-01,24,Red,Kg,Inactive,9753893.82,Yes
1520,17,51,SKU101520,Voluptas Perferendis,Realme,6968,7953.97,15,18,653,13,1.8,2025-02-21,36,Yellow,Piece,Active,5193942.41,Yes
1521,20,63,SKU101521,Totam Doloremque,OnePlus,5328,6593.67,25,18,590,11,4.6,2022-07-08,12,White,Kg,Inactive,3890265.3,Yes
1522,12,41,SKU101522,Delectus Voluptatem,HP,36818,56358.11,30,18,599,36,1.9,2022-01-20,6,Silver,Litre,Active,33758507.89,No
1523,1,99,SKU101523, Dolore Corporis ,Milton,20967,25109.65,30,18,20,25,1.5,2025-02-03,6,Black,Box,Active,502193.0,No
1524,10,18,SKU101524,Rerum Perspiciatis,Prestige,20753,26455.53,15,18,740,64,1.2,2026-05-24,24,Yellow,Piece,Active,19577092.2,Yes
1525,10,42,SKU101525,Veritatis Nulla,Apple,8988,11232.02,40,18,211,61,1.3,2023-02-05,36,Red,Kg,Inactive,2369956.22,Yes
1526,15,11,SKU101526,Similique Modi,Lenovo,45333,57769.63,30,18,581,41,1.8,2024-08-09,6,Black,Pack,Inactive,33564155.03,No
1527,3,47,SKU101527,Similique Aliquam,Prestige,19229,25481.91,15,18,88,93,2.3,2022-08-31,36,Red,Litre,Inactive,2242408.08,Yes
1528,12,45,SKU101528,Perspiciatis Placeat,LG,6736,8688.87,15,18,402,96,3.5,2022-07-07,12,Pink,Kg,Active,3492925.74,No
1529,1,21,SKU101529,Neque Nulla,OnePlus,39061,51205.54,30,18,419,10,2.4,2021-12-11,12,Yellow,Piece,Inactive,21455121.26,No
1530,9,9,SKU101530,At Facilis,Cello,44858,58589.23,0,18,914,23,3.5,2024-03-24,24,Red,Pack,Inactive,53550556.22,No
1531,9,6,SKU101531,Accusantium Voluptatibus,Levis,8255,9235.17,50,18,559,10,1.5,2026-01-07,6,Green,Box,Inactive,5162460.03,No
1532,7,55,SKU101532,Repellat Recusandae,HP,33465,51408.31,20,18,648,43,3.7,2023-06-17,12,Brown,Pack,Active,33312584.88,Yes
1533,19,53,SKU101533,Velit Labore,Xiaomi,3042,3982.57,30,18,266,98,4.0,2025-12-20,6,Brown,Box,Active,1059363.62,No
1534,20,66,SKU101534,Quasi Voluptas,Canon,17769,27285.8,25,18,114,100,1.9,2022-05-13,24,Yellow,Kg,Active,3110581.2,No
1535,4,59,SKU101535,Non Ut,Nike,12980,14416.06,30,18,825,80,4.8,2023-09-02,6,Grey,Pack,Active,11893249.5,Yes
1536,10,27,SKU101536,Perspiciatis Laborum,Xiaomi,33122,49020.67,5,18,519,73,1.8,2024-10-29,24,Yellow,Box,Active,25441727.73,Yes
1537,13,37,SKU101537,Distinctio Quos,Asus,29558,32719.59,20,18,96,39,3.9,2022-01-07,6,Silver,Box,Inactive,3141080.64,Yes
1538,6,70,SKU101538,Accusamus Temporibus,HP,26045,30384.62,20,18,806,31,4.9,2022-11-21,6,Blue,Box,Active,24490003.72,Yes
1539,12,58,SKU101539,Quae Optio,Canon,8878,9798.31,20,18,67,12,1.2,2025-10-09,24,White,Litre,Active,656486.77,Yes
1540,9,48,SKU101540,Doloremque Autem,Boat,36199,51461.34,0,18,636,71,3.9,2025-09-26,12,Blue,Pack,Inactive,32729412.24,Yes
1541,19,94,SKU101541,Iste Excepturi,OnePlus,31207,36684.19,30,18,261,83,2.6,2024-05-15,24,White,Kg,Inactive,9574573.59,Yes
1542,6,38,SKU101542,Hic Architecto,Samsung,17468,26484.82,15,18,176,63,1.4,2025-11-12,6,Black,Box,Inactive,4661328.32,No
1543,17,56,SKU101543,Et Quo,LG,45158,58287.29,0,18,486,11,1.6,2024-10-10,12,Black,Box,Active,28327622.94,Yes
1544,20,43,SKU101544,Necessitatibus Ex,Boat,25719,39777.81,30,18,738,27,1.3,2022-03-23,36,Yellow,Litre,Active,29356023.78,Yes
1545,11,60,SKU101545,Officia Numquam,Asus,39743,49936.85,0,18,98,73,2.0,2026-06-06,6,Black,Kg,Active,4893811.3,No
1546,3,25,SKU101546,Occaecati Commodi,Apple,42983,56984.09,10,18,95,23,1.8,2025-10-17,6,Yellow,Kg,Active,5413488.55,No
1547,16,19,SKU101547,Occaecati Ipsam,Dell,7961,8856.42,20,18,323,100,4.1,2022-07-25,6,Pink,Piece,Active,2860623.66,Yes
1548,16,1,SKU101548,Praesentium Ullam,Canon,16931,21217.87,30,18,55,28,4.3,2021-09-15,24,Blue,Box,Inactive,1166982.85,Yes
1549,3,83,SKU101549,Corporis Necessitatibus,Titan,1109,1299.79,10,18,219,85,2.1,2025-01-23,6,Brown,Pack,Inactive,284654.01,No
1550,16,24,SKU101550,Amet Quos,Titan,40537,45048.85,10,18,430,92,3.5,2026-03-23,12,Blue,Kg,Inactive,19371005.5,Yes
1551,15,78,SKU101551,A Consectetur,Adidas,47299,65206.2,10,18,276,54,4.3,2024-02-23,24,White,Kg,Active,17996911.2,Yes
1552,4,14,SKU101552,Quaerat Ratione,Xiaomi,43839,50643.69,50,18,595,21,1.7,2023-04-25,36,Green,Litre,Inactive,30132995.55,No
1553,16,72,SKU101553,Ullam Velit,Philips,33765,48528.15,10,18,219,69,2.5,2025-06-08,6,Yellow,Litre,Inactive,10627664.85,No
1554,15,34,SKU101554,Laboriosam Maiores,Samsung,33600,49546.58,40,18,840,94,3.2,2022-01-06,6,Brown,Piece,Inactive,41619127.2,No
1555,20,73,SKU101555,Et Odit,HP,5719,7541.03,0,18,51,61,3.3,2024-05-18,12,Grey,Litre,Active,384592.53,Yes
1556,11,30,SKU101556,Ratione Sit,Nike,35511,43838.61,30,18,276,67,4.8,2025-07-30,12,White,Box,Inactive,12099456.36,No
1557,9,56,SKU101557,Unde Maiores,Dell,9801,14282.1,0,18,172,18,5.0,2025-05-27,36,Blue,Piece,Inactive,2456521.2,No
1558,1,27,SKU101558,Cum Consequatur,Lenovo,229,258.88,0,18,561,76,2.5,2023-06-10,36,Pink,Box,Active,145231.68,Yes
1559,1,67,SKU101559,A Laboriosam,Realme,37569,55754.61,5,18,124,42,1.5,2024-07-29,6,Brown,Piece,Inactive,6913571.64,Yes
1560,8,18,SKU101560,Tempora Illum,Milton,32505,39031.05,40,18,759,84,3.7,2026-03-19,36,Brown,Piece,Inactive,29624566.95,Yes
1561,18,94,SKU101561,Quasi Minima,Puma,19774,27123.27,5,18,965,80,2.7,2022-06-17,36,Red,Piece,Active,26173955.55,Yes
1562,20,76,SKU101562,Aperiam Doloremque,Realme,18275,26355.26,15,18,444,25,4.6,2025-09-28,12,Pink,Piece,Active,11701735.44,Yes
1563,11,12,SKU101563,Deserunt Nemo,Milton,39692,54681.6,25,18,710,43,2.3,2022-06-19,24,Blue,Piece,Active,38823936.0,No
1564,1,9,SKU101564,Facere Similique,Levis,13433,16952.06,15,18,284,62,2.6,2023-03-22,36,Brown,Litre,Inactive,4814385.04,No
1565,19,91,SKU101565,Eaque Cumque,Nike,26604,35010.1,10,18,733,16,1.4,2024-11-23,24,Black,Box,Active,25662403.3,Yes
1566,5,84,SKU101566,Esse Officia,Boat,33742,44653.12,20,18,991,10,1.6,2023-03-06,12,Black,Litre,Inactive,44251241.92,Yes
1567,16,34,SKU101567,Labore Corrupti,Cello,21383,33195.34,40,18,232,55,3.5,2025-01-29,24,Blue,Box,Inactive,7701318.88,No
1568,1,2,SKU101568,Aperiam Tempora,Adidas,5814,6858.98,5,18,790,81,4.8,2022-08-08,24,White,Litre,Active,5418594.2,No
1569,3,81,SKU101569,Odio Officia,Dell,41489,65854.51,25,18,578,12,2.1,2025-11-04,36,White,Piece,Active,38063906.78,No
1570,20,23,SKU101570,Deleniti Praesentium,Boat,3729,4595.06,30,18,24,16,1.3,2021-08-04,12,Pink,Piece,Active,110281.44,Yes
1571,6,26,SKU101571,Quia Architecto,HP,37311,54754.04,30,18,70,54,1.4,2026-04-05,24,Yellow,Pack,Active,3832782.8,No
1572,14,56,SKU101572,Non Reprehenderit,Puma,14805,23360.22,20,18,319,58,3.9,2025-08-30,24,Blue,Box,Inactive,7451910.18,No
1573,8,82,SKU101573,Quaerat Dolorum,Adidas,25188,38099.59,0,18,109,89,1.4,2026-06-23,24,Pink,Box,Inactive,4152855.31,No
1574,5,34,SKU101574,Doloribus Debitis,Boat,23019,31747.05,30,18,85,72,5.0,2022-06-08,12,Silver,Piece,Active,2698499.25,No
1575,6,51,SKU101575,Molestias Unde,Canon,348,471.43,30,18,720,59,4.7,2024-04-16,36,Blue,Box,Inactive,339429.6,Yes
1576,20,57,SKU101576,Quae Molestiae,Philips,35868,47381.59,20,18,809,89,2.2,2025-02-11,6,Blue,Litre,Active,38331706.31,Yes
1577,12,2,SKU101577,Sequi Voluptate,Apple,27152,43103.36,5,18,825,75,2.2,2023-09-01,24,Blue,Box,Active,35560272.0,No
1578,9,27,SKU101578,Harum Nam,Adidas,3615,4531.83,30,18,899,58,3.2,2024-06-21,12,White,Pack,Inactive,4074115.17,No
1579,20,95,SKU101579,Impedit Odio,Levis,10823,13836.76,10,18,17,61,3.6,2022-09-09,24,White,Piece,Active,235224.92,No
1580,7,70,SKU101580,Deserunt Neque,OnePlus,5363,7323.7,40,18,255,10,4.4,2025-11-29,24,Red,Pack,Inactive,1867543.5,Yes
1581,3,68,SKU101581,In Voluptates,Realme,18268,25453.59,30,18,549,12,5.0,2026-03-19,6,Silver,Piece,Active,13974020.91,Yes
1582,6,12,SKU101582,Ipsam Quod,Dell,24418,30656.82,20,18,84,33,2.0,2023-05-28,36,Black,Pack,Inactive,2575172.88,Yes
1583,8,64,SKU101583,Eligendi Eos,HP,6685,9738.47,50,18,394,16,4.9,2024-01-10,6,Red,Piece,Inactive,3836957.18,Yes
1584,3,12,SKU101584,Vitae Laborum,Nike,2225,3491.42,15,18,304,70,4.3,2022-09-07,36,White,Litre,Inactive,1061391.68,No
1585,2,100,SKU101585,Voluptatum Totam,LG,41410,61238.57,10,18,778,55,3.7,2023-01-25,6,Yellow,Pack,Active,47643607.46,No
1586,15,68,SKU101586,Provident Quis,Puma,23998,37452.05,5,18,78,36,4.8,2024-04-18,24,Yellow,Box,Active,2921259.9,Yes
1587,16,22,SKU101587,Voluptatum Cum,ONEPLUS,34734,49947.42,40,18,535,10,2.9,2024-07-20,6,Red,Kg,Active,26721869.7,No
1588,4,55,SKU101588,Ratione Perferendis,Samsung,36310,52472.66,5,18,797,88,2.9,2026-07-06,12,Red,Litre,Inactive,41820710.02,No
1589,16,63,SKU101589,Rem Vel,LG,35192,42194.6,25,18,857,39,1.2,2025-02-08,6,Black,Box,Inactive,36160772.2,Yes
1590,18,47,SKU101590,Veniam Quibusdam,Levis,30608,46939.38,50,18,32,11,1.7,2023-12-27,24,Red,Box,Active,1502060.16,No
1591,6,21,SKU101591,Nisi Accusantium,LG,25705,35795.24,30,18,616,95,4.1,2026-01-01,36,Green,Kg,Inactive,22049867.84,Yes
1592,13,57,SKU101592,Corrupti Alias,Milton,44837,57313.06,30,18,634,98,1.5,2024-10-17,24,Blue,Piece,Inactive,36336480.04,Yes
1593,4,53,SKU101593,Dignissimos Asperiores,Adidas,9615,12443.71,0,18,491,11,1.9,2022-01-13,24,Blue,Pack,Active,6109861.61,Yes
1594,20,69,SKU101594,Eligendi Fugiat,Boat,37972,44369.4,50,18,875,47,3.0,2022-12-04,6,Green,Piece,Inactive,38823225.0,Yes
1595,1,41,SKU101595,Illo Vero,Boat,3170,3720.57,25,18,933,19,2.5,2023-09-08,36,Green,Kg,Active,3471291.81,Yes
1596,20,43,SKU101596,Dignissimos Assumenda,Boat,20406,28057.75,5,18,3,51,1.1,2024-01-24,24,Pink,Kg,Inactive,84173.25,Yes
1597,16,65,SKU101597,Enim Quis,Xiaomi,27919,42653.57,5,18,327,70,2.0,2021-10-30,6,Blue,Litre,Active,13947717.39,No
1598,16,43,SKU101598,Magnam Odio,LG,8880,10807.89,25,18,783,82,3.0,2022-06-05,24,Green,Box,Inactive,8462577.87,Yes
1599,20,60,SKU101599,Sint Veniam,Dell,14982,21981.23,0,18,157,47,4.1,2026-05-02,24,Green,Kg,Inactive,3451053.11,No
1600,5,5,SKU101600,Et Tenetur,Levis,4337,5728.19,0,18,471,36,1.2,2026-04-30,6,Silver,Kg,Inactive,2697977.49,No
1601,18,83,SKU101601,Molestias Ex,Boat,31632,45306.19,0,18,221,22,2.9,2025-11-25,12,Yellow,Piece,Active,10012667.99,No
1602,10,10,SKU101602,Voluptatem Illo,Adidas,33081,50393.55,40,18,687,33,2.5,2021-12-14,12,Silver,Pack,Inactive,34620368.85,No
1603,5,58,SKU101603,Modi Molestias,Dell,36472,49532.52,20,18,46,67,2.7,2025-02-05,6,Pink,Kg,Active,2278495.92,Yes
1604,16,9,SKU101604,Vitae Ipsam,Cello,13634,21426.37,15,18,744,80,4.9,2026-04-02,36,Blue,Pack,Active,15941219.28,Yes
1605,17,56,SKU101605,Asperiores Accusantium,Realme,31241,43852.7,30,18,917,95,3.8,2023-09-10,36,Brown,Box,Active,40212925.9,Yes
1606,11,100,SKU101606,Eligendi Sit,Levis,15521,19088.57,25,18,807,13,3.7,2025-04-28,12,Pink,Box,Inactive,15404475.99,Yes
1607,11,77,SKU101607,Et Tempora,Canon,28219,44466.72,0,18,321,34,3.7,2024-09-06,36,Pink,Piece,Inactive,14273817.12,No
1608,16,91,SKU101608,Repudiandae Quisquam,Puma,22661,27812.88,30,18,870,19,3.3,2023-03-24,12,Yellow,Pack,Active,24197205.6,Yes
1609,16,27,SKU101609,Earum Impedit,Titan,49224,74753.86,40,18,746,36,1.7,2025-05-16,12,Blue,Kg,Active,55766379.56,Yes
1610,3,60,SKU101610,Dolorum Vero,Levis,42780,66031.08,30,18,621,25,,2022-03-10,12,Black,Pack,Active,41005300.68,No
1611,4,37,SKU101611,Ea Doloribus,Nike,36307,47274.41,50,18,238,14,2.5,2025-12-04,36,Brown,Piece,Active,11251309.58,Yes
1612,6,4,SKU101612,Cumque Minus,Dell,49047,64085.02,50,18,14,22,5.0,2021-11-25,12,Grey,Pack,Inactive,897190.28,Yes
1613,2,55,SKU101613,Nobis Hic,OnePlus,1756,2694.01,40,18,475,12,4.7,2026-04-16,6,Grey,Box,Inactive,1279654.75,Yes
1614,11,88,SKU101614,Fuga Delectus,Samsung,2256,2810.08,15,18,213,33,2.7,2022-12-03,24,Green,Kg,Active,598547.04,Yes
1615,15,21,SKU101615,Reprehenderit Facere,Xiaomi,18360,27379.53,30,18,247,81,1.0,2021-08-08,6,Grey,Pack,Inactive,6762743.91,Yes
1616,6,45,SKU101616,Iure Omnis,Bajaj,47844,67286.56,50,18,332,23,3.8,2022-11-14,12,Blue,Kg,Active,22339137.92,No
1617,6,70,SKU101617,Animi Dolor,Sony,10590,16387.01,5,18,841,59,1.9,2024-04-19,24,Brown,Kg,Active,13781475.41,Yes
1618,14,92,SKU101618,Saepe Asperiores,Philips,29759,38614.28,25,18,843,31,2.8,2024-02-12,24,Silver,Box,Inactive,32551838.04,No
1619,20,96,SKU101619,Porro Rem,Prestige,38529,49579.79,40,18,740,10,3.0,2026-03-27,24,Black,Kg,Inactive,36689044.6,No
1620,14,3,SKU101620,Magnam Aut,Dell,3022,4148.66,5,18,578,31,3.4,2024-04-04,6,Silver,Pack,Active,2397925.48,Yes
1621,9,34,SKU101621,Qui Est,OnePlus,37614,58562.55,15,18,177,30,2.4,2023-02-13,12,Blue,Piece,Active,10365571.35,Yes
1622,12,9,SKU101622,Quasi Atque,Apple,10190,15333.85,25,18,352,17,1.5,2025-11-07,12,Silver,Pack,Inactive,5397515.2,Yes
1623,8,52,SKU101623,Dolore Nesciunt,Xiaomi,33149,49941.61,50,18,291,98,4.1,2026-03-05,12,Red,Box,Inactive,14533008.51,Yes
1624,13,21,SKU101624,Quidem Necessitatibus,Xiaomi,28067,32729.81,50,18,27,54,3.3,2022-05-03,12,White,Box,Inactive,883704.87,No
1625,3,21,SKU101625,Laudantium Est,Xiaomi,3870,5116.78,25,18,769,86,2.6,2023-05-15,12,Black,Piece,Active,3934803.82,Yes
1626,16,52,SKU101626,Ut Iure,Lenovo,5031,6744.36,20,18,602,57,2.1,2024-05-15,6,Grey,Box,Inactive,4060104.72,Yes
1627,19,27,SKU101627,Magni Impedit,Canon,22506,31757.48,5,18,600,26,1.7,2023-05-31,12,White,Kg,Inactive,19054488.0,Yes
1628,13,17,SKU101628,Sit Quia,Philips,18061,24142.61,10,18,683,75,3.5,2025-08-05,36,White,Box,Active,16489402.63,No
1629,4,58,SKU101629,Ratione Totam,Boat,1833,2020.43,10,18,675,78,4.6,2021-08-18,12,Green,Piece,Active,1363790.25,Yes
1630,4,9,SKU101630,Cum Velit,Levis,45390,55155.02,25,18,363,11,2.3,2024-07-01,12,White,Litre,Active,20021272.26,No
1631,8,86,SKU101631,Occaecati Excepturi,Apple,34009,51886.72,40,18,939,85,2.8,2023-08-18,36,Brown,Box,Inactive,48721630.08,No
1632,5,20,SKU101632,Animi Vero,Sony,32980,45269.27,120,18,643,96,2.3,2024-04-14,6,Brown,Box,Active,29108140.61,No
1633,18,62,SKU101633,Modi Cum,Asus,2816,3705.04,30,18,849,83,1.8,2024-11-01,12,Blue,Litre,Inactive,3145578.96,No
1634,4,46,SKU101634,Facere Quis,Bajaj,3846,4549.68,40,18,733,79,3.7,2023-12-17,24,Black,Litre,Inactive,3334915.44,No
1635,17,68,SKU101635,Alias Quas,Lenovo,48519,66507.08,25,18,716,65,3.8,2024-09-28,36,Blue,Piece,Inactive,47619069.28,No
1636,16,17,SKU101636,Quam Quaerat,Milton,38405,57202.69,25,18,312,37,4.4,2025-05-06,24,Silver,Piece,Inactive,17847239.28,Yes
1637,18,21,SKU101637,Placeat Aperiam,Dell,12130,18616.98,0,18,773,23,3.1,2024-01-28,36,Blue,Pack,Inactive,14390925.54,Yes
1638,18,53,SKU101638,Totam Earum,Lenovo,38699,57283.79,10,18,661,11,1.4,2024-04-12,12,Red,Pack,Active,37864585.19,No
1639,19,74,SKU101639,Quam Blanditiis,Dell,39029,43155.24,0,18,620,99,3.6,2022-05-16,36,Black,Box,Inactive,26756248.8,No
1640,1,34,SKU101640,Doloremque Quidem,Puma,3548,5610.94,25,18,440,34,1.7,2026-02-02,24,Black,Piece,Active,2468813.6,Yes
1641,2,95,SKU101641,Ab Sunt,Sony,37778,45703.94,25,18,781,35,3.2,2022-02-10,12,Green,Kg,Active,35694777.14,Yes
1642,19,29,SKU101642,Eos Velit,Titan,479,693.31,30,18,988,12,4.7,2023-05-15,36,Black,Pack,Inactive,684990.28,No
1643,13,15,SKU101643,Vitae Nisi,Milton,49144,64329.14,0,18,485,65,4.5,2022-06-09,12,Yellow,Pack,Active,31199632.9,Yes
1644,19,42,SKU101644,Enim Quidem,Boat,30445,36130.06,20,18,433,21,2.8,2025-04-04,12,Red,Piece,Active,15644315.98,Yes
1645,14,15,SKU101645,Tenetur Aut,Samsung,42234,66241.0,20,18,289,21,4.9,2022-11-11,12,White,Kg,Inactive,19143649.0,No
1646,10,15,SKU101646,Alias Officia,Lenovo,30231,35954.89,40,18,674,59,3.1,2024-05-17,36,Black,Kg,Active,24233595.86,No
1647,20,38,SKU101647,Amet Commodi,Dell,40973,65038.04,20,18,901,64,,2022-03-06,24,White,Litre,Inactive,58599274.04,Yes
1648,3,64,SKU101648,Asperiores Dolorum,Bajaj,40437,55896.71,10,18,306,99,1.7,2023-09-12,24,Yellow,Box,Inactive,17104393.26,No
1649,9,99,SKU101649,Quos Aut,Nike,5196,7712.38,10,18,224,44,2.4,2026-06-12,12,Yellow,Kg,Inactive,1727573.12,No
1650,19,98,SKU101650,Eum Facilis,Samsung,10946,14005.05,20,18,791,78,2.5,2025-01-08,12,Grey,Litre,Active,11077994.55,No
1651,15,23,SKU101651,Molestias Odio,Lenovo,33898,44641.52,20,18,64,93,1.0,2024-12-29,24,Red,Litre,Inactive,2857057.28,No
1652,16,95,SKU101652,Non Ipsam,Nike,11528,13207.46,20,18,240,51,4.1,2021-09-12,6,Brown,Box,Inactive,3169790.4,Yes
1653,9,87,SKU101653,Molestias Veniam,Philips,3370,4220.46,30,18,754,22,2.2,2022-07-24,24,Green,Box,Inactive,3182226.84,Yes
1654,13,94,SKU101654,Quibusdam Ab,Titan,5497,7537.03,40,18,863,93,4.9,2022-02-03,36,Green,Kg,Inactive,6504456.89,Yes
1655,13,97,SKU101655,Reprehenderit Aperiam,Boat,26585,36600.27,5,18,376,94,2.2,2022-03-04,24,Yellow,Litre,Active,13761701.52,Yes
1656,5,58,SKU101656,Magnam Provident,Asus,45698,54082.15,5,18,11,76,2.2,2022-06-16,36,Yellow,Kg,Active,594903.65,No
1657,8,47,SKU101657,Illum Vitae,Philips,49441,76196.06,0,18,345,14,1.9,2024-02-13,24,Grey,Litre,Active,26287640.7,Yes
1658,1,51,SKU101658,Sequi Commodi,Asus,42345,55896.07,15,18,22,61,2.9,2023-12-13,6,Yellow,Box,Active,1229713.54,Yes
1659,14,53,SKU101659,Nulla Modi,Asus,37759,53662.58,5,18,629,12,4.1,2024-11-30,36,Silver,Box,Inactive,33753762.82,Yes
1660,13,61,SKU101660,Ut Aliquam,Lenovo,37628,49193.15,20,18,696,31,3.8,2025-08-02,36,Grey,Piece,Inactive,34238432.4,No
1661,1,86,SKU101661,Dolore Quibusdam,Prestige,19936,27621.34,10,18,848,25,3.8,2023-06-05,36,White,Litre,Inactive,23422896.32,No
1662,1,53,SKU101662,Deleniti Mollitia,Titan,13596,16225.6,0,18,780,18,2.6,2026-03-13,6,Pink,Box,Active,12655968.0,Yes
1663,19,69,SKU101663,Impedit Tempora,Dell,32247,37406.49,10,18,428,99,2.3,2022-10-12,12,Red,Kg,Active,16009977.72,No
1664,1,69,SKU101664,In Veritatis,Philips,20282,28503.77,10,18,414,85,2.2,2024-09-23,12,White,Box,Inactive,11800560.78,No
1665,20,89,SKU101665,Accusamus Quod,Samsung,7502,9311.02,30,18,460,13,,2026-04-11,6,Brown,Pack,Inactive,4283069.2,Yes
1666,1,48,SKU101666,Dicta Cupiditate,Nike,39897,54469.42,20,18,237,81,4.6,2021-11-28,24,Red,Piece,Active,12909252.54,Yes
1667,15,93,SKU101667,Ab Rem,OnePlus,7416,9693.77,50,18,880,10,2.5,2024-11-27,24,Red,Piece,Inactive,8530517.6,Yes
1668,4,49,SKU101668,Quidem Quo,Prestige,16654,25667.85,10,18,922,93,3.0,2022-04-12,12,Pink,Piece,Active,23665757.7,No
1669,2,77,SKU101669,Inventore Eos,HP,27118,38382.96,0,18,456,16,1.8,2024-06-24,6,Yellow,Piece,Inactive,17502629.76,Yes
1670,13,20,SKU101670,Error Neque,Realme,10953,15337.7,30,18,563,32,3.6,2025-11-30,24,Yellow,Pack,Active,8635125.1,Yes
1671,15,19,SKU101671,Dicta Dolorem,Realme,33368,47712.42,25,18,974,82,1.7,2023-02-13,24,White,Piece,Inactive,46471897.08,Yes
1672,14,76,SKU101672,Est Sint,Milton,7461,10890.2,30,18,879,24,1.7,2023-09-15,36,Blue,Piece,Active,9572485.8,Yes
1673,1,31,SKU101673,Earum Cum,Bajaj,7967,10581.33,10,18,944,63,1.8,2023-02-05,24,Green,Pack,Active,9988775.52,No
1674,20,49,SKU101674,Velit Reiciendis,Prestige,42761,50968.56,20,18,342,76,3.7,2022-01-06,6,White,Box,Active,17431247.52,No
1675,5,39,SKU101675,Quo Officiis,Dell,43198,66458.08,15,18,417,86,1.1,2026-03-25,12,Red,Kg,Inactive,27713019.36,Yes
1676,1,24,SKU101676,Aut Illum,OnePlus,17549,24304.28,30,18,842,100,1.2,2022-02-16,36,Black,Box,Inactive,20464203.76,Yes
1677,13,41,SKU101677,Explicabo Consequuntur,HP,45300,56813.87,25,18,363,38,3.8,2023-03-27,6,Yellow,Kg,Inactive,20623434.81,No
1678,1,32,SKU101678,Repellendus Placeat,Titan,46085,56960.54,50,18,559,28,1.5,2024-05-14,36,Pink,Box,Inactive,31840941.86,No
1679,13,53,SKU101679,Magnam Debitis,HP,13048,20620.6,15,18,438,14,2.5,2023-07-20,36,Green,Litre,Active,9031822.8,Yes
1680,12,75,SKU101680,Consequuntur Id,Adidas,37255,56191.65,10,18,138,16,4.8,2022-02-23,36,Blue,Box,Inactive,7754447.7,Yes
1681,1,50,SKU101681,Earum Ipsum,Philips,26193,29764.04,40,18,971,82,3.3,2025-09-08,24,Grey,Litre,Active,28900882.84,Yes
1682,7,42,SKU101682,Odio Iure,OnePlus,48256,64601.74,30,18,569,75,2.9,2024-02-26,12,Silver,Kg,Active,36758390.06,No
1683,4,32,SKU101683,Voluptate Reprehenderit,Nike,34518,40949.85,50,18,970,42,4.6,2022-11-07,6,Silver,Box,Active,39721354.5,Yes
1684,5,17,SKU101684,Recusandae Reiciendis,Titan,745,830.43,5,18,296,48,1.2,2024-08-27,36,Grey,Box,Active,245807.28,No
1685,8,5,SKU101685,Ipsam Nobis,Adidas,48012,75277.62,5,18,222,48,1.5,2022-12-27,36,Silver,Box,Inactive,16711631.64,Yes
1686,2,76,SKU101686,Ab Ipsam,Bajaj,35499,46766.01,25,18,852,95,2.5,2023-08-25,12,Green,Piece,Inactive,39844640.52,Yes
1687,2,67,SKU101687,Est Temporibus,Dell,15404,19538.69,15,18,31,82,4.7,2025-04-06,36,Brown,Piece,Inactive,605699.39,No
1688,5,73,SKU101688,Harum Magni,OnePlus,2325,3312.0,25,18,411,78,1.5,2022-09-12,36,Silver,Box,Active,1361232.0,No
1689,20,53,SKU101689,Veritatis Iure,Philips,6686,10485.14,30,18,585,52,4.9,2025-08-21,24,Black,Pack,Active,6133806.9,No
1690,16,33,SKU101690,Officiis Occaecati,LG,46684,55165.71,15,18,987,19,3.6,2024-08-09,24,Grey,Piece,Active,54448555.77,Yes
1691,16,63,SKU101691,Inventore Placeat,Asus,12974,18438.41,5,18,508,54,1.2,2026-03-31,12,Black,Box,Inactive,9366712.28,Yes
1692,19,26,SKU101692,Corrupti Doloribus,Realme,31837,38098.96,40,18,41,34,2.2,2022-04-02,24,Green,Pack,Inactive,1562057.36,No
1693,18,78,SKU101693,Hic Deserunt,Samsung,17855,24045.17,0,18,454,78,2.7,2026-02-19,12,Silver,Piece,Active,10916507.18,No
1694,14,42,SKU101694,Eius Fuga,Sony,49714,69805.93,40,18,644,14,4.9,2022-03-16,24,White,Kg,Active,44955018.92,Yes
1695,18,76,SKU101695, Autem Ad ,Levis,5241,6467.35,30,18,197,42,1.1,2025-11-13,24,Yellow,Piece,Inactive,1274067.95,No
1696,18,95,SKU101696,Suscipit Aliquam,Sony,47870,70287.67,5,18,328,67,2.0,2026-07-03,36,Silver,Box,Active,23054355.76,No
1697,2,83,SKU101697,Repellendus Necessitatibus,Asus,31085,34235.35,20,18,11,85,2.0,2023-05-14,6,Green,Pack,Inactive,376588.85,Yes
1698,18,36,SKU101698,Amet Quod,Samsung,49982,61194.08,50,18,153,32,1.3,2023-10-09,12,Brown,Kg,Inactive,9362694.24,Yes
1699,2,31,SKU101699,Quisquam Quis,Realme,24462,38103.71,50,18,567,61,3.7,2025-07-27,6,Pink,Litre,Active,21604803.57,Yes
1700,13,42,SKU101700,Ullam Distinctio,Dell,39951,57885.29,5,18,994,58,2.1,2024-08-31,12,Red,Box,Inactive,57537978.26,No
1701,5,26,SKU101701,Mollitia Et,Apple,12543,17590.94,40,18,307,43,4.4,2024-01-12,6,Grey,Kg,Active,5400418.58,No
1702,2,77,SKU101702,Deleniti Officiis,Dell,-500,4431.59,5,18,613,99,3.5,2025-10-25,24,Red,Piece,Active,2716564.67,Yes
1703,5,50,SKU101703,Quaerat Consectetur,Titan,6670,7657.99,50,18,282,80,2.4,2024-12-05,12,Grey,Box,Active,2159553.18,Yes
1704,4,77,SKU101704,Maiores Provident,Prestige,26529,29610.99,40,18,817,97,3.7,2021-08-23,6,Silver,Box,Inactive,24192178.83,Yes
1705,16,62,SKU101705,Ut Excepturi,Nike,23913,34807.38,20,18,491,99,4.8,2022-12-19,12,Red,Piece,Inactive,17090423.58,Yes
1706,10,50,SKU101706,Quam Deserunt,Sony,40574,56241.55,15,18,590,44,2.7,2025-05-08,36,Grey,Box,Inactive,33182514.5,Yes
1707,8,42,SKU101707,Dolore Dolorum,Cello,49838,69180.58,0,18,372,39,4.9,2026-05-16,36,White,Litre,Inactive,25735175.76,Yes
1708,5,48,SKU101708,Recusandae Unde,Asus,36506,56716.01,0,18,221,59,3.1,2022-10-19,6,Grey,Box,Active,12534238.21,No
1709,13,31,SKU101709,Perspiciatis Magnam,Philips,648,832.99,10,18,748,77,4.5,2021-11-24,36,Green,Piece,Active,623076.52,Yes
1710,7,76,SKU101710,Est Placeat,Apple,38921,45114.61,10,18,60,40,3.6,2023-07-12,12,,Litre,Inactive,2706876.6,No
1711,6,89,SKU101711,At Fuga,Lenovo,30251,44725.74,40,18,712,86,2.5,2024-09-11,12,Grey,Piece,Active,31844726.88,No
1712,2,18,SKU101712,Eveniet Animi,Canon,22960,35785.82,40,18,956,47,3.6,2023-04-25,24,Brown,Box,Active,34211243.92,No
1713,10,96,SKU101713,Quas Magni,OnePlus,39747,49316.41,20,18,947,52,1.9,2024-11-08,6,Yellow,Piece,Inactive,46702640.27,No
1714,12,68,SKU101714,Optio Odit,Lenovo,18672,28813.84,20,18,780,52,2.6,2021-12-13,12,Brown,Pack,Active,22474795.2,Yes
1715,16,79,SKU101715,Animi Totam,Asus,3529,4437.54,30,18,389,11,1.9,2024-04-23,6,Grey,Box,Inactive,1726203.06,No
1716,1,58,SKU101716,Corporis Voluptatibus,Samsung,19520,25853.36,10,18,775,63,4.6,2025-12-27,12,Red,Pack,Active,20036354.0,No
1717,17,47,SKU101717,Tempora Harum,Samsung,4753,6118.2,15,18,697,10,1.3,2023-10-18,6,Grey,Kg,Active,4264385.4,No
1718,14,7,SKU101718,Repellendus Quisquam,Levis,34608,45683.21,0,18,382,26,1.7,2026-05-28,12,Red,Litre,Inactive,17450986.22,No
1719,15,73,SKU101719,Doloribus Minus,Nike,3810,5542.89,20,18,749,56,1.9,2024-10-10,24,Pink,Litre,Active,4151624.61,No
1720,15,16,SKU101720,Maiores Repudiandae,Xiaomi,48291,55050.58,50,18,652,83,3.1,2022-03-20,24,Grey,Litre,Active,35892978.16,No
1721,11,50,SKU101721,Quas Explicabo,LG,36389,44304.54,25,18,730,87,3.0,2024-10-03,36,Grey,Litre,Active,32342314.2,No
1722,15,7,SKU101722,Et Quas,Dell,16017,25577.71,40,18,867,70,4.2,2025-01-02,24,Red,Piece,Active,22175874.57,Yes
1723,6,4,SKU101723,Libero Laborum,Bajaj,23685,31175.22,15,18,222,34,4.4,2025-09-11,36,Red,Box,Active,6920898.84,No
1724,10,34,SKU101724,Perspiciatis Sed,Apple,12292,18859.48,10,18,329,40,4.1,2021-08-11,36,Grey,Litre,Active,6204768.92,No
1725,6,57,SKU101725,Provident Deserunt,Asus,15616,22033.78,10,18,229,78,4.5,2025-04-18,6,Blue,Box,Active,5045735.62,Yes
1726,19,13,SKU101726,Doloremque Eum,Nike,45237,72188.65,5,18,433,88,1.8,2022-03-18,12,Yellow,Pack,Inactive,31257685.45,Yes
1727,7,39,SKU101727,Quam Temporibus,Asus,43343,49207.35,50,18,152,87,1.0,2023-12-11,24,Silver,Piece,Inactive,7479517.2,No
1728,11,17,SKU101728,Error Distinctio,Titan,3873,6031.89,40,18,331,65,3.3,2023-02-22,6,Red,Litre,Active,1996555.59,Yes
1729,1,1,SKU101729,Dolore Magni,Cello,25878,38669.53,15,18,218,96,1.6,2022-07-24,36,Blue,Box,Inactive,8429957.54,No
1730,15,60,SKU101730,Ut Eum,Lenovo,13453,21116.05,30,18,907,74,3.8,2025-01-30,36,Grey,Pack,Inactive,19152257.35,Yes
1731,15,1,SKU101731,Iure Cum,Lenovo,36702,47006.2,15,18,387,14,2.3,2025-08-26,24,Blue,Pack,Active,18191399.4,Yes
1732,16,91,SKU101732,Veniam Perferendis,Adidas,47805,53867.77,40,18,276,12,,2025-08-18,36,Silver,Litre,Active,14867504.52,No
1733,15,54,SKU101733,Eos Rerum,HP,24430,33825.47,0,18,862,65,4.3,2022-12-04,6,Red,Kg,Active,29157555.14,No
1734,13,34,SKU101734,Tenetur Neque,Philips,47871,54356.89,40,18,273,50,3.4,2021-09-29,12,White,Litre,Active,14839430.97,No
1735,19,70,SKU101735,Exercitationem Aperiam,Cello,18305,27842.94,5,18,263,86,4.7,2022-08-23,6,Brown,Litre,Inactive,7322693.22,No
1736,1,37,SKU101736,Rem Rerum,Bajaj,46119,69188.55,15,18,146,63,4.1,2022-12-04,12,Blue,Box,Active,10101528.3,No
1737,13,13,SKU101737,Deleniti Suscipit,HP,6708,7905.21,50,18,599,100,4.7,2025-11-30,6,White,Pack,Inactive,4735220.79,No
1738,8,33,SKU101738,Animi Rem,Samsung,367,532.11,10,18,701,67,2.7,2022-10-21,12,Blue,Box,Inactive,373009.11,No
1739,10,23,SKU101739,Aspernatur Doloremque,Prestige,10691,13582.96,40,18,764,74,3.8,2023-10-02,12,Blue,Box,Inactive,10377381.44,No
1740,2,43,SKU101740,Ducimus Quas,Milton,35925,56986.59,20,18,69,59,3.1,2025-01-01,6,Red,Pack,Inactive,3932074.71,No
1741,10,60,SKU101741,Sapiente Recusandae,Xiaomi,39386,53889.5,20,18,400,13,4.0,2021-09-17,36,Pink,Litre,Inactive,21555800.0,No
1742,7,87,SKU101742,Ut Id,OnePlus,15923,25246.44,40,18,157,35,2.6,2022-04-14,6,Brown,Box,Inactive,3963691.08,Yes
1743,13,52,SKU101743,Esse Occaecati,HP,585,672.44,25,18,364,50,3.9,2025-07-25,36,Green,Pack,Inactive,244768.16,No
1744,11,42,SKU101744,Perspiciatis Dolores,Levis,32444,41399.6,10,18,260,70,2.7,2023-06-03,6,Grey,Litre,Inactive,10763896.0,No
1745,17,54,SKU101745,Neque Sapiente,Realme,8802,10963.64,0,18,365,19,2.7,2022-10-08,24,White,Box,Active,4001728.6,No
1746,10,34,SKU101746,Reprehenderit Ducimus,Sony,33673,46952.43,40,18,955,47,1.0,2025-11-25,12,Red,Litre,Inactive,44839570.65,No
1747,1,66,SKU101747,Fuga Doloremque,Boat,20958,31652.68,0,18,747,18,2.8,2024-06-20,36,,Piece,Inactive,23644551.96,No
1748,5,28,SKU101748,Odit Saepe,REALME,42238,55146.19,10,18,46,98,2.3,2022-02-20,12,Black,Litre,Inactive,2536724.74,Yes
1749,7,35,SKU101749,Eum Minus,Milton,38005,42035.73,30,18,653,18,4.3,2024-10-31,36,Brown,Kg,Active,27449331.69,No
1750,11,20,SKU101750,Delectus Corrupti,OnePlus,17711,20451.92,25,18,398,88,2.1,2021-09-11,24,Black,Kg,Active,8139864.16,No
1751,13,97,SKU101751,Eligendi Quasi,Cello,32353,40427.58,50,18,997,11,3.3,2025-11-04,12,Brown,Pack,Active,40306297.26,No
1752,19,81,SKU101752,Vitae Nihil,OnePlus,3059,3579.57,30,18,1,31,3.9,2022-10-29,12,,Box,Active,3579.57,No
1753,17,77,SKU101753,Sequi Consequatur,HP,21866,29744.15,0,18,479,34,4.4,2023-01-24,12,White,Litre,Inactive,14247447.85,No
1754,16,37,SKU101754,Pariatur Sint,OnePlus,28725,38208.21,25,18,978,24,3.6,2021-11-20,36,Green,Litre,Active,37367629.38,Yes
1755,1,65,SKU101755,Quibusdam Provident,Realme,49554,72445.69,25,18,805,92,3.1,2022-07-22,24,White,Litre,Inactive,58318780.45,Yes
1756,8,83,SKU101756,Consectetur Perspiciatis,Boat,11130,17647.03,30,18,31,92,2.4,2022-08-30,24,Blue,Kg,Inactive,547057.93,No
1757,10,67,SKU101757,Sed Quis,Lenovo,6565,10009.35,40,18,197,99,1.0,2021-07-25,12,White,Pack,Active,1971841.95,Yes
1758,15,70,SKU101758,Veritatis Totam,Realme,9902,12352.26,10,18,907,58,4.3,2025-03-23,24,Grey,Litre,Active,11203499.82,No
1759,5,31,SKU101759,Quasi Nihil,HP,30257,44249.84,15,18,669,70,1.5,2024-09-14,6,Blue,Box,Active,29603142.96,No
1760,19,8,SKU101760,Aperiam Voluptatem,Apple,46527,70082.49,30,18,323,44,4.5,2026-01-23,36,Black,Litre,Inactive,22636644.27,No
1761,15,75,SKU101761,Nobis Eum,Puma,46189,56800.69,40,18,430,73,2.3,2025-08-27,6,Yellow,Litre,Active,24424296.7,No
1762,7,60,SKU101762,Modi Laudantium,Realme,4445,5673.47,5,18,328,73,3.4,2026-06-15,24,Silver,Litre,Inactive,1860898.16,Yes
1763,13,71,SKU101763,Consequuntur Nisi,Lenovo,33230,40932.29,50,18,453,62,1.8,2022-09-10,12,Black,Kg,Inactive,18542327.37,Yes
1764,5,31,SKU101764,Facere Perferendis,Xiaomi,26258,37828.05,10,18,117,90,4.1,2023-07-14,24,White,Litre,Active,4425881.85,Yes
1765,19,83,SKU101765,Blanditiis Id,OnePlus,34374,48872.53,5,18,523,27,4.3,2026-03-07,36,Black,Kg,Inactive,25560333.19,Yes
1766,4,7,SKU101766,Nemo Facere,Canon,38513,44905.29,40,18,798,28,3.4,2023-03-01,12,Red,Pack,Inactive,35834421.42,No
1767,20,59,SKU101767,Ab Voluptatum,Apple,15999,23309.33,0,18,430,72,2.3,2021-08-13,36,Yellow,Box,Active,10023011.9,No
1768,12,89,SKU101768,Repellat Quasi,Canon,969,1453.68,40,18,241,22,4.1,2022-07-23,12,White,Pack,Inactive,350336.88,No
1769,2,88,SKU101769,Quasi Ab,Puma,28934,41608.82,0,18,366,26,3.6,2024-09-29,12,Yellow,Pack,Inactive,15228828.12,No
1770,2,40,SKU101770,Ullam Enim,Levis,33464,45802.09,5,18,995,19,2.2,2024-03-29,36,Black,Piece,Active,45573079.55,Yes
1771,11,7,SKU101771,Nemo Magni,Lenovo,26353,36047.66,40,18,116,51,3.5,2022-06-18,6,Black,Litre,Inactive,4181528.56,No
1772,20,58,SKU101772,Dolor Nobis,OnePlus,3602,5535.75,10,18,237,91,4.9,2026-07-14,24,Silver,Kg,Inactive,1311972.75,No
1773,14,61,SKU101773,Explicabo Facilis,Xiaomi,19331,21503.22,15,18,839,64,3.9,2026-02-11,24,Black,Piece,Inactive,18041201.58,Yes
1774,5,79,SKU101774,Nisi Recusandae,Puma,31541,38143.0,40,18,518,94,1.8,2024-08-31,36,Silver,Kg,Active,19758074.0,Yes
1775,15,30,SKU101775,Similique Harum,LG,33460,43389.3,50,18,792,36,3.8,2024-12-07,6,Silver,Litre,Inactive,34364325.6,No
1776,6,30,SKU101776,Enim Neque,Boat,11572,14465.5,30,18,875,57,1.3,2026-04-02,24,Yellow,Box,Inactive,12657312.5,No
1777,1,60,SKU101777,Quos Perspiciatis,Lenovo,19753,24608.65,30,18,866,70,3.8,2023-01-28,6,Silver,Litre,Inactive,21311090.9,No
1778,3,81,SKU101778,Maxime Ratione,Asus,17646,25946.0,5,18,434,18,2.8,2026-04-11,12,Blue,Piece,Active,11260564.0,No
1779,19,71,SKU101779,Perspiciatis Explicabo,Sony,42405,64331.12,20,18,912,22,1.9,2024-02-29,24,Pink,Kg,Active,58669981.44,No
1780,18,27,SKU101780,Repellat Laborum,Cello,32006,48182.81,20,18,26,26,3.4,2024-12-09,12,Yellow,Kg,Inactive,1252753.06,Yes
1781,7,99,SKU101781,Deserunt Unde,Samsung,10032,13165.76,25,18,992,13,3.3,2022-07-26,36,Blue,Piece,Active,13060433.92,No
1782,13,58,SKU101782,Eum Occaecati,Canon,8168,11434.31,30,18,425,62,2.7,2022-12-06,12,Silver,Kg,Active,4859581.75,No
1783,6,5,SKU101783,Consequuntur Error,HP,8488,9903.97,15,18,275,88,3.4,2025-11-17,12,Pink,Kg,Active,2723591.75,No
1784,16,46,SKU101784,Natus Labore,Bajaj,48620,53874.49,40,18,884,67,3.5,2026-03-28,24,Green,Kg,Active,47625049.16,No
1785,10,4,SKU101785,Sint Voluptatem,Bajaj,10861,13094.5,25,18,64,68,2.2,2021-12-30,24,Grey,Pack,Active,838048.0,No
1786,2,15,SKU101786,Dolorem Molestias,OnePlus,25248,30882.51,10,18,388,37,1.3,2021-08-07,24,Grey,Litre,Inactive,11982413.88,No
1787,19,98,SKU101787,Consectetur Dignissimos,Dell,42001,50038.05,40,18,384,43,4.2,2025-07-26,6,Black,Box,Inactive,19214611.2,Yes
1788,6,96,SKU101788,Sapiente Nostrum,Puma,22596,25573.54,15,18,851,44,4.1,2022-04-21,24,Yellow,Kg,Inactive,21763082.54,Yes
1789,6,69,SKU101789,At Fuga,OnePlus,15087,20915.58,20,18,480,40,4.8,2023-06-11,24,Green,Kg,Active,10039478.4,No
1790,16,38,SKU101790,Maxime Beatae,Xiaomi,13074,15354.22,5,18,117,43,3.8,2021-11-16,36,Brown,Pack,Active,1796443.74,Yes
1791,5,89,SKU101791,Molestiae Natus,Samsung,19073,21113.47,25,18,292,41,2.8,2025-12-26,36,White,Litre,Active,6165133.24,Yes
1792,17,48,SKU101792,Illo Saepe,Realme,3481,3933.14,50,18,491,41,1.3,2022-01-16,6,Silver,Piece,Active,1931171.74,No
1793,8,56,SKU101793,Doloribus Tempore,Asus,35152,45918.23,5,18,967,11,2.9,2025-10-04,36,White,Piece,Inactive,44402928.41,No
1794,14,39,SKU101794,Nulla Accusamus,HP,21770,32230.33,0,18,416,92,3.2,2023-04-09,12,Grey,Litre,Active,13407817.28,Yes
1795,3,48,SKU101795,Unde Quas,Nike,11844,17213.65,15,18,12,61,1.1,2023-12-27,6,Blue,Litre,Inactive,206563.8,No
1796,11,90,SKU101796,Earum Aliquid,Samsung,44355,56030.14,10,18,172,46,4.0,2025-11-24,12,Black,Kg,Inactive,9637184.08,No
1797,2,14,SKU101797,Quas Voluptatem,Puma,5040,6189.36,10,18,19,22,4.9,2023-07-11,12,Red,Litre,Active,117597.84,Yes
1798,5,18,SKU101798,Sint Dolores,Nike,2548,2842.94,25,18,237,85,1.5,2021-11-11,6,Silver,Kg,Active,673776.78,Yes
1799,4,85,SKU101799,Magni Excepturi,Bajaj,49744,55871.39,5,18,116,36,2.0,2021-07-22,12,Brown,Piece,Active,6481081.24,Yes
1800,6,47,SKU101800,Dolore Commodi,Dell,33983,43818.23,5,18,815,37,1.6,2023-11-26,24,Silver,Kg,Inactive,35711857.45,No
1801,5,28,SKU101801,Natus Libero,Adidas,12268,16565.46,20,18,791,48,3.4,2024-11-30,6,Blue,Pack,Inactive,13103278.86,No
1802,7,35,SKU101802,Necessitatibus Repudiandae,Dell,48952,55181.36,25,18,253,65,4.0,2023-04-05,36,Red,Pack,Inactive,13960884.08,Yes
1803,20,61,SKU101803,Quas Accusantium,Boat,23444,30533.07,5,18,342,98,1.7,2022-02-20,36,Silver,Pack,Active,10442309.94,No
1804,16,98,SKU101804,Consectetur Quo,Titan,10435,13407.58,15,18,893,91,3.0,2023-12-22,36,Grey,Pack,Active,11972968.94,No
1805,16,48,SKU101805,Ratione Reprehenderit,Boat,16432,21397.09,25,18,163,46,4.5,2024-07-07,24,Grey,Kg,Inactive,3487725.67,Yes
1806,11,27,SKU101806,Laborum Harum,OnePlus,38147,55289.16,30,18,130,91,4.5,2023-06-25,24,Red,Box,Inactive,7187590.8,Yes
1807,13,64,SKU101807,Sequi Earum,Xiaomi,9978,12461.58,25,18,486,20,1.6,2025-06-03,36,Red,Litre,Active,6056327.88,No
1808,9,28,SKU101808,Necessitatibus Repellat,Milton,18883,24650.1,25,18,512,64,2.0,2021-08-05,36,White,Kg,Active,12620851.2,No
1809,19,61,SKU101809,Facilis Doloribus,Xiaomi,41971,51128.32,50,18,806,94,1.3,2025-01-06,12,Yellow,Piece,Active,41209425.92,No
1810,17,84,SKU101810,Quae Corrupti,Lenovo,45623,60722.04,0,18,250,12,3.0,2026-04-22,12,Grey,Piece,Inactive,15180510.0,Yes
1811,1,13,SKU101811,Aut Provident,Nike,35247,49584.5,40,18,981,80,4.6,2024-01-22,12,Grey,Pack,Active,48642394.5,Yes
1812,5,16,SKU101812,Laboriosam Cum,Adidas,26198,39084.2,20,18,801,66,2.6,2025-12-02,24,Blue,Litre,Active,31306444.2,No
1813,10,45,SKU101813,Facere Quidem,Titan,13542,21106.3,15,18,612,23,2.8,2026-06-12,24,Black,Box,Inactive,12917055.6,No
1814,17,86,SKU101814,Explicabo Voluptate,Sony,43862,50657.04,30,18,719,59,3.9,2025-04-27,6,Brown,Kg,Inactive,36422411.76,Yes
1815,14,88,SKU101815, Minus Recusandae ,OnePlus,14792,17886.86,15,18,614,24,1.1,2025-09-01,6,Blue,Pack,Active,10982532.04,Yes
1816,13,100,SKU101816,Exercitationem Labore,Cello,16280,22528.97,20,18,748,84,1.1,2025-06-16,12,Red,Box,Inactive,16851669.56,No
1817,7,61,SKU101817,Vero Officia,Milton,27576,41822.19,15,18,979,97,2.1,2026-07-19,24,Black,Litre,Inactive,40943924.01,Yes
1818,2,10,SKU101818,Aliquam Perspiciatis,Philips,32450,45438.04,0,18,75,42,4.6,2022-07-18,36,Black,Pack,Active,3407853.0,Yes
1819,2,40,SKU101819,Facilis Atque,Prestige,10687,16530.82,0,18,154,77,3.2,2024-10-22,36,White,Kg,Active,2545746.28,Yes
1820,20,78,SKU101820,Tempora Est,Apple,16251,20248.57,5,18,977,35,2.0,2023-07-06,24,Green,Litre,Inactive,19782852.89,Yes
1821,2,27,SKU101821,Ipsam Neque,Puma,13042,14833.23,0,18,712,71,3.3,2024-07-23,36,Brown,Piece,Active,10561259.76,No
1822,2,11,SKU101822,Quas Quidem,Puma,31593,36314.29,5,18,809,73,1.5,2021-08-21,6,Brown,Pack,Active,29378260.61,Yes
1823,10,60,SKU101823,Voluptates Fuga,Milton,382,451.06,50,18,568,93,1.4,2023-09-01,12,Yellow,Kg,Inactive,256202.08,No
1824,5,63,SKU101824,Illo Consectetur,Cello,5020,7461.24,15,18,993,65,2.9,2024-12-12,36,Grey,Pack,Inactive,7409011.32,Yes
1825,20,10,SKU101825,Veniam Laboriosam,Boat,36414,54413.77,5,18,38,91,3.0,2022-03-15,6,Grey,Piece,Inactive,2067723.26,Yes
1826,8,83,SKU101826,Quod Dolorum,HP,7896,10060.89,0,18,77,100,1.9,2025-08-10,12,Silver,Piece,Inactive,774688.53,No
1827,6,50,SKU101827,Ipsam Libero,Sony,26741,36740.36,25,18,345,31,5.0,2023-06-01,36,,Piece,Active,12675424.2,Yes
1828,12,37,SKU101828,Rem Fugiat,Asus,47329,71200.0,40,18,597,79,3.4,2023-02-09,24,Grey,Kg,Inactive,42506400.0,Yes
1829,2,4,SKU101829,Vero Eaque,Levis,7044,9829.36,25,18,443,67,2.4,2025-10-19,36,Red,Pack,Inactive,4354406.48,No
1830,5,24,SKU101830,Eligendi Ex,Canon,41921,61297.12,40,18,159,59,2.6,2023-08-13,24,,Pack,Active,9746242.08,No
1831,13,2,SKU101831,Fuga Enim,Asus,1578,2259.17,5,18,301,93,4.7,2023-07-04,12,Black,Kg,Inactive,680010.17,Yes
1832,9,6,SKU101832,Eligendi Expedita,Cello,33651,44504.79,5,18,897,10,1.0,2024-08-01,36,Grey,Litre,Active,39920796.63,No
1833,4,63,SKU101833,Dolor Corrupti,HP,35246,41250.48,40,18,417,31,1.8,2022-07-29,6,Silver,Box,Active,17201450.16,Yes
1834,5,71,SKU101834,Beatae Veritatis,HP,11960,14202.44,10,18,290,11,3.1,2025-09-29,12,Yellow,Box,Inactive,4118707.6,No
1835,2,1,SKU101835,Sint Ab,Nike,6146,6880.49,50,18,274,67,3.4,2026-02-28,24,White,Piece,Active,1885254.26,No
1836,1,100,SKU101836,Animi Perspiciatis,Puma,12829,16156.1,40,18,949,28,1.7,2024-09-17,12,Black,Kg,Inactive,15332138.9,Yes
1837,12,63,SKU101837,Sit Ipsam,OnePlus,2782,3893.12,40,18,536,40,1.1,2025-09-28,6,White,Piece,Inactive,2086712.32,Yes
1838,20,37,SKU101838,Repellat Harum,Cello,21689,26488.61,5,18,627,52,4.5,2025-09-23,6,Green,Pack,Inactive,16608358.47,No
1839,15,37,SKU101839,Ducimus Quaerat,Prestige,8547,11754.7,10,18,87,92,3.0,2023-12-09,12,Black,Kg,Active,1022658.9,No
1840,16,72,SKU101840,Nam Est,Prestige,46654,73901.52,15,18,475,81,3.3,2026-06-17,12,White,Box,Inactive,35103222.0,No
1841,8,93,SKU101841,Debitis Asperiores,Titan,39176,54370.59,25,18,833,52,3.2,2026-01-10,36,Silver,Litre,Inactive,45290701.47,Yes
1842,18,98,SKU101842,Nisi Perferendis,Nike,12327,17109.34,0,18,854,63,3.4,2026-02-26,6,Green,Pack,Active,14611376.36,No
1843,1,49,SKU101843,Aliquid Provident,Sony,47802,53740.7,25,18,430,68,2.0,2024-07-04,24,Silver,Kg,Active,23108501.0,Yes
1844,13,41,SKU101844,Mollitia Vitae,HP,29208,38180.33,15,18,428,94,3.2,2023-01-16,6,Blue,Pack,Active,16341181.24,Yes
1845,17,36,SKU101845,Officia Cumque,Lenovo,31485,46013.53,10,18,655,88,4.4,2025-12-18,24,Pink,Kg,Active,30138862.15,No
1846,1,69,SKU101846,Officia Ipsam,Adidas,44357,52877.66,10,18,922,42,1.7,2021-08-17,6,Black,Pack,Active,48753202.52,No
1847,5,40,SKU101847,Accusantium Veniam,LG,47295,59851.68,15,18,964,60,3.4,2023-05-07,24,Silver,Kg,Inactive,57697019.52,Yes
1848,13,23,SKU101848,Modi Repellendus,Asus,37003,55670.88,0,18,166,45,1.7,2022-05-31,12,Red,Box,Active,9241366.08,No
1849,20,38,SKU101849,Itaque Magni,Levis,11980,18754.2,5,18,329,91,3.2,2023-10-06,36,Red,Piece,Inactive,6170131.8,Yes
1850,5,78,SKU101850,Ea Quo,Philips,25810,30763.21,5,18,453,30,1.4,2023-10-16,12,Brown,Box,Active,13935734.13,Yes
1851,10,12,SKU101851,Ex Fugiat,Philips,30509,41821.34,10,18,926,25,2.4,2025-07-25,12,Grey,Kg,Active,38726560.84,No
1852,1,51,SKU101852,Similique Laboriosam,Boat,8370,12636.22,0,18,994,37,1.5,2024-08-31,12,Yellow,Piece,Inactive,12560402.68,No
1853,1,24,SKU101853,Ea Praesentium,HP,3054,3997.67,0,18,108,83,,2025-02-28,24,Brown,Box,Inactive,431748.36,No
1854,3,78,SKU101854,Eos Nihil,Apple,235,265.33,0,18,188,100,3.3,2024-09-20,6,Grey,Box,Active,49882.04,No
1855,13,92,SKU101855,Maiores Natus,Cello,44468,55157.51,40,18,65,75,4.0,2023-12-07,24,Black,Kg,Active,3585238.15,Yes
1856,1,37,SKU101856,Odio Ducimus,Levis,47741,71702.24,15,18,139,39,1.3,2026-06-01,36,Pink,Litre,Active,9966611.36,No
1857,11,49,SKU101857,Delectus Repellat,Adidas,29007,42552.06,15,18,454,11,4.1,2023-07-02,24,Silver,Box,Active,19318635.24,Yes
1858,15,64,SKU101858,Consequuntur Fugit,Philips,27672,40283.49,25,18,59,54,1.7,2023-07-24,36,White,Box,Active,2376725.91,Yes
1859,18,12,SKU101859,Quos Non,Cello,42567,53658.94,50,18,56,62,3.6,2024-10-17,6,Blue,Box,Active,3004900.64,Yes
1860,4,51,SKU101860,Eius Dignissimos,Asus,41129,56492.62,40,18,24,59,3.5,2022-10-29,36,Red,Pack,Active,1355822.88,Yes
1861,5,26,SKU101861,Pariatur Accusamus,Milton,31969,37133.66,25,18,599,29,,2023-01-21,24,Yellow,Pack,Inactive,22243062.34,Yes
1862,16,11,SKU101862,Nihil Praesentium,Sony,18847,28702.13,20,18,197,12,1.2,2022-09-12,12,Pink,Pack,Active,5654319.61,Yes
1863,8,90,SKU101863,Suscipit Quas,Cello,4893,5889.16,20,18,447,54,3.4,2026-02-05,36,,Litre,Active,2632454.52,Yes
1864,16,97,SKU101864,Ipsam Placeat,OnePlus,46866,57594.91,40,18,674,80,1.8,2024-02-09,36,Silver,Litre,Active,38818969.34,No
1865,7,68,SKU101865,Explicabo Ratione,HP,2802,3214.24,20,18,683,13,4.3,2026-05-21,12,Grey,Kg,Inactive,2195325.92,Yes
1866,14,57,SKU101866,Architecto Nam,Boat,24269,27467.82,10,18,499,33,5.0,2022-05-25,24,Red,Box,Inactive,13706442.18,No
1867,13,41,SKU101867,Voluptas Dolorem,Titan,40312,53801.64,30,18,266,77,2.8,2022-01-24,36,Blue,Box,Inactive,14311236.24,No
1868,12,16,SKU101868,Esse Facere,Samsung,20208,26339.07,10,18,322,10,4.8,2025-08-10,36,,Kg,Inactive,8481180.54,Yes
1869,5,87,SKU101869,Suscipit Consequatur,Apple,27736,41131.32,40,18,896,63,3.8,2025-05-19,12,,Piece,Inactive,36853662.72,Yes
1870,9,88,SKU101870,Iusto Facilis,Nike,9175,10427.15,5,18,308,65,4.5,2024-08-16,6,Blue,Box,Active,3211562.2,No
1871,16,60,SKU101871,Magni Ratione,OnePlus,45291,70991.79,0,18,293,54,4.9,2026-04-19,36,Blue,Pack,Active,20800594.47,No
1872,2,59,SKU101872,Facere Laborum,Samsung,13443,16334.44,50,18,137,21,2.2,2021-09-21,12,Red,Box,Inactive,2237818.28,Yes
1873,2,73,SKU101873,Neque Cupiditate,Cello,46182,57028.45,5,18,734,60,3.0,2024-07-16,36,Black,Kg,Active,41858882.3,No
1874,8,86,SKU101874,Veritatis Sequi,HP,34193,44901.2,0,18,115,18,5.0,2023-04-01,12,Black,Piece,Inactive,5163638.0,No
1875,5,50,SKU101875,Repellat Repellat,Nike,35695,42897.18,15,18,433,67,3.7,2026-02-18,12,Yellow,Litre,Inactive,18574478.94,No
1876,3,90,SKU101876,Doloribus Id,Lenovo,25081,27698.54,25,18,655,96,2.0,2024-07-29,36,Brown,Box,Active,18142543.7,No
1877,14,36,SKU101877,Itaque Veniam,Xiaomi,46970,71252.16,5,18,887,34,1.6,2025-11-23,6,Brown,Box,Inactive,63200665.92,Yes
1878,1,10,SKU101878,Placeat Occaecati,LG,21844,27215.15,5,18,486,54,4.1,2022-03-22,6,Yellow,Piece,Active,13226562.9,Yes
1879,10,33,SKU101879,Modi Sint,Prestige,4565,5161.31,0,18,278,40,1.3,2023-12-29,24,White,Box,Inactive,1434844.18,Yes
1880,17,82,SKU101880,Officiis Suscipit,Prestige,6852,8477.43,15,18,488,49,2.8,2022-10-15,6,Red,Piece,Active,4136985.84,Yes
1881,13,67,SKU101881,Doloremque Tempore,Puma,25097,31143.27,5,18,498,67,3.2,2024-06-04,6,Blue,Kg,Active,15509348.46,No
1882,20,68,SKU101882,Nihil Suscipit,Cello,36718,52246.74,15,18,495,99,1.4,2026-06-02,24,Yellow,Kg,Inactive,25862136.3,No
1883,4,11,SKU101883,Necessitatibus Aut,Xiaomi,37539,50114.99,30,18,449,55,3.3,2022-03-24,12,Red,Box,Inactive,22501630.51,Yes
1884,16,6,SKU101884,Dolorem Laboriosam,Puma,1940,2456.85,50,18,212,57,1.8,2023-07-01,6,Brown,Pack,Inactive,520852.2,No
1885,15,91,SKU101885,Ipsam Ipsum,HP,35845,46053.97,25,18,974,40,4.9,2024-01-13,12,Green,Box,Inactive,44856566.78,No
1886,5,13,SKU101886,Voluptatum Fugiat,Canon,46001,61686.83,50,18,44,18,3.7,2024-12-01,24,Grey,Kg,Inactive,2714220.52,Yes
1887,1,100,SKU101887,Fugit Numquam,Lenovo,523,614.95,50,18,349,36,1.6,2024-08-23,12,Pink,Kg,Inactive,214617.55,Yes
1888,9,41,SKU101888,Repudiandae Quasi,Sony,41910,53874.79,0,18,168,50,1.5,2025-05-20,24,Grey,Piece,Active,9050964.72,Yes
1889,18,60,SKU101889,Neque Doloremque,Lenovo,601,821.92,40,18,128,11,3.6,2023-02-13,12,Yellow,Box,Inactive,105205.76,No
1890,16,59,SKU101890,Adipisci Debitis,LG,8021,12347.61,50,18,299,27,2.3,2023-07-20,36,Yellow,Kg,Active,3691935.39,Yes
1891,20,8,SKU101891,Ut Explicabo,Samsung,29105,45220.44,10,18,74,16,4.3,2022-03-27,24,Blue,Box,Inactive,3346312.56,No
1892,16,28,SKU101892,Eos Doloremque,Milton,3496,4455.3,40,18,869,98,3.6,2024-12-06,6,Brown,Kg,Active,3871655.7,No
1893,4,49,SKU101893,Corporis Consequatur,Levis,46615,65492.07,25,18,790,61,2.6,2022-02-05,24,Black,Litre,Inactive,51738735.3,Yes
1894,7,37,SKU101894,Pariatur Quo,Nike,1153,1278.37,25,18,155,30,4.7,2022-01-05,12,Grey,Pack,Active,198147.35,No
1895,20,26,SKU101895,Alias Nam,Cello,12047,14017.79,5,18,593,19,4.0,2026-01-04,6,Pink,Piece,Inactive,8312549.47,No
1896,16,86,SKU101896,Blanditiis Corporis,Boat,27712,31176.95,5,18,342,73,4.2,2023-10-15,6,Silver,Piece,Active,10662516.9,Yes
1897,3,51,SKU101897,Sit Dolor,Cello,10021,13122.8,0,18,516,14,1.5,2022-04-09,12,Green,Kg,Inactive,6771364.8,No
1898,18,27,SKU101898,Ullam Molestias,Boat,20982,26112.33,50,18,730,36,2.4,2024-03-09,12,White,Pack,Inactive,19062000.9,No
1899,19,12,SKU101899,Eum Expedita,Nike,25292,30887.42,50,18,946,62,4.9,2023-12-21,24,Red,Box,Active,29219499.32,Yes
1900,3,64,SKU101900,Numquam Sunt,Cello,9190,13864.43,30,18,433,56,1.6,2022-08-18,24,Grey,Litre,Inactive,6003298.19,No
1901,19,22,SKU101901,Delectus Qui,Asus,43996,51223.13,0,18,40,14,3.8,2023-01-03,12,Black,Litre,Inactive,2048925.2,Yes
1902,3,39,SKU101902,Aliquam Aliquid,Milton,49008,63146.57,0,18,327,21,3.4,2024-08-03,24,Green,Box,Active,20648928.39,No
1903,4,52,SKU101903,Itaque Pariatur,Prestige,13398,19625.61,15,18,240,50,4.6,2025-07-12,12,Grey,Litre,Active,4710146.4,Yes
1904,3,8,SKU101904,Quis Fugit,Apple,47442,53080.87,0,18,538,86,3.4,2026-03-22,36,Yellow,Piece,Active,28557508.06,No
1905,18,6,SKU101905,Numquam Deleniti,Dell,34619,49222.98,15,18,343,99,4.8,2026-02-21,12,Brown,Piece,Active,16883482.14,Yes
1906,9,91,SKU101906,Dolorum Rerum,Boat,41607,54993.67,30,18,90,41,4.1,2025-06-09,6,Yellow,Piece,Active,4949430.3,Yes
1907,14,67,SKU101907,Suscipit Tempora,Sony,22958,35045.96,20,18,798,68,4.6,2026-05-09,36,Black,Pack,Active,27966676.08,Yes
1908,3,5,SKU101908,Nostrum Qui,Levis,44722,61458.76,15,18,690,41,1.0,2026-02-04,36,Red,Litre,Inactive,42406544.4,No
1909,5,13,SKU101909,Ipsa Laborum,OnePlus,38407,61209.92,20,18,143,95,2.7,2025-08-26,36,Silver,Piece,Active,8753018.56,No
1910,16,55,SKU101910,Quis Eum,Asus,45325,69500.76,50,18,507,71,2.6,2022-04-26,12,Grey,Box,Inactive,35236885.32,No
1911,1,12,SKU101911,Numquam Inventore,Prestige,26085,40159.13,10,18,470,61,1.7,2024-08-31,36,Grey,Kg,Inactive,18874791.1,Yes
1912,19,90,SKU101912,Neque Facilis,Cello,12860,17023.72,30,18,87,60,5.0,2022-11-17,12,Yellow,Litre,Active,1481063.64,No
1913,10,75,SKU101913,Incidunt Accusamus,Xiaomi,15949,23990.67,50,18,108,27,2.3,2021-07-22,36,Pink,Box,Inactive,2590992.36,No
1914,20,64,SKU101914,Quasi Deleniti,Titan,19523,21718.73,15,18,934,81,2.5,2024-06-24,6,Silver,Piece,Active,20285293.82,No
1915,4,99,SKU101915,Illo Optio,Canon,7267,11234.57,30,18,337,71,3.2,2026-02-08,6,Blue,Litre,Inactive,3786050.09,No
1916,12,12,SKU101916,Accusamus Voluptas,OnePlus,35022,46253.58,5,18,861,49,3.1,2025-09-27,24,Black,Piece,Active,39824332.38,No
1917,9,77,SKU101917,Perferendis In,Cello,41951,49941.55,40,18,574,72,2.4,2021-08-19,6,Red,Piece,Active,28666449.7,Yes
1918,1,16,SKU101918,Non Illum,LG,48012,73870.99,25,18,648,11,1.3,2023-07-10,6,Pink,Pack,Active,47868401.52,Yes
1919,13,85,SKU101919,Ab Quo,Prestige,39469,50216.99,10,18,165,39,4.4,2024-09-24,12,White,Litre,Active,8285803.35,No
1920,6,6,SKU101920,Eaque Neque,Samsung,32768,46513.17,0,18,962,27,4.2,2026-04-28,36,Grey,Box,Inactive,44745669.54,No
1921,12,31,SKU101921,Nostrum Nam,Asus,48254,68401.4,0,18,714,51,3.0,2023-09-06,6,Green,Pack,Inactive,48838599.6,No
1922,14,87,SKU101922,Dolorem Tenetur,Asus,16858,18962.72,30,18,555,73,4.2,2024-11-13,24,Green,Pack,Active,10524309.6,No
1923,11,93,SKU101923,Minus Est,Sony,18495,23866.11,30,18,917,80,,2023-10-17,36,Silver,Litre,Active,21885222.87,No
1924,17,26,SKU101924,Beatae Nisi,Adidas,36902,54271.94,15,18,677,55,3.6,2023-08-05,12,Grey,Kg,Active,36742103.38,No
1925,13,39,SKU101925,Quas Similique,Realme,20625,25165.98,0,18,881,94,4.2,2023-11-13,36,Black,Litre,Inactive,22171228.38,Yes
1926,6,99,SKU101926,Id Totam,Prestige,26872,39924.45,50,18,223,94,4.3,2026-01-29,12,Grey,Litre,Inactive,8903152.35,Yes
1927,12,4,SKU101927,Fugiat Neque,Adidas,21014,31517.95,25,18,738,14,3.4,2023-02-26,36,Pink,Box,Active,23260247.1,Yes
1928,15,26,SKU101928,Atque Ducimus,Nike,11386,17749.44,15,18,580,15,3.8,2022-09-19,36,Blue,Litre,Inactive,10294675.2,No
1929,12,86,SKU101929,Illum Culpa,Prestige,45033,49644.09,50,18,947,13,1.3,2025-06-05,24,White,Pack,Active,47012953.23,Yes
1930,1,39,SKU101930,Sit Odio,Puma,1617,2310.64,50,18,96,49,1.8,2023-11-14,6,Blue,Kg,Inactive,221821.44,Yes
1931,8,97,SKU101931,Voluptates Soluta,Asus,40761,62333.2,25,18,192,20,4.2,2025-09-27,6,White,Box,Active,11967974.4,No
1932,19,4,SKU101932,Eaque Iste,Nike,11035,14351.6,10,18,906,68,4.3,2021-09-20,36,Grey,Box,Inactive,13002549.6,Yes
1933,2,68,SKU101933,Distinctio Architecto,Levis,32599,39500.93,15,18,567,96,2.4,2026-02-08,6,Green,Kg,Active,22397027.31,Yes
1934,19,30,SKU101934,Adipisci Ea,Puma,6245,7114.28,20,18,352,55,2.3,2022-06-04,36,Black,Kg,Active,2504226.56,No
1935,6,70,SKU101935,Id Fugiat,LG,27345,36309.07,15,18,452,42,2.5,2022-08-14,12,White,Pack,Inactive,16411699.64,No
1936,14,93,SKU101936,Nulla Accusamus,Dell,49976,65603.54,5,18,177,64,1.1,2023-07-15,6,Yellow,Kg,Inactive,11611826.58,Yes
1937,1,76,SKU101937,Consectetur Distinctio,Bajaj,3980,5221.55,15,18,85,87,4.3,2021-09-05,12,Brown,Litre,Inactive,443831.75,Yes
1938,14,96,SKU101938,Possimus Esse,Asus,3987,5005.21,0,18,729,52,3.9,2024-06-18,12,Blue,Kg,Inactive,3648798.09,Yes
1939,4,23,SKU101939,Nihil Ipsa,Lenovo,18476,27544.43,50,18,941,81,3.1,2025-10-17,24,White,Pack,Active,25919308.63,Yes
1940,5,48,SKU101940,Minima Officiis,Bajaj,15978,20777.29,25,18,47,96,1.6,2021-10-28,12,White,Box,Inactive,976532.63,Yes
1941,16,47,SKU101941,Iure Beatae,Levis,29038,37438.65,10,18,620,88,1.3,2022-10-18,24,Brown,Piece,Inactive,23211963.0,No
1942,7,11,SKU101942,Aspernatur Fugiat,Realme,46450,55812.54,20,18,254,65,4.5,2024-11-22,6,Black,Box,Inactive,14176385.16,No
1943,4,87,SKU101943, Aut Quisquam ,Prestige,7125,8979.97,30,18,150,97,3.3,2025-07-21,36,Brown,Box,Inactive,1346995.5,No
1944,3,58,SKU101944,Ducimus Earum,Lenovo,10698,14491.69,30,18,144,97,3.5,2023-09-06,36,Red,Litre,Active,2086803.36,Yes
1945,4,76,SKU101945,Modi Accusantium,OnePlus,16234,21080.42,5,18,805,51,2.8,2022-08-04,36,Pink,Piece,Active,16969738.1,No
1946,5,73,SKU101946,Expedita Molestiae,Realme,44824,59419.16,0,18,452,92,2.2,2025-04-28,6,Silver,Box,Active,26857460.32,No
1947,9,41,SKU101947,Expedita Aliquid,Apple,778,1170.45,10,18,6,26,4.1,2023-04-01,12,Yellow,Kg,Active,7022.7,Yes
1948,10,82,SKU101948,Officia Consequatur,Levis,3723,4411.94,25,18,515,61,2.8,2025-12-27,12,Black,Pack,Active,2272149.1,Yes
1949,9,53,SKU101949,Vel Eos,Milton,45305,60238.39,25,18,304,90,1.3,2025-07-30,12,Red,Kg,Active,18312470.56,Yes
1950,3,32,SKU101950,Molestias Vero,OnePlus,43683,50937.93,10,18,73,16,4.5,2024-03-17,12,Red,Pack,Inactive,3718468.89,Yes
1951,4,70,SKU101951,Iste Dolore,Adidas,10564,12406.88,5,18,240,78,3.6,2021-11-30,12,Blue,Piece,Active,2977651.2,Yes
1952,13,67,SKU101952,Quo Quasi,LG,47526,70807.45,30,18,227,63,4.4,2022-08-05,6,Pink,Box,Inactive,16073291.15,Yes
1953,15,96,SKU101953,Explicabo Perspiciatis,Realme,38930,56573.68,40,18,438,71,1.7,2024-02-05,24,Blue,Piece,Inactive,24779271.84,Yes
1954,2,61,SKU101954,Eius Magni,Samsung,30033,34750.28,15,18,275,81,2.5,2021-12-30,24,White,Box,Active,9556327.0,No
1955,1,68,SKU101955,Vel Esse,Levis,5403,8009.27,5,18,637,43,4.2,2022-07-07,24,Silver,Kg,Inactive,5101904.99,Yes
1956,20,51,SKU101956,Ex Tempora,Levis,22279,28845.57,5,18,614,33,2.8,2025-03-31,12,Pink,Kg,Active,17711179.98,No
1957,5,55,SKU101957,Itaque Accusantium,Boat,38415,49063.17,5,18,137,61,4.1,2022-12-23,36,Yellow,Box,Active,6721654.29,No
1958,12,64,SKU101958,Harum Reprehenderit,Lenovo,30165,34666.31,50,18,866,77,2.9,2022-07-28,6,Blue,Box,Active,30021024.46,No
1959,13,9,SKU101959,Nam Exercitationem,Adidas,19572,29235.27,30,18,180,73,2.7,2021-08-18,6,Green,Piece,Active,5262348.6,No
1960,14,100,SKU101960,Animi Repellendus,LG,44939,56133.09,5,18,383,33,2.2,2025-08-06,36,Yellow,Kg,Active,21498973.47,No
1961,9,62,SKU101961,Voluptas Saepe,Samsung,16500,21353.46,30,18,551,82,2.5,2022-11-15,36,Black,Box,Inactive,11765756.46,Yes
1962,1,4,SKU101962,Minima Commodi,Nike,35573,43041.36,15,18,411,39,3.8,2023-09-02,24,Brown,Box,Active,17689998.96,Yes
1963,6,62,SKU101963,Dolore Praesentium,Apple,25220,31901.16,15,18,286,18,1.2,2022-05-01,36,Blue,Litre,Active,9123731.76,Yes
1964,18,58,SKU101964,Vitae Sit,Dell,8507,11542.14,20,18,491,25,3.1,2024-06-07,6,Pink,Litre,Inactive,5667190.74,Yes
1965,16,43,SKU101965,Sunt Assumenda,Milton,29473,40169.05,50,18,671,42,4.3,2022-01-23,24,Brown,Litre,Inactive,26953432.55,Yes
1966,11,21,SKU101966,Magnam Tenetur,HP,7076,9518.4,5,18,285,79,4.4,2022-11-12,36,Silver,Litre,Active,2712744.0,Yes
1967,1,56,SKU101967,Voluptates Quidem,Sony,32377,39034.67,25,18,416,41,1.4,2022-06-20,6,Blue,Litre,Inactive,16238422.72,No
1968,12,58,SKU101968,Debitis Placeat,Dell,48914,75003.11,30,18,105,63,3.4,2023-07-14,12,Pink,Litre,Active,7875326.55,Yes
1969,19,28,SKU101969,Ipsum Quos,Realme,45302,65926.35,0,18,401,77,4.9,2024-07-05,6,White,Box,Active,26436466.35,No
1970,3,55,SKU101970,Nulla Earum,Asus,22910,27360.56,10,18,117,59,1.9,2021-09-26,12,Grey,Piece,Active,3201185.52,Yes
1971,16,79,SKU101971,Voluptas Minus,Realme,21689,26761.63,0,18,772,15,2.2,2024-08-07,6,Red,Kg,Active,20659978.36,No
1972,10,48,SKU101972,Deleniti Explicabo,Realme,21917,29626.55,25,18,711,63,4.6,2021-11-21,12,,Litre,Active,21064477.05,Yes
1973,16,36,SKU101973,Placeat Voluptatibus,Lenovo,39667,56170.8,10,18,932,51,4.1,2025-04-11,6,Pink,Pack,Active,52351185.6,Yes
1974,11,72,SKU101974,Ratione Impedit,Sony,41345,60757.59,20,18,852,73,4.5,2026-03-04,6,Blue,Box,Inactive,51765466.68,Yes
1975,4,90,SKU101975,Voluptatem Porro,OnePlus,25997,31628.87,20,18,366,43,1.4,2023-03-03,24,Silver,Box,Active,11576166.42,No
1976,13,28,SKU101976,Reiciendis Ea,Apple,39625,48389.29,40,18,612,61,3.1,2026-03-06,6,Brown,Kg,Inactive,29614245.48,No
1977,19,69,SKU101977,Laudantium Iste,Canon,8987,12714.98,0,18,575,88,3.4,2025-07-16,6,Pink,Kg,Active,7311113.5,No
1978,3,54,SKU101978,Harum Sapiente,Titan,33406,37821.8,15,18,220,89,2.9,2026-04-09,36,Black,Kg,Active,8320796.0,Yes
1979,16,85,SKU101979,Dolorem Atque,Boat,46408,57864.61,0,18,723,33,2.2,2026-01-27,12,Green,Piece,Active,41836113.03,Yes
1980,14,87,SKU101980,Dolor Odio,Boat,12212,17912.07,30,18,320,49,4.6,2024-01-26,6,Green,Pack,Inactive,5731862.4,Yes
1981,10,98,SKU101981,Fuga Quis,OnePlus,17843,21012.82,0,18,161,98,2.1,2024-09-04,24,Black,Litre,Inactive,3383064.02,No
1982,14,45,SKU101982,Odit A,Cello,6054,7016.63,50,18,436,94,,2025-11-09,24,Black,Litre,Inactive,3059250.68,Yes
1983,10,64,SKU101983,Modi Ea,Levis,12709,17926.03,5,18,918,34,2.9,2021-09-18,12,Green,Pack,Active,16456095.54,Yes
1984,17,23,SKU101984,Sit Maiores,Titan,5086,7291.79,5,18,27,92,1.8,2023-08-02,24,Blue,Litre,Active,196878.33,Yes
1985,6,31,SKU101985,Iste At,Asus,25149,36605.94,30,18,597,94,4.7,2026-02-20,12,Blue,Litre,Inactive,21853746.18,Yes
1986,8,69,SKU101986,Molestias Eaque,Titan,6212,8599.52,5,18,854,18,3.5,2026-01-05,12,Brown,Piece,Active,7343990.08,No
1987,5,36,SKU101987,Vero Praesentium,Prestige,41448,63387.71,20,18,2,58,2.7,2026-03-31,12,Green,Kg,Active,126775.42,Yes
1988,10,87,SKU101988,Dolor Similique,Realme,35410,49653.81,15,18,263,36,2.9,2023-12-18,36,Grey,Litre,Inactive,13058952.03,Yes
1989,17,56,SKU101989,Iste Nemo,Levis,18972,22536.15,15,18,744,81,1.7,2024-04-17,12,Yellow,Pack,Inactive,16766895.6,Yes
1990,15,35,SKU101990,Culpa Consequatur,Lenovo,22383,33811.68,0,18,591,54,1.7,2026-01-02,24,Brown,Pack,Inactive,19982702.88,Yes
1991,8,73,SKU101991,Unde Atque,Philips,39752,61091.36,30,18,290,51,1.8,2021-12-05,36,Grey,Pack,Active,17716494.4,No
1992,15,16,SKU101992,Delectus Dolorum,OnePlus,34377,41276.62,0,18,780,85,4.2,2021-10-27,12,Yellow,Litre,Inactive,32195763.6,Yes
1993,9,37,SKU101993,Eligendi Corrupti,Bajaj,42374,55127.84,30,18,528,65,2.7,2025-09-06,24,Pink,Piece,Inactive,29107499.52,Yes
1994,15,90,SKU101994,Earum Consequuntur,Prestige,1558,2393.23,30,18,598,16,1.3,2021-10-28,36,White,Piece,Active,1431151.54,Yes
1995,17,34,SKU101995,Rem Temporibus,Cello,29462,33920.03,30,18,491,55,2.7,2024-11-10,6,Silver,Piece,Inactive,16654734.73,Yes
1996,4,50,SKU101996,Unde Porro,Asus,43497,54208.81,10,18,209,46,3.8,2026-01-10,24,Brown,Kg,Inactive,11329641.29,Yes
1997,9,42,SKU101997,Soluta Voluptates,Samsung,42417,53766.17,30,18,418,100,3.3,2023-09-25,36,Silver,Pack,Active,22474259.06,Yes
1998,9,23,SKU101998,Architecto Maiores,OnePlus,28584,32472.87,50,18,601,31,4.6,2023-06-07,6,Green,Piece,Active,19516194.87,No
1999,2,88,SKU101999,Sequi Aut,Boat,35418,44692.67,40,18,438,32,4.0,2021-08-31,24,Yellow,Piece,Inactive,19575389.46,Yes
2000,17,83,SKU102000,Eos Ullam,Adidas,37650,46017.6,30,18,880,81,4.5,2025-09-25,12,Silver,Litre,Inactive,40495488.0,Yes
1861,5,26,SKU101861,Pariatur Accusamus,Milton,31969,37133.66,25,18,599,29,,2023-01-21,24,Yellow,Pack,Inactive,22243062.34,Yes
354,6,25,SKU100354,A Id,Nike,25107,38015.16,5,18,997,41,,2024-02-04,12,Black,Box,Inactive,37901114.52,Yes
1334,7,72,SKU101334,In Ex,Prestige,14936,20853.59,10,18,533,40,,2022-05-16,12,White,Litre,Inactive,11114963.47,Yes
906,11,79,SKU100906,Incidunt Accusantium,Boat,11009,15243.65,40,18,700,21,,2023-05-11,36,Yellow,Litre,Active,10670555.0,Yes
1290,5,28,SKU101290,A Iure,Asus,18886,29769.5,40,18,491,83,,2023-04-08,12,Silver,Kg,Active,14616824.5,Yes
1274,10,98,SKU101274,Hic Aspernatur,HP,13994,21315.26,20,18,964,19,,2025-07-26,6,Blue,Kg,Active,20547910.64,No
939,19,20,SKU100939,Illo Ad,Lenovo,9817,11810.56,10,18,103,13,,2025-10-29,6,Blue,Litre,Inactive,1216487.68,Yes
1732,16,91,SKU101732,Veniam Perferendis,Adidas,47805,53867.77,40,18,276,12,,2025-08-18,36,Silver,Litre,Active,14867504.52,No
66,11,25,SKU100066,Quis Voluptas,Cello,15750,21827.91,15,18,876,62,,2023-04-07,36,Grey,Box,Inactive,19121249.16,Yes
1324,2,87,SKU101324,Aut Laboriosam,Philips,16776,21016.16,25,18,292,93,,2023-01-01,12,White,Piece,Active,6136718.72,Yes
57,18,29,SKU100057,Sapiente Iste,Prestige,9864,15330.69,10,18,73,17,,2025-09-17,24,Pink,Piece,Inactive,1119140.37,No
1293,8,48,SKU101293,Dignissimos Repudiandae,Milton,46094,68009.98,50,18,609,74,,2022-10-05,36,Blue,Piece,Active,41418077.82,No
1119,10,31,SKU101119,Id Labore,Asus,32334,50567.72,30,18,602,37,,2026-03-18,24,Red,Litre,Active,30441767.44,No
585,2,42,SKU100585,Voluptate Soluta,Philips,26765,33108.78,50,18,477,73,,2022-12-18,12,Black,Pack,Inactive,15792888.06,No
375,16,51,SKU100375,Quis Amet,Prestige,37542,44977.18,50,18,252,41,,2022-02-19,24,Brown,Piece,Active,11334249.36,No
276,4,13,SKU100276,Saepe Id,Apple,733,1118.56,10,18,336,55,,2022-05-30,24,White,Pack,Inactive,375836.16,Yes
747,3,64,SKU100747,Minima Labore,Levis,13729,17784.55,40,18,814,12,,2026-04-20,6,Red,Kg,Inactive,14476623.7,No
129,10,79,SKU100129,Asperiores Consectetur,OnePlus,6222,8407.71,10,18,606,84,,2025-02-27,24,Brown,Piece,Active,5095072.26,Yes
1647,20,38,SKU101647,Amet Commodi,Dell,40973,65038.04,20,18,901,64,,2022-03-06,24,White,Litre,Inactive,58599274.04,Yes
1853,1,24,SKU101853,Ea Praesentium,HP,3054,3997.67,0,18,108,83,,2025-02-28,24,Brown,Box,Inactive,431748.36,No
