return_id,order_id,customer_id,return_date,return_reason,refund_amount,refund_status,inspection_status,return_mode,warehouse,product_condition,resolution,exchange_requested,processing_days,refund_method,customer_feedback,region,case_status,pickup_completed,ticket_status
1,5629,4356,2024-10-20,Changed Mind,27914.52,Completed,Passed,Pickup,Warehouse C,Opened,Refund,No,1,UPI,Excellent,South,Resolved,Yes,Active
2,1569,9474,2026-08-01,Missing Parts,1758.73,Completed,Failed,Drop,Warehouse A,Opened,Replacement,No,5,UPI,Good,East,Resolved,Yes,Closed
3,36369,7663,2025-03-24,Duplicate Order,86786.69,Rejected,Failed,Pickup,Warehouse C,Sealed,Refund,No,2,Wallet,Average,East,Resolved,Yes,Active
4,5775,1453,2024-11-11,Changed Mind,21619.59,Completed,Passed,Pickup,Warehouse B,Sealed,Replacement,No,3,Bank Transfer,Average,South,Pending,Yes,Active
5,196,2467,2024-10-07,Quality Issue,123341.42,Pending,Failed,Drop,Warehouse C,Opened,Replacement,Yes,4,UPI,Average,West,Pending,Yes,Active
6,4888,8383,2024-09-09,Duplicate Order,17308.29,Completed,Pending,Drop,Warehouse B,Sealed,Refund,No,3,UPI,Average,West,Pending,No,Active
7,47726,4580,2025-08-09,Wrong Item Delivered,102030.7,Completed,Passed,Pickup,Warehouse C,Opened,Replacement,Yes,7,Bank Transfer,Poor,East,Resolved,Yes,Closed
8,23971,7248,2025-08-15,Wrong Item Delivered,89232.17,Pending,Failed,Pickup,Warehouse B,Opened,Replacement,Yes,9,UPI,Average,South,Resolved,No,Active
9,32874,1496,2025-06-29,Damaged Product,39494.78,Rejected,Failed,Drop,Warehouse A,Opened,Replacement,No,4,UPI,Good,North,Resolved,No,Active
10,17097,5655,2025-08-08,Quality Issue,70562.37,Completed,Pending,Drop,Warehouse C,Opened,Replacement,No,4,Wallet,Good,East,Pending,No,Closed
11,30613,5269,2025-10-05,Wrong Item Delivered,111419.77,Completed,Passed,Pickup,Warehouse B,Opened,Refund,Yes,1,UPI,Excellent,South,Resolved,Yes,Closed
12,30187,9234,2025-07-27,Changed Mind,71655.36,Rejected,Failed,Pickup,Warehouse C,Opened,Replacement,Yes,13,Bank Transfer,Poor,South,Resolved,Yes,Closed
13,26382,791,2025-06-12,Not as Described,48296.55,Rejected,Passed,Pickup,Warehouse A,Sealed,Replacement,Yes,4,UPI,Good,West,Resolved,No,Active
14,1258,1051,2025-11-13,Wrong Item Delivered,95973.16,Pending,Pending,Pickup,Warehouse A,Opened,Refund,Yes,3,Bank Transfer,Poor,West,Resolved,No,Active
15,24078,6706,2024-10-09,Missing Parts,4375.29,Pending,Failed,Drop,Warehouse B,Sealed,Refund,Yes,5,UPI,Excellent,North,Pending,Yes,Active
16,39792,1613,2024-11-22,Quality Issue,28589.96,Completed,Pending,Pickup,Warehouse A,Opened,Refund,Yes,7,UPI,Good,North,Resolved,No,Closed
17,5932,8815,2024-12-24,Duplicate Order,61820.47,Completed,Failed,Drop,Warehouse A,Sealed,Replacement,No,15,UPI,Excellent,West,Resolved,Yes,Active
18,47577,8641,2026-03-31,Duplicate Order,88960.83,Completed,Passed,Drop,Warehouse B,Opened,Replacement,No,10,Wallet,Excellent,East,Resolved,Yes,Closed
19,1880,1987,2024-12-04,Quality Issue,58216.44,Pending,Failed,Pickup,Warehouse C,Sealed,Refund,No,9,Bank Transfer,Average,North,Resolved,No,Closed
20,6529,7984,2025-11-30,Quality Issue,20528.32,Rejected,Failed,Pickup,Warehouse C,Sealed,Replacement,Yes,2,UPI,Good,North,Pending,Yes,Closed
21,23052,4619,2026-01-02,Duplicate Order,61226.28,Completed,Failed,Pickup,Warehouse C,Opened,Refund,No,13,Wallet,Poor,South,Resolved,Yes,Active
22,1488,3272,2025-08-17,Quality Issue,35995.11,Rejected,Failed,Drop,Warehouse C,Opened,Replacement,Yes,13,Wallet,Excellent,West,Resolved,No,Active
23,34763,6716,2024-12-02, Not as Described ,72582.49,Pending,Failed,Pickup,Warehouse A,Opened,Refund,No,6,Bank Transfer,Excellent,East,Pending,No,Closed
24,20410,5356,2024-11-16,Changed Mind,38378.94,Completed,Pending,Drop,Warehouse A,Opened,Replacement,No,12,Bank Transfer,Poor,North,Pending,Yes,Closed
25,36460,4365,2025-07-20,Damaged Product,28497.53,Rejected,Pending,Pickup,Warehouse B,Sealed,Refund,No,10,Bank Transfer,Excellent,East,Pending,No,Closed
26,11122,3457,2025-06-16,Quality Issue,40800.29,Completed,Failed,Drop,Warehouse C,Opened,Replacement,No,9,UPI,Average,East,Resolved,No,Closed
27,45439,9870,2026-08-06,Late Delivery,77226.93,Rejected,Failed,Pickup,Warehouse C,Opened,Replacement,No,2,UPI,Average,South,Resolved,Yes,Active
28,16873,5107,2024-11-19,Not as Described,72546.32,Rejected,Passed,Drop,Warehouse B,Opened,Replacement,No,7,UPI,Good,North,Resolved,No,Active
29,48120,7051,2025-09-08,Not as Described,131076.28,Completed,Pending,Pickup,Warehouse A,Sealed,Refund,No,11,Wallet,Average,West,Pending,No,Active
30,18418,1076,2026-01-23,Not as Described,95432.74,Pending,Passed,Drop,Warehouse C,Sealed,Refund,No,8,UPI,,South,Pending,No,Closed
31,45069,5769,2025-09-14,Quality Issue,100308.46,Completed,Passed,Drop,Warehouse C,Opened,Refund,Yes,7,Bank Transfer,Average,West,Pending,Yes,Active
32,35759,4460,2025-10-14,Damaged Product,102548.15,Rejected,Failed,Drop,Warehouse A,Sealed,Replacement,No,14,Bank Transfer,Good,West,Resolved,No,Closed
33,11930,3551,2025-03-05,Duplicate Order,14062.24,Rejected,Pending,Drop,Warehouse C,Opened,Replacement,Yes,10,Wallet,Excellent,West,Resolved,Yes,Closed
34,33448,2686,2025-12-10,Quality Issue,35196.07,Completed,Failed,Drop,Warehouse B,Opened,Replacement,No,6,Bank Transfer,Average,West,Pending,Yes,Closed
35,21783,6420,2025-02-01,Damaged Product,40058.39,Pending,Passed,Pickup,Warehouse C,Opened,Refund,Yes,4,UPI,Good,South,Resolved,No,Active
36,15119,7426,2025-03-13,Not as Described,119502.64,Rejected,Failed,Drop,Warehouse A,Opened,Refund,No,2,Wallet,Excellent,East,Pending,No,Active
37,14286,8749,2025-05-11,Late Delivery,59197.08,Completed,Pending,Drop,WAREHOUSE C,Opened,Refund,No,9,Bank Transfer,Average,North,Pending,Yes,Closed
38,21760,1942,2025-01-25,Missing Parts,64897.96,Pending,Pending,Drop,Warehouse C,Opened,Replacement,Yes,12,Wallet,Average,West,Pending,No,Closed
39,7464,6491,2026-06-07,Wrong Item Delivered,12669.32,Pending,Failed,Pickup,Warehouse B,Sealed,Replacement,Yes,8,Bank Transfer,Good,West,Resolved,No,Closed
40,26370,5531,2026-08-14,Changed Mind,59245.14,Rejected,Passed,Pickup,Warehouse A,Opened,Replacement,No,9,UPI,Poor,West,Pending,Yes,Active
41,16594,9424,2024-09-16,Late Delivery,79078.48,Pending,Pending,Drop,Warehouse B,Sealed,Replacement,No,6,Wallet,Poor,East,Pending,No,Active
42,542,296,2025-02-15,Duplicate Order,86759.11,Completed,Pending,Pickup,Warehouse A,Opened,Replacement,No,12,Wallet,Average,North,Resolved,No,Active
43,3686,2681,2025-10-31,Damaged Product,55310.51,Rejected,Pending,Pickup,Warehouse B,Opened,Refund,No,12,UPI,Poor,North,Resolved,No,Closed
44,13389,8133,2026-06-24,Quality Issue,30374.48,Completed,Failed,Drop,Warehouse A,Opened,Replacement,No,2,Wallet,Excellent,South,Resolved,No,Active
45,49983,2808,2024-08-21,Missing Parts,70474.49,Rejected,Pending,Pickup,Warehouse C,Sealed,Replacement,No,5,Wallet,Poor,East,Resolved,Yes,Active
46,23227,2011,2026-07-12,Wrong Item Delivered,87092.01,Completed,Passed,Pickup,Warehouse C,Opened,Refund,Yes,7,Bank Transfer,Poor,East,Resolved,Yes,Closed
47,605,1617,2025-10-21,Not as Described,69394.54,Completed,Pending,Pickup,Warehouse B,Opened,Replacement,Yes,9,UPI,Good,East,Resolved,Yes,Active
48,30809,5981,2025-11-27,Changed Mind,49545.04,Pending,Passed,Drop,Warehouse C,Sealed,Replacement,No,9,Wallet,Poor,West,Resolved,Yes,Closed
49,39996,7444,2024-12-26,Changed Mind,44109.57,Completed,Passed,Pickup,Warehouse C,Opened,Replacement,Yes,13,UPI,Poor,West,Pending,Yes,Closed
50,32937,6992,2024-11-20,Wrong Item Delivered,42249.02,Pending,Failed,Drop,Warehouse B,Sealed,Refund,Yes,6,Bank Transfer,Poor,East,Pending,Yes,Closed
51,12311,5933,2026-06-24,Duplicate Order,36708.67,Completed,Failed,Pickup,Warehouse C,Sealed,Replacement,Yes,4,Wallet,Average,West,Pending,Yes,Active
52,46944,1021,2026-04-10,Changed Mind,55518.61,Pending,Pending,Drop,Warehouse A,Opened,Refund,Yes,5,Wallet,Excellent,West,Resolved,Yes,Active
53,17186,1468,2025-03-12,Quality Issue,117901.51,Pending,Pending,Drop,Warehouse C,Sealed,Replacement,No,8,UPI,Poor,South,Pending,Yes,Active
54,24188,6627,2025-11-17,Missing Parts,830.37,Pending,Pending,Drop,Warehouse A,Sealed,Replacement,No,14,UPI,Poor,West,Pending,No,Closed
55,47233,6222,2024-10-02,Late Delivery,123131.66,Rejected,Passed,Drop,Warehouse A,Sealed,Refund,No,12,Bank Transfer,Poor,West,Resolved,No,Active
56,43667,8486,2026-02-23,Duplicate Order,105755.39,Completed,Failed,Pickup,Warehouse C,Sealed,Refund,Yes,7,Wallet,Good,North,Pending,No,Closed
57,7838,4995,2026-07-18,Wrong Item Delivered,43428.05,Pending,Pending,Drop,Warehouse B,Sealed,Refund,Yes,4,Wallet,,South,Resolved,No,Active
58,23750,3278,2025-01-24,Wrong Item Delivered,33507.91,Pending,Passed,Drop,Warehouse A,Opened,Replacement,Yes,5,Bank Transfer,Average,West,Resolved,Yes,Closed
59,2017,1917,2025-05-09,Quality Issue,51071.16,Completed,Passed,Pickup,Warehouse C,Sealed,Refund,No,15,Wallet,Good,South,Pending,No,Closed
60,39404,1365,2025-09-21,Not as Described,60978.45,Pending,Pending,Pickup,Warehouse A,Sealed,Replacement,No,11,Bank Transfer,Average,West,Pending,Yes,Closed
61,28164,7330,2026-06-12,Late Delivery,46775.06,Pending,Pending,Drop,Warehouse C,Sealed,Replacement,Yes,14,Wallet,Poor,East,Resolved,Yes,Closed
62,11106,8468,2025-02-09,Changed Mind,16489.57,Completed,Pending,Drop,Warehouse A,Opened,Replacement,Yes,11,UPI,Excellent,East,Pending,Yes,Closed
63,42949,8909,2025-10-05,Changed Mind,20426.68,Pending,Pending,Drop,Warehouse A,Opened,Refund,No,9,Wallet,Average,South,Pending,No,Closed
64,3226,2961,2026-03-19,Wrong Item Delivered,85842.1,Pending,Passed,Pickup,Warehouse A,Sealed,Replacement,Yes,13,Bank Transfer,Excellent,East,Resolved,No,Closed
65,34540,871,2026-07-23,Changed Mind,89208.68,Rejected,Failed,Drop,Warehouse A,Opened,Replacement,Yes,10,Wallet,Average,South,Resolved,No,Closed
66,43034,7294,2026-07-02,Quality Issue,89104.67,Completed,Passed,Drop,Warehouse B,Opened,Refund,Yes,15,Wallet,,West,Pending,No,Closed
67,28418,5538,2026-01-05,Quality Issue,61972.71,Pending,Pending,Pickup,Warehouse B,Sealed,Replacement,Yes,12,Bank Transfer,Good,West,Pending,Yes,Closed
68,39171,7777,2024-10-30,Duplicate Order,16485.51,Rejected,Pending,Drop,Warehouse A,Sealed,Replacement,Yes,2,Bank Transfer,Excellent,South,Resolved,Yes,Closed
69,15572,805,2025-01-12,Late Delivery,146931.81,Completed,Pending,Pickup,Warehouse C,Opened,Refund,No,13,UPI,Excellent,East,Resolved,Yes,Closed
70,38737,438,2025-06-17,Damaged Product,12634.73,Completed,Passed,Drop,Warehouse A,Sealed,Refund,Yes,5,UPI,,West,Resolved,Yes,Closed
71,36747,9065,2025-05-11,Wrong Item Delivered,122430.65,Pending,Pending,Pickup,Warehouse C,Opened,Replacement,No,11,UPI,,West,Pending,No,Active
72,30632,4613,2026-01-25,Not as Described,111584.86,Completed,Passed,Drop,Warehouse C,Opened,Refund,Yes,5,Wallet,Average,West,Pending,No,Closed
73,191,5681,2025-07-11,Wrong Item Delivered,119237.56,Rejected,Pending,Pickup,Warehouse B,Sealed,Refund,No,6,Bank Transfer,Poor,West,Resolved,No,Closed
74,3586,5466,2026-03-17,Duplicate Order,76056.92,Completed,Pending,Drop,Warehouse A,Opened,Refund,Yes,7,UPI,Average,South,Resolved,No,Active
75,15165,2957,2025-03-17,Missing Parts,54540.83,Rejected,Passed,Drop,Warehouse C,Sealed,Replacement,Yes,10,Wallet,Good,South,Pending,Yes,Active
76,43488,4308,2025-01-10,Duplicate Order,105338.94,Completed,Failed,Pickup,Warehouse B,Opened,Replacement,Yes,3,Bank Transfer,Average,East,Pending,Yes,Active
77,14299,5800,2026-08-08,Missing Parts,60424.58,Completed,Passed,Pickup,Warehouse A,Opened,Replacement,No,8,Bank Transfer,Good,East,Pending,No,Active
78,9886,8232,2024-12-15,Quality Issue,27170.3,Rejected,Passed,Pickup,Warehouse B,Sealed,Replacement,No,10,Bank Transfer,Poor,East,Resolved,Yes,Closed
79,19463,3745,2025-04-12,Not as Described,10597.62,Rejected,Pending,Drop,Warehouse A,Opened,Replacement,Yes,1,UPI,Average,South,Resolved,No,Closed
80,38156,1399,2026-01-15,Not as Described,70149.21,Rejected,Failed,Pickup,Warehouse A,Sealed,Refund,No,2,Bank Transfer,Excellent,West,Resolved,No,Active
81,15638,786,2025-11-11,Missing Parts,60784.81,Rejected,Failed,Drop,Warehouse B,Opened,Replacement,Yes,6,UPI,Poor,East,Resolved,No,Active
82,49152,1166,2025-12-13,Missing Parts,83007.84,Rejected,Passed,Drop,Warehouse B,Sealed,Refund,No,13,UPI,Excellent,North,Resolved,No,Closed
83,25840,2259,2026-03-16,Quality Issue,47182.66,Completed,Passed,Pickup,Warehouse B,Opened,Refund,Yes,13,Wallet,Excellent,South,Pending,No,Closed
84,17885,8237,2024-09-27,Duplicate Order,22194.56,Rejected,Failed,Pickup,Warehouse B,Opened,Replacement,No,11,Bank Transfer,Average,North,Pending,Yes,Closed
85,2437,6914,2025-06-04,Damaged Product,63946.34,Pending,Failed,Pickup,Warehouse C,Opened,Replacement,No,10,Wallet,Excellent,West,Resolved,No,Closed
86,19898,3049,2025-06-06,Damaged Product,27326.56,Pending,Passed,Drop,Warehouse C,Opened,Refund,Yes,4,Wallet,Poor,West,Resolved,No,Closed
87,24038,7832,2025-07-24,Missing Parts,53013.23,Pending,Pending,Pickup,Warehouse C,Sealed,Refund,No,2,Wallet,Poor,East,Pending,Yes,Closed
88,21867,7562,2025-01-08,Quality Issue,117337.63,Pending,Failed,Drop,Warehouse A,Opened,Replacement,No,11,Bank Transfer,Good,North,Pending,No,Active
89,28552,5764,2025-12-26,Late Delivery,59810,Pending,Failed,Pickup,Warehouse A,Opened,Refund,Yes,5,UPI,Excellent,East,Resolved,No,Active
90,8979,9399,2025-11-14,Quality Issue,53310.67,Rejected,Failed,Pickup,Warehouse B,Sealed,Refund,No,10,Bank Transfer,Poor,South,Resolved,No,Closed
91,31446,1578,2025-11-16,Duplicate Order,130103.85,Rejected,Pending,Drop,Warehouse B,Sealed,Replacement,No,3,UPI,Good,East,Resolved,No,Closed
92,22078,649,2025-12-27,Wrong Item Delivered,25907.7,Pending,Passed,Pickup,Warehouse B,Sealed,Refund,No,2,UPI,Poor,East,Resolved,No,Active
93,26505,2961,2024-08-23,Late Delivery,105874.66,Pending,Passed,Drop,Warehouse A,Opened,Replacement,Yes,14,Wallet,Average,South,Resolved,Yes,Closed
94,213,9471,2025-05-07,Quality Issue,130611.88,Rejected,Failed,Drop,Warehouse C,Opened,Refund,Yes,5,UPI,Good,West,Resolved,No,Active
95,473,6472,2026-05-24,Late Delivery,81663.21,Pending,Pending,Drop,Warehouse A,Opened,Replacement,Yes,11,Wallet,Good,South,Pending,No,Active
96,22146,9413,2025-06-07,Missing Parts,89153.96,Completed,Pending,Pickup,Warehouse C,Sealed,Refund,Yes,7,Bank Transfer,Excellent,West,Pending,No,Active
97,42316,1251,2024-12-13,Duplicate Order,64042.94,Completed,Pending,Pickup,Warehouse C,Sealed,Refund,Yes,6,Wallet,Average,South,Pending,No,Active
98,48895,8062,2025-04-04,Not as Described,28265.71,Completed,Failed,Pickup,Warehouse A,Opened,Refund,No,15,Bank Transfer,Poor,West,Pending,Yes,Active
99,23955,2581,2026-06-21,Damaged Product,45775.57,Rejected,Failed,Drop,Warehouse A,Sealed,Replacement,No,12,Bank Transfer,Poor,East,Resolved,No,Closed
100,38100,6257,2026-03-19,Changed Mind,71749.48,Completed,Pending,Drop,Warehouse A,Sealed,Refund,No,6,UPI,,East,Pending,No,Closed
101,29061,1213,2026-05-11,Quality Issue,118934.72,Rejected,Failed,Drop,Warehouse B,Opened,Replacement,No,5,Wallet,Excellent,North,Pending,No,Active
102,3682,8973,2025-07-07,Not as Described,27940.76,Completed,Passed,Pickup,Warehouse A,Sealed,Replacement,No,10,UPI,Good,West,Pending,No,Closed
103,5638,3781,2026-02-08,Quality Issue,1597.78,Rejected,Failed,Drop,Warehouse B,Sealed,Refund,Yes,1,Wallet,Good,West,Pending,Yes,Closed
104,3103,2962,2025-08-30,Not as Described,57134.01,Completed,Pending,Drop,Warehouse C,Sealed,Refund,Yes,3,UPI,Poor,South,Pending,Yes,Closed
105,20472,9860,2024-08-20,Wrong Item Delivered,63407.97,Rejected,Pending,Drop,Warehouse B,Opened,Refund,No,9,UPI,Excellent,South,Resolved,Yes,Closed
106,10382,2905,2025-11-07,Duplicate Order,47034.65,Pending,Pending,Pickup,Warehouse C,Opened,Refund,No,7,Wallet,Poor,West,Pending,Yes,Active
107,27070,5816,2026-03-16,Not as Described,25023.18,Pending,Pending,Drop,Warehouse A,Opened,Refund,No,9,UPI,Excellent,South,Pending,Yes,Active
108,12002,3609,2024-12-17,Late Delivery,138346.66,Pending,Pending,Drop,Warehouse A,Sealed,Refund,No,3,Wallet,Average,North,Resolved,Yes,Active
109,20317,9725,2025-10-17,Duplicate Order,61938.99,Rejected,Passed,Pickup,Warehouse A,Opened,Replacement,Yes,13,Wallet,Poor,North,Pending,No,Closed
110,47199,6814,2025-09-22,Missing Parts,23881.95,Pending,Failed,Pickup,Warehouse C,Opened,Refund,No,7,Bank Transfer,Poor,South,Pending,Yes,Closed
111,46311,1802,2025-05-07,Duplicate Order,32036.3,Pending,Passed,Drop,Warehouse C,Opened,Replacement,Yes,8,UPI,Average,West,Resolved,Yes,Active
112,1811,7276,2024-12-03,Missing Parts,61381.64,Rejected,Failed,Pickup,Warehouse A,Sealed,Replacement,Yes,13,UPI,,West,Pending,No,Closed
113,21840,8850,2024-10-22,Missing Parts,67742.18,Rejected,Failed,Pickup,Warehouse A,Sealed,Refund,Yes,5,Bank Transfer,Poor,East,Resolved,Yes,Closed
114,45496,8138,2026-07-27,Duplicate Order,85785.07,Pending,Failed,Pickup,Warehouse B,Opened,Refund,No,9,Bank Transfer,Excellent,West,Pending,No,Active
115,42560,5213,2025-01-25,Missing Parts,71089.43,Pending,Failed,Drop,Warehouse A,Opened,Replacement,Yes,1,UPI,Good,East,Pending,No,Active
116,8761,6706,2024-10-06,Quality Issue,20479.58,Pending,Pending,Drop,Warehouse A,Sealed,Replacement,No,9,Wallet,Poor,East,Pending,Yes,Closed
117,40997,2124,2024-10-08,Missing Parts,38344.85,Rejected,Failed,Pickup,WAREHOUSE C,Sealed,Replacement,Yes,12,UPI,Poor,South,Pending,Yes,Active
118,28788,7869,2025-04-30,Wrong Item Delivered,28576.01,Completed,Passed,Drop,Warehouse B,Sealed,Refund,No,12,UPI,Poor,West,Resolved,Yes,Active
119,10350,3175,2024-08-25,Not as Described,85042.24,Rejected,Failed,Drop,Warehouse A,Sealed,Replacement,No,11,Wallet,Average,West,Resolved,Yes,Closed
120,43748,5137,2025-06-13,Changed Mind,83391.99,Pending,Pending,Pickup,Warehouse C,Sealed,Replacement,No,6,Wallet,Average,East,Resolved,No,Closed
121,38789,9577,2025-09-02,Quality Issue,89301.79,Pending,Passed,Drop,Warehouse C,Opened,Replacement,No,11,Bank Transfer,Poor,South,Resolved,No,Closed
122,15045,7430,2026-01-13,Late Delivery,68013.68,Completed,Passed,Pickup,Warehouse C,Opened,Refund,Yes,7,Bank Transfer,Poor,North,Resolved,Yes,Active
123,19541,906,2024-09-23,Not as Described,38228.53,Pending,Pending,Pickup,Warehouse B,Sealed,Replacement,Yes,15,UPI,Good,North,Resolved,No,Active
124,11781,6953,2025-08-07,Missing Parts,54697.17,Pending,Passed,Drop,Warehouse A,Opened,Replacement,Yes,15,Bank Transfer,Average,West,Pending,Yes,Closed
125,3111,2268,2024-11-15,Wrong Item Delivered,82029.33,Pending,Passed,Drop,Warehouse C,Sealed,Refund,Yes,12,Bank Transfer,,South,Resolved,No,Closed
126,39578,6998,2024-11-03,Missing Parts,74626.89,Rejected,Passed,Pickup,Warehouse A,Sealed,Replacement,Yes,1,Bank Transfer,Poor,South,Pending,No,Closed
127,28653,2608,2025-06-26,Damaged Product,26715.2,Pending,Pending,Drop,Warehouse C,Opened,Refund,Yes,8,Bank Transfer,Good,West,Pending,Yes,Closed
128,33804,9758,2026-01-07,Late Delivery,91814.04,Completed,Failed,Pickup,Warehouse B,Sealed,Replacement,No,13,Wallet,Good,South,Resolved,No,Closed
129,12139,4961,2026-01-19,Wrong Item Delivered,110446.83,Completed,Pending,Pickup,Warehouse C,Opened,Refund,No,14,Wallet,Poor,North,Resolved,No,Active
130,28652,1038,2026-02-11,Damaged Product,25983.16,Pending,Passed,Drop,Warehouse B,Opened,Replacement,No,12,UPI,Poor,East,Resolved,Yes,Active
131,17282,3756,2025-08-22,Wrong Item Delivered,86223.21,Rejected,Passed,Pickup,Warehouse B,Opened,Replacement,No,3,UPI,Poor,East,Pending,No,Closed
132,17875,7329,2025-12-19,Quality Issue,78893.2,Rejected,Failed,Pickup,Warehouse A,Sealed,Refund,Yes,14,UPI,Excellent,East,Pending,No,Closed
133,1580,3482,2025-08-19,Not as Described,38193.32,Pending,Passed,Drop,WAREHOUSE A,Opened,Refund,No,10,UPI,Good,South,Resolved,Yes,Active
134,42992,8772,2025-04-16,Damaged Product,14609.39,Completed,Pending,Pickup,Warehouse B,Sealed,Refund,Yes,13,UPI,Good,East,Resolved,No,Closed
135,9104,6649,2024-08-14,Quality Issue,85771.44,Rejected,Pending,Pickup,Warehouse B,Sealed,Replacement,Yes,9,Wallet,Good,West,Pending,Yes,Closed
136,40647,9340,2025-03-27,Duplicate Order,18927.19,Rejected,Failed,Drop,Warehouse A,Sealed,Replacement,Yes,13,Wallet,Poor,South,Resolved,No,Active
137,47438,4903,2026-01-05,Damaged Product,83834.5,Rejected,Failed,Drop,Warehouse C,Opened,Replacement,Yes,5,UPI,Average,North,Pending,No,Active
138,32054,1645,2025-09-15,Late Delivery,15534.39,Completed,Failed,Drop,Warehouse C,Opened,Refund,Yes,13,Wallet,Good,West,Resolved,No,Closed
139,10359,2723,2026-04-23,Late Delivery,56468.07,Rejected,Passed,Drop,Warehouse A,Opened,Replacement,Yes,9,Bank Transfer,Average,West,Pending,No,Closed
140,42435,4403,2024-11-22,Not as Described,31031.94,Pending,Passed,Drop,Warehouse B,Opened,Replacement,No,7,UPI,Good,South,Resolved,No,Closed
141,2807,7421,2026-06-27,Duplicate Order,35905.31,Completed,Failed,Pickup,Warehouse B,Sealed,Replacement,No,12,Wallet,Poor,West,Resolved,No,Active
142,12779,3310,2024-08-28,Not as Described,98279.93,Completed,Pending,Pickup,Warehouse C,Opened,Refund,Yes,13,UPI,Poor,South,Resolved,Yes,Active
143,13219,1058,2026-01-15,Not as Described,14167.68,Pending,Passed,Drop,Warehouse C,Sealed,Refund,Yes,9,Wallet,Poor,North,Resolved,No,Closed
144,2864,3208,2024-11-08,Missing Parts,23065.27,Completed,Passed,Pickup,Warehouse C,Opened,Refund,Yes,10,Wallet,Average,East,Pending,No,Active
145,10929,3321,2026-06-04,Not as Described,146419.72,Rejected,Passed,Pickup,Warehouse B,Opened,Refund,Yes,7,Bank Transfer,Poor,West,Resolved,Yes,Active
146,35628,9871,2024-09-13,Missing Parts,29291.78,Rejected,Failed,Pickup,Warehouse C,Opened,Refund,Yes,15,Wallet,Poor,East,Resolved,Yes,Closed
147,36315,1173,2026-01-14,Damaged Product,11957.34,Completed,Failed,Pickup,Warehouse A,Opened,Replacement,Yes,5,UPI,Good,West,Pending,No,Active
148,33891,1707,2026-04-16,Wrong Item Delivered,81530.78,Rejected,Pending,Drop,Warehouse A,Opened,Replacement,Yes,14,UPI,Average,West,Pending,Yes,Closed
149,47796,3746,2024-09-01,Not as Described,37609.67,Completed,Failed,Drop,Warehouse B,Opened,Replacement,Yes,13,Wallet,Average,South,Resolved,Yes,Closed
150,38740,4226,2025-04-12,Quality Issue,92075.58,Rejected,Failed,Drop,Warehouse B,Opened,Refund,Yes,5,Bank Transfer,Average,East,Resolved,Yes,Active
151,13501,6875,2024-11-11,Missing Parts,29676.46,Completed,Passed,Pickup,Warehouse B,Opened,Replacement,No,1,Bank Transfer,Poor,West,Resolved,Yes,Active
152,2380,8987,2024-10-30,Quality Issue,37516.34,Pending,Failed,Drop,Warehouse B,Opened,Refund,Yes,7,Bank Transfer,Poor,East,Pending,Yes,Closed
153,48260,5653,2026-07-10,Not as Described,38256.44,Rejected,Pending,Pickup,Warehouse B,Opened,Refund,No,1,Bank Transfer,Average,West,Pending,No,Closed
154,8140,5281,2026-04-15,Quality Issue,58765.92,Pending,Failed,Pickup,Warehouse B,Sealed,Refund,No,6,Bank Transfer,Poor,South,Pending,No,Closed
155,37482,451,2025-03-27,Duplicate Order,55110.56,Completed,Pending,Pickup,Warehouse C,Opened,Refund,No,12,UPI,Poor,East,Resolved,No,Closed
156,37639,7530,2025-10-24,Late Delivery,92468.07,Pending,Pending,Pickup,Warehouse C,Sealed,Replacement,Yes,8,Wallet,Poor,West,Pending,Yes,Closed
157,14994,9139,2024-10-14,Wrong Item Delivered,81430.62,Completed,Passed,Drop,Warehouse A,Opened,Replacement,No,13,Bank Transfer,Excellent,North,Resolved,No,Active
158,2546,9192,2025-04-18,Late Delivery,10809.23,Pending,Failed,Drop,Warehouse B,Opened,Replacement,Yes,8,UPI,Average,West,Resolved,Yes,Active
159,37304,8229,2026-06-03,Not as Described,71889.83,Completed,Pending,Drop,Warehouse B,Sealed,Refund,No,12,Wallet,Poor,East,Resolved,No,Active
160,27320,463,2025-10-27,Damaged Product,44911.89,Pending,Pending,Pickup,Warehouse C,Opened,Refund,Yes,9,UPI,Average,West,Pending,Yes,Closed
161,46032,9354,2024-10-28,Missing Parts,63280.99,Pending,Passed,Pickup,Warehouse B,Sealed,Replacement,Yes,12,UPI,Good,East,Resolved,Yes,Active
162,235,7036,2024-09-30,Not as Described,37229.2,Completed,Failed,Drop,Warehouse C,Sealed,Replacement,No,10,UPI,Average,East,Pending,Yes,Closed
163,18400,4936,2025-10-21, Wrong Item Delivered ,53289.55,Rejected,Passed,Drop,Warehouse A,Opened,Replacement,Yes,3,Bank Transfer,Good,West,Pending,Yes,Closed
164,37862,2089,2026-01-09,Quality Issue,53555.9,Rejected,Passed,Drop,Warehouse B,Opened,Refund,No,14,Bank Transfer,Excellent,East,Resolved,No,Active
165,27811,5134,2026-06-27,Not as Described,82337.81,Pending,Pending,Drop,Warehouse B,Sealed,Replacement,Yes,2,Wallet,Excellent,South,Pending,Yes,Closed
166,7371,1490,2026-05-23,Quality Issue,12521.68,Pending,Pending,Drop,Warehouse C,Opened,Refund,No,13,Wallet,Average,North,Pending,Yes,Closed
167,48092,6338,2025-12-06,Late Delivery,38276.92,Pending,Passed,Drop,Warehouse B,Sealed,Refund,No,14,UPI,Good,South,Pending,No,Active
168,14978,3408,2025-02-07,Late Delivery,20924.64,Completed,Passed,Drop,WAREHOUSE C,Sealed,Refund,No,12,Bank Transfer,Average,East,Resolved,Yes,Closed
169,31724,7414,2026-08-04,Changed Mind,11308.95,Rejected,Passed,Pickup,Warehouse A,Opened,Replacement,Yes,13,Wallet,Poor,West,Resolved,No,Closed
170,28912,8044,2025-11-21,Wrong Item Delivered,101174.64,Pending,Pending,Drop,Warehouse C,Sealed,Replacement,No,6,Wallet,Excellent,North,Pending,No,Active
171,30716,477,2024-12-27,Late Delivery,100254.19,Pending,Passed,Drop,Warehouse B,Sealed,Replacement,No,9,Wallet,Good,West,Pending,Yes,Active
172,5581,2686,2024-10-05,Not as Described,41594.01,Completed,Passed,Pickup,Warehouse B,Sealed,Refund,No,4,Wallet,Good,East,Resolved,No,Active
173,14167,7242,2026-02-03,Wrong Item Delivered,33484.57,Pending,Pending,Pickup,Warehouse A,Sealed,Replacement,Yes,7,Wallet,Excellent,North,Resolved,Yes,Closed
174,20642,5630,2025-02-07,Late Delivery,42396.48,Rejected,Pending,Drop,Warehouse A,Opened,Replacement,Yes,14,Bank Transfer,Good,West,Resolved,Yes,Closed
175,6987,141,2026-03-15,Wrong Item Delivered,37896.7,Completed,Failed,Drop,Warehouse B,Opened,Replacement,Yes,11,Wallet,Good,North,Resolved,Yes,Closed
176,29477,4667,2025-03-11,Quality Issue,31003.36,Pending,Pending,Drop,Warehouse A,Opened,Refund,Yes,13,UPI,Poor,East,Pending,No,Active
177,17003,290,2025-05-17,Wrong Item Delivered,69103.12,Completed,Pending,Drop,Warehouse C,Opened,Replacement,Yes,9,Wallet,Good,West,Pending,Yes,Active
178,1285,8533,2025-04-03,Late Delivery,32447.45,Pending,Pending,Pickup,Warehouse C,Opened,Replacement,No,3,Bank Transfer,Poor,East,Resolved,No,Active
179,48786,7239,2025-04-20,Damaged Product,24393.4,Pending,Passed,Pickup,Warehouse A,Sealed,Replacement,No,7,Wallet,Poor,North,Resolved,No,Active
180,35894,3509,2025-02-11,Late Delivery,57487.56,Completed,Pending,Drop,Warehouse B,Opened,Replacement,No,12,UPI,Excellent,South,Resolved,No,Active
181,7708,8090,2026-06-26,Damaged Product,59840.92,Pending,Pending,Pickup,Warehouse A,Opened,Refund,Yes,-5,Bank Transfer,Average,East,Resolved,No,Active
182,32044,2198,2025-05-02,Changed Mind,92627.54,Rejected,Passed,Pickup,Warehouse B,Sealed,Replacement,Yes,5,Wallet,Excellent,West,Pending,No,Active
183,23356,4551,2026-06-04,Quality Issue,47439.47,Pending,Passed,Drop,Warehouse A,Opened,Refund,Yes,1,UPI,Good,North,Pending,No,Closed
184,27798,4672,2026-04-13,Damaged Product,17713.48,Rejected,Pending,Drop,Warehouse A,Sealed,Refund,No,15,Wallet,Average,East,Resolved,No,Active
185,22180,9074,2025-04-15,Damaged Product,51536.13,Completed,Passed,Pickup,Warehouse B,Opened,Replacement,No,-5,Bank Transfer,Average,North,Pending,Yes,Closed
186,21235,1613,2025-12-06,Changed Mind,25550,Rejected,Pending,Pickup,Warehouse B,Sealed,Replacement,Yes,12,Wallet,Good,South,Resolved,No,Active
187,17947,4181,2025-12-12,Damaged Product,115036.82,Pending,Passed,Drop,Warehouse C,Sealed,Refund,Yes,9,UPI,Poor,West,Resolved,Yes,Closed
188,40969,7701,2025-03-26,Late Delivery,54452.18,Rejected,Failed,Drop,Warehouse B,Opened,Refund,Yes,11,Bank Transfer,Excellent,North,Pending,Yes,Active
189,17052,6369,2025-12-31,Duplicate Order,94053.75,Pending,Pending,Drop,Warehouse B,Sealed,Replacement,Yes,2,UPI,Good,North,Resolved,Yes,Active
190,24732,5217,2025-01-07,Missing Parts,49441.98,Completed,Pending,Drop,Warehouse A,Sealed,Replacement,No,5,UPI,Excellent,South,Pending,Yes,Active
191,48744,9332,2026-06-05,Quality Issue,52618.16,Completed,Pending,Pickup,Warehouse B,Sealed,Refund,No,5,UPI,Excellent,West,Pending,Yes,Active
192,17257,86,2024-12-04,Quality Issue,27341.93,Completed,Passed,Pickup,Warehouse A,Opened,Refund,No,6,Wallet,Excellent,East,Resolved,Yes,Active
193,36300,7749,2025-08-18,Not as Described,19084.64,Completed,Passed,Drop,Warehouse A,Opened,Replacement,Yes,3,Wallet,Poor,West,Pending,Yes,Closed
194,43141,2804,2025-04-27,Duplicate Order,37129.29,Completed,Passed,Drop,Warehouse B,Sealed,Refund,Yes,10,Wallet,Good,East,Pending,No,Closed
195,40789,2271,2025-01-16,Missing Parts,44039.25,Completed,Failed,Pickup,Warehouse C,Opened,Refund,No,13,Wallet,Average,West,Pending,No,Closed
196,19474,7174,2025-05-19,Damaged Product,13350.23,Pending,Pending,Pickup,Warehouse A,Sealed,Refund,No,9,Bank Transfer,Good,South,Resolved,Yes,Active
197,31804,6551,2025-01-25,Damaged Product,61835.95,Completed,Pending,Drop,Warehouse B,Opened,Refund,Yes,10,Bank Transfer,Average,North,Pending,Yes,Active
198,33982,1430,2025-08-12,Not as Described,129977.79,Rejected,Failed,Pickup,WAREHOUSE B,Opened,Refund,Yes,4,Wallet,Good,North,Pending,Yes,Closed
199,7929,9512,2025-02-26,Quality Issue,15644.79,Pending,Pending,Pickup,Warehouse B,Opened,Refund,Yes,10,Wallet,Good,North,Pending,Yes,Closed
200,24228,4135,2025-05-29,Missing Parts,49545.7,Rejected,Passed,Drop,Warehouse B,Sealed,Refund,Yes,12,Bank Transfer,Poor,East,Resolved,No,Active
201,2207,3477,2024-10-18,Quality Issue,45513.99,Pending,Failed,Drop,Warehouse A,Opened,Refund,No,14,Wallet,Excellent,South,Pending,Yes,Active
202,49007,3967,2024-09-14,Duplicate Order,20400.96,Rejected,Passed,Pickup,Warehouse B,Sealed,Refund,Yes,14,Wallet,Average,West,Resolved,No,Active
203,31549,6050,2025-08-05,Duplicate Order,121944.93,Pending,Passed,Pickup,Warehouse A,Sealed,Replacement,No,3,Bank Transfer,Poor,West,Pending,No,Active
204,33930,6017,2025-08-09,Late Delivery,27493.86,Completed,Failed,Pickup,Warehouse A,Sealed,Refund,No,5,UPI,Excellent,East,Resolved,No,Active
205,2366,8212,2026-02-10,Wrong Item Delivered,12383.93,Pending,Pending,Drop,Warehouse C,Opened,Replacement,Yes,10,Bank Transfer,Good,North,Resolved,No,Active
206,26855,4649,2024-09-30,Changed Mind,34280.35,Rejected,Failed,Drop,Warehouse A,Opened,Refund,No,10,Wallet,Poor,South,Resolved,No,Active
207,47502,6139,2025-05-23,Not as Described,55620.68,Completed,Passed,Pickup,Warehouse A,Opened,Replacement,Yes,8,UPI,Average,West,Pending,No,Closed
208,38598,5208,2026-07-10,Missing Parts,60796.51,Completed,Failed,Drop,Warehouse B,Opened,Replacement,Yes,5,Bank Transfer,Poor,East,Resolved,No,Active
209,41181,7932,2024-08-27,Wrong Item Delivered,83434.59,Completed,Pending,Drop,Warehouse C,Sealed,Refund,Yes,14,Bank Transfer,Poor,West,Resolved,No,Closed
210,45807,2420,2025-10-26,Damaged Product,68566.03,Rejected,Pending,Pickup,Warehouse A,Sealed,Refund,Yes,4,UPI,Good,North,Pending,Yes,Closed
211,21300,8943,2026-01-01,Quality Issue,6703.79,Rejected,Failed,Drop,Warehouse C,Opened,Refund,No,9,Bank Transfer,Average,East,Pending,Yes,Closed
212,686,2064,2024-09-09,Quality Issue,6002.55,Rejected,Pending,Pickup,Warehouse A,Opened,Replacement,No,15,Bank Transfer,Average,West,Pending,No,Active
213,49989,995,2024-12-10,Quality Issue,70997.06,Rejected,Pending,Drop,Warehouse A,Sealed,Replacement,Yes,1,Wallet,Poor,East,Pending,Yes,Closed
214,26464,2166,2026-04-25,Changed Mind,36230.08,Pending,Failed,Pickup,Warehouse A,Opened,Replacement,No,13,Bank Transfer,Average,West,Resolved,Yes,Closed
215,41515,1900,2024-10-14,Missing Parts,133462.12,Rejected,Failed,Drop,Warehouse A,Opened,Refund,No,12,Wallet,Poor,South,Resolved,Yes,Active
216,43425,5638,2024-11-26,Damaged Product,73885.25,Completed,Passed,Drop,Warehouse A,Sealed,Refund,No,6,Bank Transfer,Poor,North,Resolved,Yes,Closed
217,6770,3732,2025-02-25,Quality Issue,83695.5,Pending,Pending,Drop,Warehouse B,Opened,Replacement,Yes,5,UPI,Poor,North,Resolved,Yes,Active
218,2493,7217,2026-03-04,Late Delivery,30826.52,Pending,Pending,Drop,Warehouse C,Opened,Refund,No,15,UPI,Good,North,Resolved,No,Closed
219,37892,8338,2025-07-19,Changed Mind,17502.92,Pending,Failed,Drop,Warehouse B,Sealed,Refund,No,5,Wallet,Poor,North,Resolved,No,Closed
220,20015,4868,2024-10-11,Not as Described,13705.06,Completed,Failed,Drop,Warehouse C,Sealed,Replacement,No,11,Wallet,Average,South,Resolved,Yes,Active
221,2884,3664,2024-09-06,Missing Parts,70776.01,Rejected,Failed,Pickup,Warehouse C,Opened,Replacement,No,5,Bank Transfer,Poor,West,Resolved,Yes,Closed
222,30522,1530,2026-02-06,Not as Described,26304.85,Rejected,Failed,Drop,Warehouse A,Opened,Replacement,Yes,8,UPI,Average,South,Pending,Yes,Active
223,5765,2936,2025-01-08,Changed Mind,15212.53,Pending,Failed,Drop,Warehouse B,Sealed,Replacement,Yes,8,UPI,Excellent,West,Resolved,Yes,Closed
224,2600,9326,2026-06-11,Damaged Product,16778.76,Completed,Passed,Pickup,Warehouse B,Sealed,Replacement,Yes,6,Wallet,Good,North,Pending,No,Active
225,44244,9072,2026-04-06,Damaged Product,93644.8,Pending,Failed,Pickup,Warehouse A,Opened,Replacement,Yes,3,Wallet,Poor,West,Pending,No,Closed
226,1695,9653,2024-08-18,Late Delivery,45098.4,Rejected,Failed,Pickup,Warehouse B,Opened,Refund,Yes,11,Wallet,Good,South,Pending,No,Active
227,28951,1292,2024-07-29,Changed Mind,80334.15,Completed,Passed,Pickup,Warehouse B,Sealed,Replacement,No,7,Wallet,Good,East,Pending,No,Active
228,30329,3092,2025-08-05,Missing Parts,131134.08,Completed,Passed,Pickup,Warehouse C,Opened,Refund,Yes,10,Wallet,Good,North,Pending,Yes,Closed
229,1456,4450,2026-03-20,Damaged Product,101172.79,Rejected,Passed,Pickup,Warehouse C,Opened,Refund,Yes,7,Bank Transfer,Poor,North,Pending,No,Active
230,6654,6438,2024-11-18,Damaged Product,24813.36,Pending,Failed,Pickup,Warehouse C,Sealed,Refund,No,14,UPI,Excellent,East,Resolved,Yes,Closed
231,25595,7021,2024-10-26,Changed Mind,52566.74,Rejected,Passed,Drop,Warehouse C,Sealed,Replacement,Yes,1,Wallet,Poor,South,Pending,No,Active
232,13590,8096,2025-05-29,Wrong Item Delivered,51734.53,Completed,Pending,Drop,Warehouse A,Opened,Refund,Yes,15,Bank Transfer,Good,West,Pending,No,Closed
233,1490,4855,2025-07-10,Quality Issue,36698.32,Completed,Failed,Drop,Warehouse C,Sealed,Replacement,Yes,2,UPI,Excellent,South,Resolved,No,Closed
234,30847,7830,2026-04-12,Changed Mind,34267,Rejected,Passed,Drop,Warehouse B,Opened,Refund,No,7,Bank Transfer,Average,West,Pending,No,Active
235,34849,4173,2025-07-31,Damaged Product,81844.06,Completed,Passed,Drop,Warehouse C,Sealed,Replacement,Yes,10,Bank Transfer,Average,North,Resolved,No,Closed
236,49404,6267,2026-03-31,Not as Described,124074.73,Completed,Passed,Drop,Warehouse C,Sealed,Refund,Yes,11,Bank Transfer,Excellent,West,Resolved,No,Closed
237,16514,1564,2026-06-24,Missing Parts,69325,Completed,Pending,Pickup,Warehouse A,Opened,Replacement,No,14,UPI,Excellent,West,Pending,Yes,Closed
238,34951,6667,2025-11-19,Late Delivery,35669.86,Rejected,Pending,Drop,Warehouse B,Opened,Refund,No,8,Wallet,Poor,North,Pending,No,Closed
239,38483,7015,2024-09-11,Damaged Product,37286.33,Completed,Failed,Drop,Warehouse A,Opened,Refund,No,15,Wallet,Good,West,Pending,No,Active
240,1535,3154,2025-01-31,Not as Described,8096.84,Pending,Pending,Drop,WAREHOUSE C,Sealed,Replacement,Yes,2,Wallet,Good,North,Pending,No,Closed
241,45863,5281,2025-08-28,Wrong Item Delivered,60520.51,Completed,Passed,Drop,Warehouse A,Sealed,Refund,No,10,UPI,Good,North,Pending,Yes,Closed
242,39430,130,2025-04-30,Duplicate Order,95675.34,Completed,Failed,Pickup,Warehouse C,Opened,Replacement,No,11,Wallet,Good,West,Resolved,Yes,Closed
243,37298,4852,2026-08-07,Quality Issue,24709.9,Rejected,Pending,Pickup,Warehouse C,Opened,Refund,No,11,Wallet,Average,West,Pending,Yes,Closed
244,26456,231,2025-08-27,Changed Mind,83812.64,Pending,Passed,Pickup,Warehouse B,Sealed,Replacement,Yes,4,UPI,Average,East,Resolved,Yes,Closed
245,41715,4494,2026-03-25,Duplicate Order,63457.65,Rejected,Failed,Drop,Warehouse C,Sealed,Replacement,Yes,9,UPI,Excellent,West,Resolved,Yes,Active
246,43682,1935,2024-11-13,Quality Issue,84067.57,Pending,Pending,Drop,Warehouse A,Opened,Replacement,Yes,13,Wallet,Excellent,East,Pending,Yes,Active
247,12854,7161,2025-09-15,Missing Parts,4963.92,Completed,Pending,Drop,Warehouse C,Opened,Replacement,No,7,Wallet,Average,North,Resolved,No,Active
248,18649,9099,2024-10-21,Not as Described,49823.68,Completed,Pending,Drop,Warehouse C,Opened,Refund,No,8,UPI,Excellent,South,Resolved,Yes,Closed
249,29886,8285,2026-01-03,Changed Mind,21941.02,Completed,Passed,Drop,Warehouse A,Sealed,Replacement,Yes,1,UPI,Average,North,Pending,No,Closed
250,14751,4906,2024-12-09,Duplicate Order,38285,Rejected,Passed,Pickup,Warehouse C,Opened,Refund,No,9,Wallet,Poor,North,Pending,Yes,Active
251,602,847,2025-11-07,Duplicate Order,24820.45,Pending,Passed,Drop,Warehouse C,Opened,Refund,No,8,UPI,Good,North,Pending,No,Active
252,28901,917,2025-10-09,Changed Mind,68566.62,Completed,Pending,Drop,Warehouse C,Sealed,Replacement,Yes,5,Wallet,,East,Resolved,Yes,Active
253,39516,3124,2026-06-25,Damaged Product,9333.79,Rejected,Passed,Pickup,Warehouse C,Opened,Replacement,Yes,4,Wallet,Poor,North,Resolved,Yes,Closed
254,42724,6395,2025-04-27,Wrong Item Delivered,32911.09,Completed,Passed,Pickup,Warehouse B,Opened,Refund,No,7,Bank Transfer,Poor,West,Pending,No,Active
255,48552,3229,2025-02-14,Damaged Product,61684.19,Rejected,Pending,Pickup,Warehouse C,Opened,Refund,No,15,Wallet,Excellent,East,Pending,Yes,Closed
256,31984,4342,2025-06-17,Missing Parts,135329.27,Pending,Pending,Pickup,Warehouse B,Opened,Refund,Yes,12,Bank Transfer,Average,South,Pending,No,Active
257,39282,205,2025-03-16,Quality Issue,35353.48,Completed,Passed,Pickup,Warehouse C,Sealed,Refund,No,4,Wallet,Average,South,Pending,Yes,Active
258,20424,6100,2026-07-21,Changed Mind,52282.11,Completed,Passed,Pickup,Warehouse C,Opened,Replacement,Yes,5,Wallet,Excellent,East,Resolved,Yes,Closed
259,38891,4132,2025-09-08,Late Delivery,81739.85,Completed,Failed,Pickup,Warehouse A,Sealed,Replacement,No,6,Wallet,Average,South,Pending,No,Closed
260,38957,8389,2025-02-09,Late Delivery,66728.63,Completed,Pending,Drop,Warehouse B,Sealed,Refund,No,15,Bank Transfer,Poor,West,Pending,No,Closed
261,42453,4786,2025-01-20,Wrong Item Delivered,65922.4,Pending,Passed,Pickup,Warehouse B,Opened,Refund,Yes,14,Wallet,Excellent,West,Resolved,Yes,Closed
262,20613,7777,2025-12-23,Not as Described,44809.52,Rejected,Passed,Drop,Warehouse B,Opened,Replacement,Yes,8,Wallet,Excellent,West,Pending,Yes,Active
263,17337,1847,2025-03-22,Quality Issue,48328.67,Rejected,Passed,Drop,Warehouse A,Opened,Refund,No,6,UPI,Good,West,Resolved,Yes,Closed
264,26868,3190,2025-09-14,Late Delivery,14951.94,Rejected,Failed,Drop,Warehouse B,Sealed,Refund,Yes,11,Bank Transfer,Excellent,East,Pending,Yes,Closed
265,28905,4663,2025-10-09,Wrong Item Delivered,53070.3,Rejected,Failed,Drop,Warehouse A,Sealed,Replacement,No,8,Bank Transfer,Excellent,South,Pending,Yes,Active
266,39828,6095,2026-03-14,Changed Mind,109242.83,Completed,Passed,Pickup,Warehouse A,Sealed,Refund,Yes,7,Bank Transfer,Excellent,West,Pending,No,Active
267,24456,4094,2025-04-02,Missing Parts,25338.91,Completed,Passed,Pickup,Warehouse A,Opened,Refund,Yes,15,Wallet,Good,North,Resolved,No,Active
268,5754,3482,2026-04-26,Damaged Product,127988.54,Rejected,Pending,Drop,Warehouse A,Opened,Replacement,No,14,Bank Transfer,Good,South,Pending,Yes,Active
269,8190,2011,2024-12-07,Changed Mind,11159.34,Completed,Pending,Drop,Warehouse B,Opened,Refund,No,7,UPI,Excellent,North,Resolved,No,Active
270,187,4843,2025-07-29,Not as Described,5991.55,Rejected,Pending,Pickup,Warehouse C,Opened,Refund,No,11,UPI,Excellent,West,Pending,No,Active
271,42968,9764,2025-03-11,Late Delivery,111666.77,Pending,Failed,Drop,Warehouse C,Opened,Replacement,Yes,5,Bank Transfer,Good,North,Pending,No,Closed
272,30688,2358,2026-02-05,Damaged Product,421.56,Rejected,Pending,Pickup,Warehouse C,Opened,Replacement,Yes,12,Bank Transfer,Poor,East,Resolved,Yes,Closed
273,7506,8850,2025-07-27,Changed Mind,68737.98,Rejected,Failed,Drop,Warehouse C,Sealed,Replacement,Yes,7,Wallet,Poor,South,Pending,No,Closed
274,3831,5057,2025-09-10,Missing Parts,21373.45,Rejected,Passed,Pickup,Warehouse C,Opened,Replacement,Yes,2,UPI,Poor,East,Resolved,Yes,Closed
275,48677,9808,2025-01-30,Wrong Item Delivered,56264.8,Completed,Failed,Drop,Warehouse A,Opened,Replacement,Yes,6,UPI,Excellent,West,Pending,No,Active
276,13279,7911,2025-12-11,Not as Described,45743.77,Pending,Passed,Pickup,Warehouse C,Sealed,Refund,Yes,13,Wallet,,South,Resolved,No,Active
277,31251,6389,2025-06-07,Quality Issue,17778.91,Completed,Failed,Drop,Warehouse B,Sealed,Replacement,Yes,9,UPI,Excellent,North,Pending,No,Closed
278,14723,4898,2024-12-13,Late Delivery,54326.32,Pending,Failed,Pickup,Warehouse B,Opened,Replacement,Yes,9,UPI,Average,East,Resolved,No,Closed
279,10344,6468,2024-12-05,Missing Parts,87845.03,Rejected,Failed,Pickup,Warehouse B,Sealed,Replacement,Yes,8,UPI,Average,North,Pending,Yes,Active
280,35365,1846,2025-06-30, Duplicate Order ,45880.65,Rejected,Pending,Pickup,Warehouse C,Sealed,Refund,No,2,Bank Transfer,Average,North,Resolved,No,Closed
281,47904,923,2026-02-26,Changed Mind,9278.29,Completed,Pending,Pickup,Warehouse B,Opened,Refund,Yes,14,Bank Transfer,Good,South,Resolved,Yes,Closed
282,9751,3066,2026-07-30,Wrong Item Delivered,127163.4,Completed,Pending,Drop,Warehouse C,Opened,Refund,No,6,Wallet,Average,West,Pending,No,Active
283,42012,5668,2024-08-23,Changed Mind,90752.78,Pending,Passed,Pickup,Warehouse A,Sealed,Replacement,Yes,9,Bank Transfer,Poor,South,Pending,Yes,Closed
284,37132,4408,2026-04-12,Damaged Product,4696.81,Rejected,Passed,Drop,Warehouse C,Opened,Replacement,No,10,Bank Transfer,Good,East,Resolved,No,Closed
285,43896,9040,2025-10-22,Quality Issue,58120.75,Pending,Failed,Pickup,Warehouse B,Sealed,Replacement,No,5,Bank Transfer,Good,South,Resolved,Yes,Closed
286,45850,2578,2025-03-06,Missing Parts,82065.66,Pending,Passed,Pickup,Warehouse C,Opened,Replacement,Yes,3,Bank Transfer,Poor,South,Pending,No,Closed
287,8732,7909,2026-07-25,Damaged Product,29484.14,Pending,Passed,Pickup,Warehouse A,Opened,Replacement,No,14,Wallet,Excellent,West,Pending,No,Closed
288,12833,4461,2024-12-07,Changed Mind,5754.84,Pending,Passed,Drop,Warehouse A,Sealed,Refund,Yes,13,Bank Transfer,Average,East,Pending,No,Active
289,29735,8270,2024-09-15,Not as Described,64041.74,Rejected,Passed,Pickup,Warehouse C,Sealed,Replacement,No,14,UPI,Excellent,South,Pending,Yes,Closed
290,23753,5247,2024-11-24,Changed Mind,80245.97,Rejected,Pending,Drop,Warehouse B,Sealed,Replacement,No,7,UPI,Good,North,Resolved,Yes,Closed
291,22877,8812,2026-06-11,Wrong Item Delivered,67469.12,Completed,Passed,Drop,Warehouse A,Opened,Refund,No,9,UPI,Excellent,West,Resolved,Yes,Closed
292,16801,5133,2025-12-26,Missing Parts,9960.52,Pending,Passed,Pickup,Warehouse C,Sealed,Replacement,Yes,3,Wallet,Good,North,Resolved,No,Closed
293,26090,1182,2026-06-02,Changed Mind,49845.65,Rejected,Failed,Pickup,Warehouse C,Opened,Replacement,No,9,Wallet,Average,East,Pending,Yes,Active
294,20683,95,2025-02-11,Missing Parts,10725.82,Pending,Passed,Drop,Warehouse A,Opened,Refund,No,5,Bank Transfer,Excellent,West,Pending,No,Active
295,29669,4583,2026-02-17,Changed Mind,17147.82,Rejected,Passed,Pickup,Warehouse C,Sealed,Refund,No,15,Wallet,Poor,West,Resolved,Yes,Closed
296,23297,5282,2025-02-17,Changed Mind,8985.67,Completed,Failed,Pickup,Warehouse C,Sealed,Replacement,No,7,UPI,Excellent,South,Resolved,No,Active
297,14684,3488,2024-12-10,Not as Described,9522.65,Pending,Pending,Drop,Warehouse A,Sealed,Refund,Yes,1,Wallet,Excellent,South,Resolved,No,Closed
298,34787,8594,2025-08-22,Damaged Product,28459.98,Completed,Passed,Pickup,Warehouse A,Sealed,Refund,No,7,Bank Transfer,Poor,East,Pending,Yes,Closed
299,46435,8677,2024-09-26, Quality Issue ,61153.09,Completed,Failed,Drop,Warehouse A,Sealed,Refund,Yes,15,Bank Transfer,,North,Resolved,Yes,Closed
300,29332,2241,2026-03-28,Late Delivery,104305.87,Rejected,Passed,Pickup,Warehouse B,Opened,Refund,No,7,Wallet,Average,East,Resolved,Yes,Active
301,42978,6994,2025-04-27,Changed Mind,79838.99,Completed,Failed,Pickup,Warehouse C,Opened,Refund,Yes,11,Bank Transfer,Average,North,Resolved,No,Active
302,2915,7856,2026-04-11,Damaged Product,60738.98,Completed,Pending,Drop,Warehouse C,Opened,Replacement,Yes,4,UPI,Poor,North,Pending,Yes,Active
303,46199,9063,2025-05-24,Wrong Item Delivered,107747.24,Completed,Failed,Pickup,Warehouse B,Sealed,Replacement,Yes,1,Wallet,Poor,East,Resolved,No,Active
304,33466,9539,2026-06-09,Changed Mind,23192.38,Rejected,Pending,Drop,Warehouse A,Opened,Replacement,No,12,Bank Transfer,Average,South,Resolved,Yes,Closed
305,37016,9398,2025-12-13,Duplicate Order,11045.2,Pending,Passed,Drop,Warehouse C,Opened,Refund,No,13,Wallet,Good,East,Resolved,No,Active
306,7888,4299,2025-03-17,Quality Issue,94157.85,Rejected,Failed,Drop,Warehouse B,Sealed,Refund,Yes,9,Wallet,Excellent,North,Resolved,Yes,Active
307,23918,1476,2025-10-10,Late Delivery,60810.51,Completed,Passed,Drop,Warehouse C,Sealed,Replacement,Yes,6,UPI,Excellent,North,Resolved,No,Active
308,19289,1965,2025-09-03,Damaged Product,50618.3,Pending,Pending,Drop,Warehouse B,Opened,Replacement,Yes,12,UPI,Average,North,Resolved,Yes,Active
309,26747,5060,2025-07-12,Missing Parts,10847.2,Completed,Passed,Pickup,Warehouse C,Opened,Replacement,Yes,13,Wallet,Average,West,Pending,Yes,Active
310,17470,13,2025-09-30,Missing Parts,48491.16,Rejected,Failed,Pickup,Warehouse C,Sealed,Replacement,No,9,Bank Transfer,Average,West,Pending,No,Active
311,1447,9210,2024-08-28,Missing Parts,39272.74,Rejected,Pending,Drop,Warehouse B,Sealed,Replacement,No,1,Wallet,Excellent,East,Resolved,Yes,Closed
312,18803,2970,2025-09-07,Late Delivery,91541.72,Completed,Failed,Pickup,Warehouse C,Sealed,Refund,Yes,1,Bank Transfer,Average,South,Resolved,No,Closed
313,24348,7776,2024-09-24,Late Delivery,106586.43,Pending,Failed,Pickup,Warehouse C,Sealed,Refund,Yes,12,Bank Transfer,Poor,South,Pending,Yes,Closed
314,33813,7760,2025-02-22,Missing Parts,2194.74,Completed,Passed,Drop,Warehouse B,Sealed,Replacement,Yes,14,UPI,Excellent,West,Resolved,No,Active
315,48689,9352,2025-08-08,Quality Issue,77953.39,Pending,Pending,Pickup,Warehouse A,Opened,Replacement,No,-5,Wallet,Excellent,South,Pending,No,Closed
316,17046,2046,2025-09-20,Wrong Item Delivered,29202.1,Pending,Pending,Pickup,Warehouse C,Sealed,Replacement,Yes,7,Wallet,Poor,South,Resolved,No,Active
317,27611,4976,2025-11-03,Late Delivery,99245.41,Rejected,Pending,Pickup,Warehouse A,Opened,Replacement,No,6,Wallet,Excellent,North,Pending,No,Closed
318,46326,1380,2025-11-30,Duplicate Order,55719.84,Rejected,Pending,Pickup,Warehouse B,Opened,Replacement,No,10,UPI,Poor,North,Resolved,Yes,Closed
319,36796,5540,2025-08-04, Wrong Item Delivered ,33364.27,Completed,Pending,Pickup,Warehouse A,Opened,Replacement,Yes,6,Wallet,Excellent,East,Pending,No,Active
320,23264,1077,2024-11-05,Late Delivery,44513.11,Completed,Pending,Drop,Warehouse C,Sealed,Refund,Yes,7,Wallet,Excellent,East,Resolved,Yes,Closed
321,46846,1988,2025-10-28,Changed Mind,113548.89,Completed,Failed,Pickup,Warehouse A,Sealed,Replacement,No,14,UPI,Excellent,East,Pending,Yes,Closed
322,38783,100,2026-07-23,Wrong Item Delivered,52203.01,Pending,Failed,Pickup,Warehouse A,Opened,Replacement,Yes,1,UPI,Average,East,Pending,No,Active
323,41772,7534,2026-06-04,Duplicate Order,30997.5,Pending,Pending,Drop,Warehouse A,Sealed,Refund,No,15,Bank Transfer,Excellent,East,Resolved,Yes,Closed
324,84,2879,2025-01-26,Quality Issue,41605.41,Completed,Pending,Drop,Warehouse C,Opened,Replacement,Yes,10,UPI,Poor,East,Pending,No,Active
325,47300,3318,2026-03-28,Late Delivery,36032.57,Completed,Failed,Pickup,Warehouse B,Opened,Refund,No,2,Wallet,Excellent,South,Pending,Yes,Active
326,26679,8580,2025-09-14,Missing Parts,75689.42,Pending,Failed,Drop,Warehouse C,Sealed,Refund,Yes,2,UPI,Good,North,Pending,Yes,Active
327,20819,6802,2025-03-15,Duplicate Order,38930.52,Completed,Pending,Drop,Warehouse A,Sealed,Replacement,Yes,14,Bank Transfer,Poor,West,Resolved,Yes,Active
328,9989,2564,2025-09-17,Damaged Product,20469.45,Pending,Failed,Pickup,Warehouse C,Opened,Refund,Yes,3,Bank Transfer,Poor,East,Pending,Yes,Closed
329,17517,4780,2025-02-04,Missing Parts,39714.6,Rejected,Failed,Drop,Warehouse C,Opened,Refund,No,8,UPI,Good,West,Resolved,No,Active
330,39006,4238,2026-03-08,Missing Parts,46836.68,Pending,Failed,Drop,Warehouse A,Sealed,Replacement,Yes,12,Wallet,Good,West,Pending,Yes,Active
331,42625,4078,2025-10-21,Quality Issue,49410.88,Pending,Failed,Drop,Warehouse B,Opened,Refund,No,10,Wallet,Good,West,Resolved,No,Closed
332,23879,1116,2025-05-22,Quality Issue,21781.63,Rejected,Pending,Pickup,Warehouse A,Opened,Replacement,No,2,Wallet,Poor,South,Pending,No,Active
333,24067,4510,2026-03-14,Duplicate Order,581.22,Rejected,Pending,Pickup,Warehouse A,Opened,Refund,Yes,7,Bank Transfer,Average,West,Pending,Yes,Active
334,32508,5926,2025-11-27,Late Delivery,6464.65,Completed,Pending,Drop,Warehouse A,Sealed,Replacement,No,9,UPI,Poor,South,Resolved,No,Closed
335,49563,2141,2025-11-20,Damaged Product,2100.54,Completed,Pending,Drop,Warehouse C,Opened,Refund,Yes,3,UPI,Average,North,Resolved,Yes,Closed
336,42749,7239,2025-07-09,Damaged Product,86529.08,Completed,Failed,Pickup,Warehouse A,Sealed,Refund,No,12,Wallet,Average,North,Resolved,No,Closed
337,13848,6439,2025-01-10,Wrong Item Delivered,67038.63,Pending,Pending,Pickup,Warehouse B,Sealed,Refund,Yes,12,Bank Transfer,Average,West,Resolved,Yes,Active
338,10354,2735,2026-06-13,Wrong Item Delivered,41359.24,Pending,Pending,Drop,Warehouse B,Sealed,Replacement,No,15,UPI,Poor,West,Pending,Yes,Active
339,31615,3952,2025-05-02,Late Delivery,49276.58,Completed,Passed,Pickup,Warehouse B,Opened,Refund,No,7,UPI,Average,East,Resolved,Yes,Active
340,37872,2535,2025-01-14,Wrong Item Delivered,90088.93,Pending,Failed,Drop,Warehouse A,Opened,Replacement,No,7,Wallet,Excellent,South,Resolved,No,Closed
341,45207,2478,2025-04-01,Not as Described,74763.71,Completed,Pending,Pickup,Warehouse B,Opened,Replacement,No,8,Bank Transfer,Excellent,East,Pending,Yes,Active
342,19818,3433,2025-09-26,Duplicate Order,86442.99,Completed,Passed,Drop,Warehouse A,Sealed,Replacement,Yes,10,Wallet,Poor,South,Resolved,No,Closed
343,37772,4537,2025-07-24,Missing Parts,11199.71,Completed,Failed,Pickup,Warehouse B,Sealed,Replacement,Yes,9,Bank Transfer,Good,North,Pending,Yes,Active
344,513,892,2024-11-07,Damaged Product,47509.97,Pending,Pending,Pickup,Warehouse A,Sealed,Replacement,No,13,Bank Transfer,Good,North,Resolved,Yes,Active
345,49415,6212,2025-04-16,Wrong Item Delivered,86827.06,Completed,Failed,Pickup,Warehouse C,Opened,Replacement,No,15,UPI,Excellent,East,Resolved,No,Active
346,15154,8180,2025-11-24, Changed Mind ,2301.46,Pending,Pending,Drop,Warehouse B,Opened,Replacement,Yes,3,Bank Transfer,Excellent,North,Resolved,Yes,Closed
347,7411,1974,2025-11-11,Quality Issue,48009.93,Rejected,Failed,Pickup,Warehouse A,Opened,Replacement,No,9,Bank Transfer,Excellent,South,Resolved,No,Active
348,44976,5975,2025-12-01,Wrong Item Delivered,42501.46,Pending,Failed,Pickup,Warehouse C,Sealed,Replacement,No,6,UPI,Excellent,West,Resolved,Yes,Closed
349,12689,7860,2025-11-29,Not as Described,26139.91,Pending,Passed,Pickup,Warehouse A,Sealed,Replacement,No,3,Wallet,Average,East,Pending,No,Active
350,45688,4112,2026-05-27,Duplicate Order,7172.18,Pending,Failed,Pickup,Warehouse B,Sealed,Refund,Yes,7,Wallet,Excellent,East,Resolved,No,Closed
351,23894,7459,2025-11-11,Late Delivery,104216.12,Rejected,Passed,Pickup,Warehouse B,Sealed,Refund,No,4,Wallet,Poor,West,Pending,Yes,Active
352,33995,5939,2026-01-20,Not as Described,49366.76,Completed,Pending,Drop,Warehouse B,Opened,Replacement,Yes,5,Bank Transfer,Excellent,North,Pending,No,Closed
353,44707,6943,2026-06-21,Wrong Item Delivered,108127.99,Completed,Passed,Pickup,Warehouse A,Opened,Replacement,No,7,Wallet,,South,Resolved,No,Closed
354,40165,9126,2025-07-17,Changed Mind,71400.15,Pending,Pending,Drop,Warehouse A,Opened,Replacement,Yes,14,Bank Transfer,Excellent,East,Resolved,Yes,Closed
355,16467,8850,2025-11-14,Damaged Product,125014.59,Completed,Failed,Drop,Warehouse C,Sealed,Replacement,No,7,Bank Transfer,Good,South,Pending,Yes,Active
356,16812,8179,2025-10-03,Duplicate Order,40652.84,Pending,Passed,Drop,Warehouse C,Opened,Refund,Yes,2,Wallet,Excellent,South,Pending,No,Active
357,37350,6545,2026-02-07,Missing Parts,17145.33,Pending,Pending,Drop,Warehouse C,Opened,Replacement,No,9,Bank Transfer,Poor,East,Resolved,Yes,Closed
358,36955,233,2025-09-23,Not as Described,19878.28,Rejected,Passed,Drop,Warehouse B,Sealed,Refund,Yes,10,Bank Transfer,Average,North,Pending,Yes,Active
359,17014,1601,2026-04-27,Changed Mind,76574.98,Pending,Pending,Pickup,Warehouse C,Opened,Refund,No,11,Wallet,Excellent,East,Resolved,No,Active
360,21218,8181,2024-10-28,Not as Described,84453.38,Rejected,Pending,Drop,Warehouse B,Sealed,Replacement,No,3,UPI,Average,East,Resolved,No,Active
361,41282,9781,2025-02-06,Changed Mind,74325.03,Rejected,Pending,Pickup,Warehouse B,Sealed,Refund,Yes,9,UPI,Average,East,Resolved,No,Closed
362,3112,6977,2026-08-11,Wrong Item Delivered,29388.03,Rejected,Passed,Pickup,Warehouse C,Sealed,Replacement,Yes,5,Wallet,Good,West,Resolved,Yes,Closed
363,45407,7924,2026-01-06,Quality Issue,55016.45,Pending,Failed,Drop,Warehouse A,Sealed,Refund,Yes,10,Wallet,Average,North,Pending,Yes,Active
364,35249,1076,2026-07-08,Not as Described,69968.08,Pending,Failed,Pickup,Warehouse B,Sealed,Replacement,No,3,Wallet,Poor,North,Pending,No,Closed
365,33236,4199,2025-08-09,Damaged Product,12197.56,Completed,Pending,Drop,Warehouse B,Sealed,Replacement,No,5,UPI,Average,West,Pending,Yes,Active
366,42773,2074,2025-06-25,Quality Issue,96074.53,Pending,Pending,Pickup,Warehouse C,Opened,Refund,Yes,7,UPI,Excellent,West,Pending,Yes,Closed
367,30185,4902,2025-03-20,Damaged Product,53783.85,Rejected,Passed,Pickup,Warehouse C,Opened,Refund,Yes,2,Wallet,Good,West,Resolved,Yes,Active
368,10441,1651,2026-07-30,Wrong Item Delivered,63010.44,Rejected,Failed,Drop,Warehouse B,Sealed,Replacement,Yes,13,UPI,Average,North,Pending,No,Closed
369,6702,8000,2026-04-12,Changed Mind,85341.03,Completed,Failed,Pickup,Warehouse B,Opened,Replacement,Yes,11,Bank Transfer,Excellent,South,Pending,Yes,Active
370,5820,1138,2024-12-25,Changed Mind,6740.02,Completed,Passed,Pickup,Warehouse A,Sealed,Replacement,Yes,15,Bank Transfer,Good,North,Resolved,No,Closed
371,7963,6533,2025-10-08,Missing Parts,45391.56,Rejected,Passed,Drop,Warehouse B,Sealed,Replacement,Yes,9,UPI,Excellent,West,Pending,Yes,Closed
372,42807,1488,2024-12-07,Missing Parts,46840.29,Completed,Pending,Pickup,Warehouse B,Sealed,Refund,No,13,Bank Transfer,Good,South,Resolved,No,Active
373,20904,7980,2026-03-20,Wrong Item Delivered,11630.65,Rejected,Pending,Drop,Warehouse B,Opened,Replacement,Yes,3,UPI,Good,North,Resolved,No,Closed
374,41487,5793,2026-05-31,Changed Mind,120942.91,Pending,Pending,Drop,Warehouse A,Opened,Replacement,Yes,6,Wallet,Excellent,West,Resolved,Yes,Closed
375,14573,1621,2025-06-05,Quality Issue,33155.04,Rejected,Pending,Pickup,Warehouse A,Opened,Refund,No,11,UPI,Poor,North,Resolved,Yes,Active
376,30119,9571,2025-07-25,Changed Mind,5818.07,Completed,Failed,Pickup,Warehouse C,Opened,Refund,Yes,8,Wallet,Good,North,Resolved,No,Closed
377,24721,3948,2025-04-04,Missing Parts,99312.56,Pending,Passed,Pickup,Warehouse B,Opened,Refund,Yes,6,UPI,Excellent,East,Resolved,No,Active
378,29112,3860,2024-10-04,Quality Issue,15554.23,Pending,Passed,Pickup,Warehouse A,Opened,Replacement,Yes,1,Bank Transfer,Excellent,North,Resolved,Yes,Active
379,45907,780,2025-01-21,Changed Mind,76279.39,Pending,Pending,Drop,Warehouse C,Opened,Refund,Yes,11,Bank Transfer,Poor,West,Resolved,Yes,Active
380,4841,8800,2024-09-17,Not as Described,22032.4,Rejected,Passed,Drop,Warehouse B,Sealed,Refund,Yes,4,UPI,Excellent,East,Resolved,No,Active
381,6751,1782,2026-08-05,Wrong Item Delivered,74649.15,Completed,Pending,Drop,Warehouse B,Opened,Refund,Yes,1,Wallet,Average,East,Resolved,No,Closed
382,39236,6860,2025-07-29,Not as Described,106451.68,Completed,Passed,Pickup,Warehouse C,Opened,Refund,Yes,8,Wallet,Excellent,North,Resolved,No,Closed
383,34789,3322,2026-08-10,Duplicate Order,51210.38,Completed,Passed,Drop,Warehouse A,Opened,Refund,No,14,UPI,Poor,South,Resolved,No,Closed
384,506,6770,2025-06-10,Quality Issue,11253.33,Completed,Pending,Drop,Warehouse A,Sealed,Replacement,Yes,8,Wallet,Good,East,Pending,Yes,Closed
385,23877,7881,2024-09-26,Damaged Product,9243.99,Pending,Passed,Pickup,Warehouse B,Sealed,Replacement,Yes,13,Bank Transfer,Good,East,Resolved,Yes,Active
386,3361,2312,2026-02-18,Not as Described,81252.15,Completed,Pending,Drop,Warehouse B,Sealed,Refund,No,12,UPI,Good,East,Pending,Yes,Active
387,14492,7205,2024-12-03,Damaged Product,98378.78,Pending,Passed,Pickup,Warehouse B,Opened,Replacement,No,8,Wallet,Excellent,West,Pending,Yes,Active
388,3274,9595,2025-08-01,Missing Parts,107473.6,Completed,Passed,Drop,Warehouse B,Opened,Refund,Yes,8,Wallet,Average,South,Pending,Yes,Closed
389,46139,4858,2025-01-31, Missing Parts ,79753.02,Completed,Failed,Drop,Warehouse C,Opened,Refund,No,15,Wallet,Average,North,Pending,No,Closed
390,43859,645,2025-03-02,Late Delivery,34778.02,Rejected,Passed,Drop,Warehouse C,Opened,Replacement,Yes,2,Bank Transfer,Average,West,Resolved,No,Closed
391,11823,4858,2025-10-22,Wrong Item Delivered,45942.36,Rejected,Pending,Pickup,Warehouse A,Sealed,Refund,Yes,11,Bank Transfer,Good,South,Pending,No,Closed
392,7663,9638,2026-07-01,Changed Mind,35421.04,Completed,Passed,Drop,Warehouse B,Sealed,Replacement,Yes,8,Wallet,Average,West,Pending,Yes,Active
393,42986,5537,2026-01-05,Wrong Item Delivered,85366.9,Completed,Failed,Pickup,Warehouse B,Opened,Refund,Yes,5,UPI,Good,West,Resolved,Yes,Active
394,14194,9004,2025-09-19,Quality Issue,84176.35,Pending,Failed,Drop,Warehouse B,Opened,Replacement,Yes,2,UPI,,East,Pending,No,Closed
395,8485,9329,2024-09-10,Not as Described,75879.24,Pending,Failed,Pickup,Warehouse B,Opened,Replacement,Yes,8,Bank Transfer,,North,Resolved,No,Closed
396,24743,5189,2025-03-04,Quality Issue,103948.26,Rejected,Pending,Drop,Warehouse A,Opened,Refund,Yes,4,UPI,Excellent,East,Resolved,No,Closed
397,47388,3142,2026-01-29,Damaged Product,3326.35,Rejected,Failed,Drop,Warehouse A,Sealed,Replacement,Yes,9,Bank Transfer,Excellent,North,Pending,No,Active
398,10803,7973,2026-02-01,Quality Issue,53918.15,Completed,Pending,Drop,Warehouse C,Sealed,Replacement,No,13,Wallet,Good,West,Pending,Yes,Closed
399,17491,3331,2024-09-26,Wrong Item Delivered,69651.16,Pending,Passed,Drop,Warehouse C,Opened,Replacement,No,2,Bank Transfer,Excellent,South,Resolved,No,Active
400,15835,240,2025-07-06,Not as Described,21681.66,Rejected,Pending,Pickup,Warehouse C,Sealed,Refund,No,6,Wallet,Excellent,East,Pending,Yes,Closed
401,23912,1373,2026-01-09,Damaged Product,62127.99,Pending,Failed,Drop,Warehouse B,Sealed,Refund,Yes,12,Bank Transfer,Poor,West,Pending,Yes,Closed
402,7216,5007,2024-11-16,Quality Issue,71383.17,Rejected,Pending,Pickup,Warehouse A,Opened,Replacement,No,14,Wallet,Average,North,Pending,Yes,Active
403,6060,2584,2025-09-21,Changed Mind,106546.04,Pending,Passed,Drop,Warehouse C,Opened,Refund,Yes,14,Bank Transfer,Average,West,Resolved,No,Closed
404,26373,5657,2026-01-28,Not as Described,105656.85,Completed,Passed,Pickup,Warehouse A,Sealed,Replacement,No,2,Wallet,Average,West,Resolved,No,Active
405,6227,3758,2025-02-17,Changed Mind,16037.63,Pending,Passed,Drop,Warehouse C,Sealed,Replacement,No,11,Wallet,Poor,North,Pending,Yes,Closed
406,33303,4204,2025-03-14,Quality Issue,49903.38,Pending,Failed,Pickup,Warehouse B,Opened,Refund,No,6,Bank Transfer,Average,North,Pending,No,Active
407,24717,1752,2025-09-24,Quality Issue,87514.75,Completed,Pending,Pickup,Warehouse C,Sealed,Replacement,No,5,Wallet,Average,North,Pending,Yes,Active
408,42284,6095,2025-10-20,Duplicate Order,7862.36,Pending,Failed,Drop,Warehouse A,Opened,Refund,Yes,9,UPI,Good,North,Pending,No,Active
409,42630,6370,2025-05-08,Damaged Product,80078.48,Pending,Failed,Drop,Warehouse C,Sealed,Refund,No,15,Wallet,Average,South,Pending,Yes,Active
410,45428,9105,2026-04-30,Quality Issue,56122.22,Rejected,Passed,Drop,Warehouse A,Opened,Refund,Yes,7,Wallet,Excellent,North,Resolved,No,Closed
411,47503,9371,2026-06-18,Damaged Product,5068.52,Rejected,Pending,Pickup,Warehouse B,Opened,Replacement,Yes,2,Bank Transfer,Excellent,North,Resolved,Yes,Active
412,44637,1279,2025-09-11,Damaged Product,103525.72,Completed,Passed,Drop,Warehouse C,Sealed,Replacement,Yes,14,Wallet,,North,Resolved,Yes,Active
413,617,1805,2025-04-03,Changed Mind,82527.15,Completed,Pending,Pickup,Warehouse C,Opened,Refund,No,6,Wallet,Good,West,Resolved,Yes,Closed
414,14975,1969,2026-07-04,Late Delivery,56744.89,Pending,Passed,Drop,Warehouse A,Sealed,Refund,Yes,8,Bank Transfer,Average,North,Resolved,No,Closed
415,45965,2224,2026-02-05,Not as Described,51613.89,Rejected,Pending,Drop,Warehouse C,Sealed,Refund,No,5,Bank Transfer,Good,North,Pending,No,Active
416,46943,3939,2026-06-27,Not as Described,66295.24,Rejected,Passed,Drop,Warehouse B,Opened,Refund,Yes,7,Bank Transfer,Excellent,South,Resolved,No,Active
417,7040,7442,2025-03-16,Missing Parts,66636.14,Completed,Passed,Drop,Warehouse C,Sealed,Replacement,No,13,Wallet,Poor,East,Pending,No,Closed
418,40153,6089,2025-02-20,Not as Described,48667.26,Completed,Passed,Drop,Warehouse B,Sealed,Refund,Yes,1,UPI,Excellent,North,Pending,Yes,Active
419,28805,6010,2026-01-11,Duplicate Order,3584.09,Completed,Failed,Pickup,Warehouse A,Sealed,Replacement,Yes,5,Wallet,Poor,West,Pending,No,Active
420,24083,261,2026-03-13,Missing Parts,47109.02,Completed,Failed,Drop,Warehouse B,Sealed,Replacement,No,1,UPI,Good,East,Resolved,No,Closed
421,28691,6627,2025-01-14,Missing Parts,15779.47,Pending,Passed,Drop,Warehouse C,Sealed,Replacement,Yes,9,UPI,Poor,East,Pending,No,Closed
422,44183,8333,2025-09-04,Duplicate Order,90054.13,Completed,Passed,Pickup,Warehouse A,Sealed,Replacement,Yes,13,Wallet,Average,West,Resolved,No,Closed
423,13435,153,2026-02-09, Damaged Product ,99254.8,Rejected,Passed,Pickup,Warehouse A,Sealed,Refund,Yes,14,Bank Transfer,,East,Resolved,Yes,Closed
424,13268,2539,2025-02-18,Missing Parts,1916.3,Rejected,Pending,Drop,Warehouse B,Opened,Replacement,Yes,6,Bank Transfer,Poor,East,Resolved,No,Active
425,8256,370,2025-09-21,Duplicate Order,74481.04,Pending,Pending,Drop,Warehouse A,Sealed,Replacement,No,4,Bank Transfer,Excellent,South,Pending,No,Active
426,3530,7961,2026-07-20,Missing Parts,28425.08,Completed,Pending,Pickup,Warehouse C,Opened,Replacement,No,2,Wallet,Poor,West,Resolved,No,Active
427,38774,7321,2025-07-11,Changed Mind,118728.8,Pending,Pending,Drop,Warehouse A,Sealed,Replacement,No,10,Wallet,Poor,South,Resolved,Yes,Closed
428,35480,9055,2026-01-06,Not as Described,101657.71,Pending,Pending,Drop,Warehouse C,Opened,Refund,No,8,UPI,Good,South,Pending,No,Closed
429,42460,9047,2025-01-07,Wrong Item Delivered,119779.4,Rejected,Passed,Drop,Warehouse B,Sealed,Refund,No,11,Wallet,Good,West,Resolved,Yes,Active
430,33169,1162,2026-01-08,Changed Mind,1184.84,Pending,Failed,Drop,Warehouse B,Opened,Refund,Yes,5,UPI,,East,Pending,Yes,Active
431,4712,3573,2024-08-28,Damaged Product,81855.55,Completed,Passed,Drop,Warehouse C,Sealed,Refund,No,15,Bank Transfer,Excellent,West,Resolved,Yes,Active
432,40347,5899,2025-12-25,Wrong Item Delivered,99402.66,Rejected,Pending,Drop,Warehouse B,Opened,Refund,Yes,13,Bank Transfer,Average,West,Resolved,No,Active
433,10027,3209,2026-06-08,Late Delivery,82688.49,Pending,Failed,Drop,Warehouse B,Opened,Replacement,No,12,UPI,Average,West,Pending,Yes,Closed
434,39237,3552,2026-06-28,Quality Issue,110412.46,Pending,Failed,Drop,Warehouse B,Opened,Refund,Yes,12,Wallet,,East,Pending,No,Closed
435,6731,6101,2025-04-16,Wrong Item Delivered,117349.58,Rejected,Passed,Drop,Warehouse B,Opened,Replacement,No,5,UPI,Good,East,Resolved,Yes,Closed
436,23835,9977,2024-10-25,Missing Parts,11805.53,Completed,Failed,Pickup,Warehouse B,Sealed,Replacement,No,12,Bank Transfer,Excellent,South,Pending,Yes,Closed
437,13199,5694,2024-09-13,Duplicate Order,13406.91,Pending,Pending,Pickup,Warehouse A,Opened,Replacement,Yes,1,Bank Transfer,Good,East,Pending,Yes,Active
438,37851,5417,2025-01-23,Quality Issue,42373.99,Rejected,Pending,Drop,Warehouse B,Sealed,Replacement,Yes,5,UPI,Average,East,Resolved,Yes,Closed
439,16869,618,2025-09-02,Missing Parts,88194.53,Rejected,Passed,Pickup,Warehouse A,Opened,Refund,No,4,Bank Transfer,Good,North,Pending,No,Closed
440,17696,189,2025-08-09,Duplicate Order,76855.77,Completed,Pending,Pickup,Warehouse A,Sealed,Replacement,No,2,UPI,Good,South,Pending,No,Closed
441,9910,801,2026-04-25,Late Delivery,16538.16,Rejected,Passed,Drop,Warehouse C,Opened,Replacement,Yes,7,UPI,Excellent,East,Pending,Yes,Closed
442,41642,8259,2026-04-16,Not as Described,49885.44,Completed,Passed,Drop,Warehouse A,Sealed,Replacement,Yes,12,Bank Transfer,Poor,East,Resolved,Yes,Active
443,31924,1779,2025-05-10,Late Delivery,91030.45,Pending,Failed,Pickup,Warehouse A,Sealed,Replacement,No,7,Wallet,Average,South,Resolved,Yes,Closed
444,32612,622,2025-10-26,Duplicate Order,89110.77,Pending,Passed,Pickup,Warehouse B,Sealed,Refund,No,2,Bank Transfer,Excellent,South,Pending,No,Closed
445,39331,334,2026-02-09,Changed Mind,37316.66,Rejected,Failed,Drop,Warehouse B,Opened,Replacement,No,13,UPI,Poor,North,Resolved,Yes,Active
446,3339,5469,2025-11-25,Not as Described,38831.7,Pending,Passed,Drop,Warehouse B,Opened,Replacement,Yes,8,Bank Transfer,Poor,West,Pending,Yes,Active
447,26004,5598,2025-10-06,Late Delivery,5559.88,Pending,Passed,Pickup,Warehouse C,Sealed,Refund,Yes,9,Wallet,Good,West,Resolved,Yes,Closed
448,26178,5711,2026-07-23,Duplicate Order,52798.37,Completed,Failed,Pickup,Warehouse B,Sealed,Refund,No,3,UPI,Excellent,West,Pending,No,Closed
449,8330,1963,2026-05-17,Duplicate Order,30074.76,Completed,Pending,Drop,Warehouse B,Opened,Refund,Yes,13,Wallet,Average,East,Resolved,Yes,Closed
450,31455,5275,2025-10-24,Quality Issue,9288.11,Completed,Failed,Pickup,Warehouse A,Opened,Refund,No,13,Bank Transfer,Average,South,Resolved,No,Closed
451,19209,5616,2026-02-05,Changed Mind,29266.51,Rejected,Pending,Pickup,Warehouse B,Opened,Replacement,Yes,8,Bank Transfer,Poor,West,Pending,No,Active
452,9646,869,2025-06-30,Duplicate Order,42316.5,Rejected,Passed,Drop,Warehouse C,Sealed,Refund,Yes,9,Bank Transfer,Poor,South,Resolved,No,Active
453,19766,6641,2026-07-26,Wrong Item Delivered,106382.93,Pending,Failed,Pickup,Warehouse A,Sealed,Refund,No,5,Wallet,Excellent,North,Resolved,Yes,Closed
454,14760,7720,2026-01-18,Changed Mind,17483.28,Pending,Failed,Pickup,Warehouse C,Opened,Refund,No,3,UPI,Poor,North,Resolved,No,Closed
455,11234,5209,2025-11-05,Not as Described,6561.99,Rejected,Failed,Drop,Warehouse B,Opened,Refund,Yes,2,Wallet,Average,North,Pending,Yes,Active
456,23601,2549,2025-10-26,Quality Issue,47896.9,Rejected,Failed,Drop,Warehouse C,Sealed,Replacement,No,10,Wallet,Average,West,Pending,Yes,Active
457,49423,9986,2025-07-12,Wrong Item Delivered,51875.95,Completed,Pending,Pickup,Warehouse A,Opened,Replacement,Yes,11,UPI,Poor,South,Resolved,No,Closed
458,9541,619,2025-03-18,Damaged Product,34213.28,Completed,Passed,Pickup,Warehouse C,Sealed,Replacement,No,1,Bank Transfer,Good,South,Pending,No,Active
459,20041,3005,2025-06-16,Missing Parts,60319.6,Pending,Failed,Drop,Warehouse A,Sealed,Replacement,No,9,Wallet,Poor,South,Resolved,Yes,Closed
460,26652,4007,2024-11-16,Wrong Item Delivered,3405.16,Pending,Pending,Drop,Warehouse B,Opened,Replacement,No,8,Wallet,Poor,North,Resolved,No,Active
461,30747,9526,2026-02-09,Late Delivery,54198.93,Rejected,Passed,Drop,Warehouse C,Sealed,Refund,No,12,Wallet,Poor,West,Pending,No,Active
462,19370,9229,2025-02-14, Wrong Item Delivered ,52333.47,Rejected,Failed,Pickup,Warehouse A,Opened,Refund,No,2,Bank Transfer,Poor,East,Resolved,Yes,Active
463,42290,5457,2025-11-08,Changed Mind,15943.81,Pending,Pending,Pickup,Warehouse A,Opened,Refund,No,7,UPI,,North,Resolved,No,Closed
464,41935,7181,2024-10-09,Damaged Product,116282.45,Rejected,Failed,Pickup,Warehouse C,Opened,Refund,No,13,Bank Transfer,Excellent,North,Resolved,Yes,Active
465,44219,3234,2025-05-17,Late Delivery,26476.57,Pending,Passed,Drop,Warehouse C,Sealed,Replacement,Yes,3,Wallet,Average,East,Resolved,Yes,Active
466,26062,2230,2024-08-19, Damaged Product ,64531.44,Completed,Failed,Drop,Warehouse B,Opened,Refund,No,6,Wallet,Poor,East,Resolved,Yes,Closed
467,1759,1447,2025-12-20,Missing Parts,72695.06,Pending,Failed,Drop,Warehouse C,Sealed,Refund,No,3,UPI,Excellent,North,Pending,No,Closed
468,19450,1302,2026-06-22,Damaged Product,2802.83,Pending,Passed,Pickup,Warehouse C,Opened,Replacement,No,7,Wallet,Average,East,Pending,Yes,Closed
469,37705,4613,2026-05-25,Quality Issue,85635.44,Rejected,Failed,Drop,Warehouse C,Opened,Replacement,No,15,Wallet,Poor,South,Pending,Yes,Active
470,47183,8087,2025-09-18,Quality Issue,54550.53,Rejected,Pending,Drop,Warehouse A,Opened,Replacement,No,13,Wallet,Good,North,Resolved,No,Active
471,33200,7295,2025-07-07,Missing Parts,37809.87,Rejected,Passed,Pickup,Warehouse B,Sealed,Replacement,Yes,1,Wallet,Excellent,West,Pending,Yes,Closed
472,572,5177,2025-09-06,Late Delivery,111178.95,Pending,Failed,Drop,Warehouse C,Opened,Replacement,Yes,2,Bank Transfer,Good,East,Pending,Yes,Active
473,17119,7686,2026-03-08,Missing Parts,75821.97,Completed,Passed,Pickup,Warehouse B,Opened,Replacement,Yes,8,UPI,Average,West,Pending,No,Closed
474,3571,464,2025-01-04,Not as Described,18167.32,Rejected,Failed,Drop,Warehouse A,Opened,Refund,No,12,Bank Transfer,Good,North,Resolved,No,Closed
475,41718,5025,2026-02-22,Duplicate Order,31139.48,Completed,Pending,Drop,Warehouse A,Opened,Replacement,No,1,Wallet,Good,North,Pending,No,Closed
476,44170,5393,2026-06-13,Damaged Product,65091.34,Completed,Passed,Drop,Warehouse A,Sealed,Replacement,Yes,3,Wallet,Poor,North,Resolved,No,Active
477,14044,4254,2025-03-05,Not as Described,42746.11,Rejected,Failed,Drop,Warehouse B,Sealed,Replacement,Yes,13,UPI,Poor,West,Pending,Yes,Closed
478,13417,7696,2025-04-23,Missing Parts,79902.18,Pending,Passed,Drop,Warehouse B,Opened,Replacement,No,11,UPI,Good,North,Pending,Yes,Active
479,3967,2893,2026-01-01,Damaged Product,114427.6,Rejected,Pending,Pickup,Warehouse B,Opened,Refund,Yes,1,Bank Transfer,Good,South,Pending,Yes,Closed
480,39836,5573,2026-02-03,Not as Described,47541.78,Completed,Failed,Drop,Warehouse A,Sealed,Refund,No,7,Bank Transfer,Excellent,North,Resolved,Yes,Closed
481,25684,1917,2025-06-09,Wrong Item Delivered,17737.93,Completed,Failed,Drop,Warehouse C,Opened,Refund,No,3,UPI,Excellent,East,Pending,Yes,Closed
482,30774,349,2026-01-17,Duplicate Order,29157.41,Pending,Failed,Pickup,Warehouse A,Opened,Refund,Yes,8,Wallet,Poor,North,Pending,Yes,Closed
483,43159,8793,2025-01-26,Wrong Item Delivered,24752.09,Pending,Passed,Drop,Warehouse C,Opened,Refund,No,9,Wallet,Excellent,South,Resolved,No,Closed
484,39007,2486,2024-12-13,Late Delivery,70010.29,Completed,Failed,Pickup,Warehouse A,Sealed,Replacement,Yes,1,Bank Transfer,Average,South,Resolved,Yes,Closed
485,46719,5210,2025-10-05,Missing Parts,40105.2,Pending,Pending,Pickup,Warehouse C,Sealed,Refund,Yes,12,Wallet,Excellent,East,Resolved,No,Active
486,5447,5802,2026-01-26,Changed Mind,72556.63,Pending,Passed,Drop,Warehouse C,Sealed,Replacement,No,5,UPI,Average,East,Resolved,No,Closed
487,29237,2948,2025-04-05,Quality Issue,27600.9,Rejected,Passed,Drop,Warehouse A,Opened,Refund,No,9,Wallet,Poor,West,Resolved,Yes,Active
488,34072,1450,2024-09-21,Not as Described,91033,Rejected,Passed,Drop,Warehouse B,Sealed,Replacement,Yes,14,Wallet,Excellent,North,Pending,No,Active
489,42403,7939,2026-03-18,Damaged Product,39373.44,Pending,Pending,Drop,Warehouse A,Opened,Replacement,Yes,4,Bank Transfer,Average,North,Pending,No,Active
490,26671,4861,2025-06-06,Missing Parts,13467.55,Completed,Failed,Drop,Warehouse A,Opened,Refund,Yes,10,UPI,Excellent,South,Pending,Yes,Closed
491,19847,3897,2026-07-14,Damaged Product,120834.54,Rejected,Pending,Drop,Warehouse C,Sealed,Refund,No,11,Wallet,Excellent,East,Pending,No,Closed
492,23462,3144,2026-03-09,Not as Described,106410.59,Pending,Failed,Pickup,Warehouse C,Opened,Refund,No,15,Bank Transfer,Poor,East,Resolved,No,Active
493,24676,290,2026-01-21,Damaged Product,73450.3,Rejected,Passed,Drop,Warehouse A,Opened,Refund,Yes,6,Bank Transfer,Excellent,North,Resolved,No,Closed
494,31533,1537,2026-02-06,Duplicate Order,66956.59,Pending,Passed,Pickup,Warehouse B,Opened,Replacement,Yes,14,Bank Transfer,Good,North,Pending,Yes,Closed
495,44220,6060,2024-11-26,Damaged Product,17732.27,Completed,Failed,Drop,Warehouse C,Opened,Refund,Yes,15,Bank Transfer,Excellent,East,Pending,Yes,Active
496,27140,9271,2026-06-30,Damaged Product,70683.84,Pending,Failed,Drop,Warehouse A,Sealed,Refund,Yes,8,Bank Transfer,,West,Resolved,No,Active
497,26534,8414,2024-09-12,Late Delivery,61767.7,Completed,Passed,Pickup,Warehouse C,Opened,Refund,Yes,11,Wallet,Average,East,Pending,No,Closed
498,20876,7058,2026-04-09,Damaged Product,87094.82,Completed,Passed,Drop,Warehouse C,Sealed,Replacement,No,10,Wallet,Good,South,Pending,No,Closed
499,32736,8880,2025-06-18,Damaged Product,41669.04,Rejected,Pending,Pickup,Warehouse A,Opened,Refund,No,6,UPI,Good,South,Resolved,No,Active
500,7704,7606,2025-04-25,Not as Described,36155.35,Rejected,Pending,Drop,Warehouse C,Sealed,Replacement,No,6,UPI,Excellent,West,Resolved,No,Active
501,40112,2866,2026-03-30,Late Delivery,70947.1,Rejected,Passed,Drop,Warehouse C,Opened,Refund,No,12,Bank Transfer,Poor,South,Pending,Yes,Active
502,26846,4970,2025-03-01,Duplicate Order,7531.61,Completed,Pending,Pickup,Warehouse A,Sealed,Replacement,Yes,11,Wallet,Average,North,Resolved,Yes,Active
503,46065,9710,2025-08-10,Changed Mind,5391.33,Rejected,Passed,Drop,Warehouse C,Opened,Refund,Yes,1,UPI,Average,North,Resolved,Yes,Closed
504,36362,4098,2025-04-15,Wrong Item Delivered,106152.57,Pending,Passed,Drop,Warehouse B,Opened,Replacement,No,11,UPI,Poor,North,Resolved,Yes,Active
505,39379,4955,2025-05-22,Missing Parts,75013.41,Rejected,Failed,Drop,Warehouse C,Sealed,Refund,Yes,13,Wallet,Good,East,Resolved,No,Active
506,16690,1389,2026-01-22,Changed Mind,28551.37,Completed,Pending,Drop,Warehouse A,Opened,Replacement,Yes,3,Wallet,Poor,East,Pending,No,Active
507,35856,9889,2025-03-04,Not as Described,103336.66,Rejected,Failed,Drop,Warehouse B,Sealed,Refund,Yes,4,UPI,Poor,South,Pending,Yes,Closed
508,28020,6632,2024-10-22,Quality Issue,58166.3,Pending,Failed,Pickup,Warehouse A,Opened,Replacement,No,9,Bank Transfer,Good,North,Pending,No,Closed
509,41919,9297,2025-08-20,Missing Parts,25870.38,Pending,Failed,Drop,Warehouse B,Sealed,Refund,Yes,8,UPI,Average,North,Pending,Yes,Closed
510,13001,3055,2026-05-09,Wrong Item Delivered,110813.03,Pending,Passed,Pickup,Warehouse A,Opened,Replacement,Yes,9,UPI,Average,South,Pending,No,Closed
511,2157,175,2026-06-30,Changed Mind,38968.21,Completed,Pending,Pickup,Warehouse C,Sealed,Refund,No,5,Bank Transfer,Poor,West,Resolved,No,Active
512,14981,4126,2025-01-21,Late Delivery,98888.76,Rejected,Pending,Pickup,Warehouse B,Opened,Replacement,No,6,UPI,Average,South,Pending,No,Active
513,14470,9615,2025-08-07,Damaged Product,42659.23,Pending,Passed,Pickup,Warehouse B,Opened,Replacement,No,6,UPI,Poor,West,Pending,No,Closed
514,17548,3903,2026-07-02,Damaged Product,8705.89,Completed,Passed,Drop,Warehouse C,Sealed,Replacement,Yes,7,UPI,Poor,South,Pending,Yes,Closed
515,32198,2800,2025-12-14,Changed Mind,25803.89,Completed,Passed,Pickup,Warehouse C,Opened,Refund,No,1,UPI,Good,North,Pending,No,Active
516,16344,1489,2025-05-16,Wrong Item Delivered,44436.75,Pending,Passed,Drop,Warehouse C,Opened,Refund,No,14,Bank Transfer,Poor,South,Resolved,Yes,Closed
517,31148,9640,2025-01-24,Missing Parts,18928.04,Completed,Passed,Pickup,Warehouse B,Sealed,Replacement,Yes,10,Wallet,Average,South,Pending,No,Active
518,27116,3871,2025-03-20,Not as Described,109382.99,Completed,Failed,Pickup,Warehouse C,Sealed,Replacement,No,8,Wallet,Excellent,North,Pending,No,Closed
519,10974,8669,2026-05-30,Changed Mind,136822.53,Pending,Pending,Pickup,Warehouse B,Opened,Refund,No,8,Bank Transfer,Good,North,Pending,Yes,Active
520,12370,9950,2025-07-24,Changed Mind,34235.03,Rejected,Pending,Drop,Warehouse C,Opened,Refund,No,7,Wallet,,East,Resolved,Yes,Closed
521,32462,3235,2026-01-27,Changed Mind,6215.48,Completed,Pending,Pickup,Warehouse B,Opened,Refund,No,7,Bank Transfer,Poor,South,Pending,Yes,Active
522,37988,7837,2024-08-18,Quality Issue,37388.71,Pending,Pending,Drop,Warehouse B,Sealed,Refund,Yes,9,Wallet,Good,West,Resolved,No,Closed
523,18852,679,2025-02-01,Damaged Product,25584.56,Rejected,Passed,Pickup,Warehouse B,Opened,Replacement,Yes,2,Wallet,Excellent,East,Resolved,No,Closed
524,7471,1680,2026-04-22,Damaged Product,78646.9,Rejected,Pending,Pickup,Warehouse B,Opened,Refund,No,12,Bank Transfer,Poor,North,Resolved,Yes,Closed
525,9214,2163,2024-08-30,Late Delivery,14693.46,Pending,Passed,Pickup,Warehouse A,Opened,Replacement,Yes,1,Bank Transfer,Good,North,Resolved,Yes,Active
526,38508,9253,2025-12-28,Missing Parts,80538.99,Rejected,Passed,Drop,Warehouse B,Opened,Refund,No,7,UPI,Good,South,Resolved,No,Closed
527,22340,2600,2026-04-29,Duplicate Order,17479.92,Completed,Failed,Pickup,Warehouse B,Opened,Refund,No,11,Wallet,,North,Resolved,Yes,Closed
528,1610,9281,2024-10-22,Not as Described,2219.57,Completed,Pending,Pickup,Warehouse B,Opened,Replacement,No,11,Wallet,Good,East,Resolved,No,Closed
529,39838,4825,2025-04-12,Not as Described,99786.39,Pending,Pending,Pickup,Warehouse C,Opened,Refund,Yes,10,UPI,Average,South,Pending,Yes,Active
530,5880,5148,2025-11-02,Not as Described,31343.29,Pending,Passed,Pickup,Warehouse B,Opened,Refund,Yes,15,Wallet,Poor,East,Resolved,No,Closed
531,46387,9798,2024-11-04,Damaged Product,41544.79,Rejected,Failed,Drop,Warehouse A,Opened,Replacement,No,4,UPI,,South,Resolved,No,Closed
532,1295,4053,2025-08-21,Damaged Product,99348.14,Completed,Failed,Pickup,Warehouse A,Opened,Refund,Yes,3,UPI,Good,South,Resolved,Yes,Closed
533,3419,8996,2025-07-23,Quality Issue,95639.16,Rejected,Passed,Pickup,Warehouse B,Opened,Refund,No,5,Wallet,Poor,South,Pending,No,Active
534,46444,4918,2025-11-17,Quality Issue,87964.83,Pending,Failed,Drop,Warehouse C,Sealed,Refund,No,1,Bank Transfer,Poor,North,Pending,Yes,Active
535,11199,7063,2026-02-19,Changed Mind,77011.38,Pending,Failed,Drop,Warehouse C,Sealed,Refund,No,3,Wallet,Poor,South,Resolved,Yes,Active
536,43716,2129,2025-02-05,Duplicate Order,47770.75,Pending,Failed,Drop,Warehouse B,Sealed,Replacement,No,5,Wallet,,West,Resolved,Yes,Closed
537,5133,9742,2025-02-09,Late Delivery,26279.83,Pending,Failed,Drop,Warehouse C,Sealed,Replacement,Yes,11,Bank Transfer,Poor,South,Resolved,No,Active
538,14837,6419,2026-02-15,Damaged Product,126822.83,Rejected,Pending,Pickup,Warehouse B,Sealed,Refund,No,4,Wallet,Good,North,Resolved,Yes,Closed
539,16172,8407,2026-04-04,Wrong Item Delivered,123036.43,Rejected,Passed,Drop,Warehouse A,Sealed,Replacement,No,9,Wallet,Poor,East,Pending,Yes,Active
540,18690,3128,2026-04-02,Duplicate Order,19445.76,Completed,Failed,Pickup,Warehouse C,Sealed,Replacement,Yes,3,Bank Transfer,Excellent,North,Resolved,No,Closed
541,15987,8698,2025-04-16,Missing Parts,78302.85,Completed,Passed,Drop,Warehouse A,Opened,Refund,No,3,Wallet,Excellent,West,Resolved,Yes,Active
542,25930,8600,2024-12-01,Late Delivery,55738.3,Pending,Failed,Drop,Warehouse C,Opened,Refund,Yes,5,UPI,Poor,North,Pending,Yes,Closed
543,1783,4923,2025-06-25,Not as Described,30760.91,Pending,Pending,Pickup,Warehouse A,Opened,Replacement,Yes,11,Wallet,Excellent,North,Resolved,Yes,Closed
544,38461,4464,2024-09-30,Changed Mind,96066.34,Pending,Failed,Drop,Warehouse C,Sealed,Replacement,No,11,Bank Transfer,,South,Pending,No,Closed
545,43728,4971,2025-02-04,Duplicate Order,60210.1,Pending,Passed,Pickup,Warehouse B,Sealed,Refund,Yes,10,UPI,,South,Pending,No,Closed
546,31490,8226,2025-07-06,Late Delivery,74412.72,Completed,Pending,Drop,Warehouse A,Sealed,Refund,No,11,Bank Transfer,Good,West,Pending,Yes,Closed
547,34606,2638,2026-03-24,Not as Described,21722.02,Rejected,Pending,Pickup,Warehouse C,Sealed,Replacement,Yes,12,UPI,Excellent,South,Pending,Yes,Closed
548,34206,6133,2025-09-04,Not as Described,1160.59,Completed,Failed,Pickup,Warehouse B,Opened,Refund,Yes,3,Wallet,Excellent,North,Pending,Yes,Active
549,26158,4867,2026-08-18,Missing Parts,42485.6,Pending,Passed,Drop,Warehouse C,Sealed,Refund,Yes,15,Wallet,Poor,North,Pending,Yes,Active
550,36019,4251,2024-11-10,Missing Parts,95098.5,Rejected,Pending,Drop,Warehouse A,Opened,Replacement,Yes,5,UPI,Excellent,North,Pending,Yes,Active
551,24602,404,2026-01-05,Duplicate Order,71113.52,Pending,Pending,Pickup,Warehouse B,Opened,Refund,No,7,Bank Transfer,Average,South,Resolved,Yes,Closed
552,36722,3112,2025-02-20,Not as Described,88219.4,Pending,Passed,Drop,Warehouse A,Sealed,Replacement,Yes,10,Bank Transfer,Good,North,Pending,No,Active
553,38415,2991,2025-04-05,Not as Described,68913.85,Rejected,Passed,Drop,Warehouse B,Sealed,Refund,No,3,Wallet,Good,South,Resolved,Yes,Closed
554,4983,6448,2025-10-21,Quality Issue,104383.36,Completed,Pending,Drop,Warehouse B,Sealed,Replacement,No,13,Bank Transfer,Poor,North,Pending,No,Active
555,31807,2336,2025-09-19,Missing Parts,100661.91,Completed,Passed,Drop,Warehouse C,Opened,Replacement,No,11,UPI,,West,Pending,No,Active
556,31457,3408,2024-11-28,Late Delivery,73353.16,Rejected,Pending,Pickup,Warehouse B,Opened,Refund,No,7,Wallet,Good,North,Resolved,No,Closed
557,441,3374,2024-11-01,Wrong Item Delivered,72641.95,Rejected,Pending,Drop,Warehouse C,Sealed,Refund,No,4,UPI,Excellent,South,Pending,No,Closed
558,34856,6319,2025-05-18,Quality Issue,118709.91,Rejected,Pending,Drop,Warehouse C,Opened,Replacement,No,5,Wallet,Poor,East,Resolved,Yes,Active
559,23478,1745,2025-03-17,Late Delivery,31041.55,Completed,Pending,Drop,Warehouse B,Opened,Refund,No,8,Wallet,Poor,East,Resolved,Yes,Closed
560,43432,9086,2025-08-03,Quality Issue,8746.98,Pending,Pending,Pickup,Warehouse B,Sealed,Refund,Yes,13,UPI,Excellent,South,Resolved,Yes,Closed
561,7281,3133,2025-11-22,Damaged Product,7443.92,Completed,Pending,Pickup,Warehouse C,Opened,Refund,No,14,UPI,Excellent,North,Pending,No,Active
562,27393,9130,2025-07-17,Damaged Product,128192.79,Completed,Failed,Pickup,Warehouse C,Sealed,Replacement,Yes,10,Bank Transfer,Average,East,Resolved,Yes,Active
563,30637,7652,2025-10-06,Quality Issue,63954.58,Pending,Passed,Pickup,Warehouse C,Opened,Replacement,No,3,Wallet,Poor,North,Pending,No,Closed
564,15101,2167,2025-02-10, Missing Parts ,80840.93,Pending,Passed,Drop,Warehouse C,Sealed,Refund,Yes,2,Wallet,Average,South,Pending,Yes,Closed
565,21515,8080,2024-09-17,Missing Parts,79597.44,Pending,Passed,Pickup,Warehouse A,Sealed,Refund,Yes,11,Wallet,Poor,North,Pending,Yes,Closed
566,28825,645,2025-06-04,Changed Mind,84973.12,Completed,Passed,Drop,Warehouse A,Opened,Replacement,Yes,7,UPI,Excellent,South,Pending,No,Active
567,33066,110,2024-08-18,Changed Mind,88917.9,Rejected,Failed,Pickup,Warehouse A,Opened,Replacement,No,3,Bank Transfer,Poor,West,Resolved,No,Active
568,34219,3208,2026-03-13,Quality Issue,27610.94,Rejected,Passed,Pickup,Warehouse B,Sealed,Refund,No,12,UPI,,West,Resolved,No,Closed
569,38,7759,2025-07-22,Changed Mind,66974.8,Pending,Failed,Pickup,Warehouse B,Opened,Replacement,No,13,Bank Transfer,Excellent,North,Resolved,Yes,Active
570,44265,7744,2025-01-26,Wrong Item Delivered,6211.14,Rejected,Failed,Drop,Warehouse A,Sealed,Refund,No,8,Wallet,Excellent,West,Resolved,Yes,Active
571,37645,1586,2024-09-09,Duplicate Order,103651.17,Completed,Pending,Pickup,Warehouse C,Sealed,Refund,Yes,3,UPI,Average,South,Pending,Yes,Closed
572,1438,3222,2026-05-25,Duplicate Order,92520.74,Completed,Failed,Pickup,Warehouse C,Opened,Replacement,No,8,Bank Transfer,Average,South,Resolved,No,Active
573,17921,9633,2026-02-27,Damaged Product,56468.86,Pending,Pending,Drop,Warehouse A,Sealed,Refund,No,6,Bank Transfer,Average,North,Resolved,No,Active
574,14691,1053,2024-09-27,Wrong Item Delivered,22048,Pending,Failed,Pickup,Warehouse A,Opened,Replacement,Yes,15,Bank Transfer,Excellent,South,Pending,Yes,Closed
575,32241,2380,2026-01-26,Duplicate Order,9269.02,Pending,Passed,Drop,Warehouse A,Sealed,Replacement,Yes,3,Bank Transfer,Poor,North,Pending,Yes,Active
576,21001,1736,2025-05-13,Quality Issue,74466.62,Pending,Failed,Drop,Warehouse A,Opened,Refund,No,11,Bank Transfer,Excellent,West,Pending,No,Active
577,31790,7286,2024-12-15,Missing Parts,84652.12,Rejected,Pending,Drop,Warehouse A,Opened,Refund,Yes,3,UPI,Average,North,Resolved,Yes,Closed
578,36910,2491,2025-03-28,Damaged Product,1362.91,Pending,Failed,Drop,Warehouse B,Sealed,Refund,No,4,Wallet,Good,South,Resolved,No,Active
579,47485,3840,2026-02-09,Late Delivery,89206.77,Rejected,Failed,Pickup,Warehouse B,Opened,Refund,Yes,14,Wallet,Good,South,Resolved,Yes,Closed
580,41428,6956,2025-05-17,Late Delivery,49483.44,Completed,Failed,Pickup,Warehouse C,Opened,Refund,Yes,7,Bank Transfer,Average,South,Resolved,No,Closed
581,37413,8454,2026-07-31,Missing Parts,47419.97,Rejected,Passed,Drop,Warehouse A,Sealed,Replacement,No,6,Wallet,Poor,South,Pending,Yes,Active
582,753,44,2025-03-16,Duplicate Order,168.57,Completed,Failed,Drop,Warehouse B,Opened,Replacement,Yes,5,Bank Transfer,,East,Pending,Yes,Active
583,13535,6271,2025-01-20,Quality Issue,17342.11,Pending,Failed,Drop,Warehouse C,Sealed,Refund,No,4,Wallet,Poor,North,Resolved,Yes,Active
584,8124,5980,2025-10-09,Late Delivery,21879.17,Completed,Pending,Drop,Warehouse A,Opened,Replacement,No,12,Bank Transfer,Good,South,Resolved,Yes,Active
585,9143,998,2026-04-28,Changed Mind,72186.62,Rejected,Failed,Drop,Warehouse B,Opened,Replacement,Yes,8,Bank Transfer,,South,Pending,Yes,Closed
586,5946,8402,2025-03-16,Damaged Product,43139.39,Rejected,Passed,Drop,Warehouse B,Opened,Refund,No,13,Wallet,Poor,West,Pending,No,Active
587,46538,9860,2024-10-21,Late Delivery,27753.18,Rejected,Pending,Pickup,Warehouse C,Sealed,Replacement,No,14,UPI,Average,East,Resolved,Yes,Active
588,28419,3340,2024-12-24,Changed Mind,36596.76,Completed,Pending,Pickup,Warehouse B,Opened,Replacement,Yes,11,UPI,Good,North,Resolved,No,Closed
589,10781,9666,2025-07-20,Changed Mind,68225.7,Rejected,Passed,Drop,Warehouse C,Sealed,Replacement,Yes,11,UPI,,South,Pending,Yes,Closed
590,15632,1060,2025-09-05,Wrong Item Delivered,26602.54,Rejected,Pending,Drop,Warehouse C,Sealed,Refund,No,4,Bank Transfer,Average,South,Pending,Yes,Closed
591,16510,6804,2025-06-14,Missing Parts,55973.4,Pending,Passed,Drop,Warehouse A,Sealed,Refund,No,3,UPI,Good,West,Resolved,No,Active
592,12577,3743,2025-12-10,Quality Issue,71093.13,Pending,Pending,Pickup,Warehouse A,Opened,Refund,No,4,Bank Transfer,Poor,North,Resolved,Yes,Active
593,19241,1294,2025-06-16,Wrong Item Delivered,95625.61,Completed,Pending,Pickup,Warehouse A,Opened,Refund,No,3,Wallet,Excellent,North,Resolved,No,Active
594,46748,8306,2025-01-22,Not as Described,41006.99,Completed,Failed,Drop,Warehouse B,Opened,Refund,Yes,9,Wallet,Average,North,Resolved,Yes,Active
595,25711,6582,2025-02-21,Missing Parts,61092.86,Completed,Passed,Pickup,Warehouse A,Opened,Replacement,No,3,Bank Transfer,Average,South,Pending,Yes,Closed
596,33351,7473,2025-03-29,Late Delivery,147468.94,Completed,Failed,Drop,Warehouse A,Sealed,Refund,No,15,UPI,Excellent,South,Resolved,No,Closed
597,10691,9810,2025-02-21,Missing Parts,32787.22,Completed,Pending,Drop,Warehouse C,Sealed,Replacement,Yes,5,Bank Transfer,Average,East,Resolved,Yes,Active
598,21749,9567,2025-05-13,Duplicate Order,108179.14,Completed,Failed,Drop,Warehouse C,Sealed,Refund,Yes,10,Bank Transfer,Average,South,Resolved,No,Active
599,10516,1437,2025-07-27,Duplicate Order,965.3,Pending,Failed,Drop,Warehouse B,Sealed,Replacement,Yes,13,Wallet,Good,West,Pending,No,Closed
600,1601,6195,2025-10-17,Late Delivery,51408.15,Pending,Passed,Drop,Warehouse C,Opened,Refund,Yes,6,UPI,Good,North,Pending,No,Active
601,10402,1735,2025-02-24,Duplicate Order,63930.3,Pending,Passed,Drop,Warehouse B,Opened,Replacement,Yes,4,UPI,Excellent,South,Resolved,Yes,Closed
602,40101,2073,2025-01-12,Missing Parts,76554.39,Pending,Passed,Pickup,Warehouse C,Opened,Replacement,Yes,1,UPI,Average,South,Resolved,Yes,Active
603,31752,3857,2026-02-28,Missing Parts,5345.17,Completed,Passed,Drop,Warehouse C,Opened,Replacement,No,7,Wallet,Average,West,Resolved,No,Active
604,23863,5428,2025-11-22,Damaged Product,60150.77,Rejected,Passed,Pickup,Warehouse A,Sealed,Replacement,No,9,Wallet,Average,East,Resolved,No,Active
605,43335,4736,2025-12-21,Missing Parts,73261.14,Completed,Pending,Pickup,Warehouse B,Opened,Refund,No,3,Wallet,Excellent,West,Pending,No,Closed
606,24545,4362,2026-04-04,Damaged Product,41521.34,Pending,Pending,Drop,Warehouse A,Sealed,Refund,Yes,2,Bank Transfer,Average,North,Resolved,No,Active
607,26501,6048,2026-07-30,Late Delivery,8232.65,Rejected,Passed,Drop,Warehouse A,Opened,Refund,Yes,5,UPI,Excellent,West,Resolved,Yes,Closed
608,24003,2394,2026-03-04,Damaged Product,131353.49,Pending,Failed,Drop,Warehouse C,Opened,Replacement,No,12,Bank Transfer,Good,North,Pending,No,Active
609,22701,8170,2025-05-02,Quality Issue,96249.71,Completed,Pending,Drop,Warehouse B,Opened,Replacement,Yes,3,Wallet,Poor,North,Resolved,Yes,Active
610,22910,8550,2026-03-02,Quality Issue,101994.04,Rejected,Passed,Drop,Warehouse B,Opened,Replacement,No,6,Wallet,Poor,North,Pending,Yes,Active
611,44179,5513,2025-02-07,Quality Issue,89171.07,Rejected,Pending,Drop,Warehouse A,Opened,Refund,No,9,UPI,Poor,North,Pending,No,Active
612,41530,2119,2024-09-10,Wrong Item Delivered,53336.78,Pending,Pending,Drop,Warehouse B,Opened,Refund,Yes,12,Bank Transfer,Average,West,Pending,No,Active
613,13252,5846,2025-11-06,Not as Described,48716.74,Completed,Failed,Drop,Warehouse B,Sealed,Refund,No,6,Wallet,Average,East,Resolved,No,Closed
614,13566,4071,2025-12-06,Damaged Product,51348.03,Rejected,Pending,Pickup,Warehouse C,Opened,Refund,Yes,14,UPI,Average,West,Resolved,No,Active
615,15448,6527,2026-05-25,Not as Described,68093.55,Rejected,Passed,Drop,Warehouse B,Sealed,Replacement,Yes,2,UPI,Excellent,West,Pending,Yes,Closed
616,9918,6704,2025-04-06,Duplicate Order,14186.08,Rejected,Failed,Pickup,Warehouse C,Sealed,Refund,No,8,UPI,Good,West,Resolved,Yes,Closed
617,49636,1054,2024-12-14,Missing Parts,63723.7,Completed,Failed,Drop,Warehouse B,Opened,Refund,Yes,14,UPI,Poor,East,Pending,Yes,Active
618,29019,1986,2026-03-17,Missing Parts,23577.99,Completed,Failed,Drop,Warehouse B,Opened,Replacement,Yes,14,UPI,Excellent,West,Pending,No,Active
619,36932,3137,2025-02-21,Missing Parts,29478.34,Pending,Failed,Pickup,Warehouse C,Sealed,Replacement,No,14,UPI,Good,North,Resolved,No,Closed
620,14660,2233,2026-04-01,Not as Described,81817.82,Completed,Failed,Drop,Warehouse A,Sealed,Replacement,Yes,8,UPI,Poor,North,Resolved,Yes,Active
621,44280,5404,2025-06-17,Quality Issue,53540.11,Rejected,Failed,Pickup,Warehouse B,Opened,Refund,Yes,6,Bank Transfer,Excellent,East,Pending,Yes,Closed
622,16508,9533,2025-08-25,Missing Parts,35110.55,Pending,Failed,Drop,Warehouse C,Sealed,Replacement,Yes,15,UPI,Poor,West,Pending,Yes,Active
623,22867,8144,2025-11-16,Changed Mind,3677.19,Rejected,Pending,Drop,Warehouse C,Sealed,Refund,Yes,13,UPI,Excellent,North,Pending,Yes,Closed
624,30450,4822,2025-12-19,Wrong Item Delivered,66007.1,Rejected,Failed,Pickup,Warehouse C,Sealed,Replacement,Yes,4,Bank Transfer,Poor,North,Resolved,No,Active
625,10116,2625,2025-04-18,Not as Described,111679.73,Pending,Pending,Drop,Warehouse A,Sealed,Refund,No,5,Wallet,Average,East,Pending,Yes,Active
626,4292,7558,2026-04-25,Damaged Product,69655.04,Completed,Passed,Pickup,Warehouse B,Sealed,Replacement,Yes,10,Bank Transfer,Good,West,Resolved,No,Active
627,16408,7226,2025-07-20,Missing Parts,8711.14,Completed,Pending,Drop,Warehouse C,Opened,Replacement,No,9,UPI,Poor,South,Resolved,Yes,Active
628,46418,4956,2025-03-17,Missing Parts,33906.04,Rejected,Failed,Pickup,Warehouse B,Opened,Refund,Yes,1,Bank Transfer,Excellent,South,Resolved,Yes,Closed
629,39113,4005,2026-07-25,Quality Issue,55216.02,Pending,Pending,Drop,Warehouse A,Opened,Refund,No,4,Wallet,,West,Pending,Yes,Closed
630,5389,3520,2024-10-24,Damaged Product,86132.33,Rejected,Pending,Pickup,Warehouse A,Sealed,Refund,Yes,3,Bank Transfer,Average,South,Resolved,Yes,Closed
631,33371,8123,2025-02-06,Late Delivery,41834.13,Pending,Passed,Drop,Warehouse A,Sealed,Refund,No,11,UPI,Good,West,Pending,No,Closed
632,48615,412,2026-06-10,Changed Mind,64473.53,Completed,Passed,Pickup,Warehouse A,Sealed,Replacement,No,10,Wallet,Excellent,South,Pending,Yes,Active
633,16480,9243,2025-12-15,Damaged Product,70168.14,Rejected,Pending,Pickup,Warehouse A,Sealed,Refund,Yes,1,Bank Transfer,Good,South,Resolved,Yes,Closed
634,16613,4712,2025-06-23,Wrong Item Delivered,2066.47,Pending,Pending,Drop,Warehouse B,Sealed,Replacement,No,15,UPI,Average,South,Resolved,No,Closed
635,16396,875,2025-10-10,Changed Mind,41261.02,Completed,Passed,Drop,Warehouse B,Sealed,Replacement,No,14,Bank Transfer,Excellent,West,Pending,Yes,Closed
636,7345,3682,2026-02-22,Wrong Item Delivered,22759.3,Pending,Passed,Pickup,Warehouse C,Sealed,Replacement,No,10,Wallet,Average,West,Resolved,Yes,Active
637,30489,8874,2025-06-13,Quality Issue,35250.59,Pending,Passed,Pickup,Warehouse A,Sealed,Replacement,Yes,13,Bank Transfer,Excellent,North,Pending,Yes,Closed
638,31248,8078,2025-01-27,Duplicate Order,53137.1,Completed,Pending,Pickup,Warehouse B,Sealed,Refund,Yes,2,Wallet,Average,North,Pending,No,Closed
639,43145,6189,2026-08-25,Late Delivery,52502.4,Completed,Failed,Drop,Warehouse A,Sealed,Replacement,Yes,2,Bank Transfer,Good,East,Pending,Yes,Active
640,20239,1985,2024-08-28,Damaged Product,48387.32,Pending,Failed,Pickup,Warehouse B,Opened,Refund,No,11,UPI,Excellent,West,Resolved,No,Closed
641,28227,7577,2026-01-31,Duplicate Order,88413.79,Pending,Passed,Drop,Warehouse B,Opened,Replacement,No,12,Bank Transfer,Poor,North,Pending,Yes,Active
642,20822,7083,2025-05-16,Damaged Product,78460.08,Completed,Passed,Drop,Warehouse C,Sealed,Refund,Yes,2,UPI,Average,North,Resolved,No,Active
643,17563,2124,2025-11-06,Changed Mind,19983.75,Completed,Failed,Drop,Warehouse C,Sealed,Replacement,Yes,15,UPI,Poor,North,Resolved,No,Active
644,12684,1823,2025-01-12,Missing Parts,82112.46,Rejected,Failed,Pickup,Warehouse C,Opened,Replacement,No,5,Bank Transfer,Poor,South,Resolved,No,Closed
645,20175,4802,2025-09-08,Late Delivery,48641.69,Rejected,Pending,Pickup,Warehouse C,Opened,Refund,No,1,UPI,Excellent,South,Pending,No,Active
646,800,6193,2025-04-12,Late Delivery,55453.77,Rejected,Pending,Drop,Warehouse B,Sealed,Refund,Yes,15,UPI,Good,East,Pending,No,Active
647,5566,8383,2025-08-13,Wrong Item Delivered,14606.42,Pending,Failed,Pickup,Warehouse C,Sealed,Refund,Yes,8,UPI,Excellent,South,Resolved,No,Active
648,17043,521,2025-10-27,Not as Described,19625.46,Pending,Failed,Pickup,Warehouse C,Opened,Replacement,No,4,UPI,Poor,West,Pending,Yes,Closed
649,42850,6482,2024-12-08,Damaged Product,85101.23,Rejected,Failed,Drop,Warehouse A,Sealed,Refund,No,3,Wallet,Average,West,Pending,Yes,Active
650,14300,2718,2025-08-05,Wrong Item Delivered,62857.94,Completed,Passed,Pickup,Warehouse A,Sealed,Refund,Yes,9,UPI,Average,South,Pending,No,Closed
651,39393,3426,2026-07-18,Changed Mind,2615.13,Pending,Passed,Pickup,Warehouse A,Sealed,Replacement,No,12,UPI,Excellent,South,Pending,No,Active
652,8539,7105,2025-12-17,Wrong Item Delivered,53514.1,Completed,Passed,Drop,Warehouse B,Opened,Refund,No,7,Bank Transfer,Excellent,South,Pending,Yes,Active
653,37374,1423,2024-12-14,Damaged Product,46396.02,Rejected,Failed,Drop,Warehouse C,Opened,Replacement,Yes,8,UPI,Excellent,North,Pending,Yes,Active
654,46108,2300,2025-10-25,Wrong Item Delivered,55840.49,Completed,Failed,Drop,Warehouse B,Sealed,Replacement,No,11,Bank Transfer,Average,East,Pending,Yes,Closed
655,6786,8147,2026-03-27,Not as Described,87949.21,Completed,Failed,Pickup,Warehouse A,Sealed,Refund,Yes,6,Bank Transfer,Excellent,South,Pending,No,Active
656,31639,6711,2026-03-03,Missing Parts,19273.91,Rejected,Passed,Drop,Warehouse C,Sealed,Refund,No,15,Wallet,Average,East,Pending,No,Closed
657,30657,1242,2025-05-17,Duplicate Order,30844.95,Rejected,Passed,Drop,Warehouse B,Sealed,Replacement,Yes,1,Bank Transfer,Good,West,Resolved,No,Active
658,48944,4729,2026-06-16,Wrong Item Delivered,36775.43,Pending,Passed,Drop,Warehouse A,Opened,Replacement,Yes,-5,Bank Transfer,Average,North,Pending,No,Active
659,41361,3424,2026-04-13,Duplicate Order,72842.65,Pending,Pending,Pickup,Warehouse A,Sealed,Refund,Yes,7,Wallet,Excellent,East,Resolved,Yes,Closed
660,11115,1913,2026-04-26,Missing Parts,75137.12,Pending,Failed,Pickup,Warehouse B,Sealed,Replacement,Yes,10,Bank Transfer,Average,South,Resolved,No,Active
661,19254,5520,2026-06-26,Changed Mind,44615.95,Pending,Passed,Drop,Warehouse C,Sealed,Refund,No,13,Bank Transfer,Excellent,South,Pending,No,Closed
662,22779,183,2026-03-16,Not as Described,75783.91,Pending,Failed,Drop,Warehouse A,Opened,Replacement,Yes,13,UPI,Average,South,Pending,Yes,Closed
663,46274,9705,2025-12-23,Missing Parts,77499.69,Completed,Failed,Pickup,Warehouse B,Sealed,Refund,Yes,1,Bank Transfer,Excellent,East,Resolved,No,Closed
664,39005,5904,2024-10-28,Damaged Product,11378.71,Completed,Pending,Pickup,Warehouse C,Opened,Refund,No,3,UPI,Good,East,Pending,Yes,Closed
665,25763,7317,2025-06-28,Wrong Item Delivered,57688.45,Completed,Passed,Pickup,Warehouse C,Opened,Refund,Yes,4,UPI,Poor,North,Pending,No,Active
666,34109,8929,2025-10-12,Missing Parts,81751.52,Pending,Passed,Pickup,Warehouse C,Sealed,Replacement,Yes,7,UPI,Excellent,South,Resolved,Yes,Active
667,26298,9501,2026-03-02,Late Delivery,7333.31,Pending,Failed,Drop,Warehouse B,Opened,Replacement,No,11,Bank Transfer,Poor,West,Resolved,No,Closed
668,14962,3348,2026-08-19,Damaged Product,36845.62,Pending,Failed,Pickup,Warehouse C,Sealed,Refund,No,1,Wallet,Poor,North,Pending,Yes,Closed
669,20324,6437,2025-07-24,Changed Mind,43655.33,Completed,Passed,Drop,Warehouse C,Opened,Replacement,No,9,UPI,Good,South,Pending,No,Closed
670,37371,1737,2026-01-12,Quality Issue,107936.09,Pending,Pending,Drop,Warehouse B,Opened,Replacement,No,8,Wallet,Good,East,Resolved,No,Closed
671,3839,5553,2026-06-17,Missing Parts,28839.11,Completed,Passed,Pickup,Warehouse C,Opened,Refund,Yes,-5,UPI,,West,Pending,Yes,Active
672,26419,4819,2025-02-01,Quality Issue,76936.62,Rejected,Failed,Drop,Warehouse A,Opened,Replacement,Yes,1,Wallet,Excellent,West,Pending,Yes,Active
673,39493,6645,2024-08-28,Not as Described,45845.14,Pending,Passed,Pickup,Warehouse A,Sealed,Replacement,No,11,Bank Transfer,Good,South,Resolved,No,Active
674,31684,8188,2024-10-25,Wrong Item Delivered,23404.16,Completed,Passed,Pickup,Warehouse A,Sealed,Replacement,Yes,6,UPI,Poor,South,Resolved,No,Closed
675,40249,6074,2026-03-14,Quality Issue,72617.72,Completed,Failed,Drop,Warehouse C,Sealed,Refund,Yes,3,Wallet,Average,North,Resolved,No,Active
676,31317,5171,2024-08-14,Duplicate Order,74154.69,Completed,Passed,Drop,Warehouse B,Sealed,Replacement,Yes,14,UPI,Average,North,Resolved,No,Closed
677,14,1589,2025-05-28,Wrong Item Delivered,51840.37,Rejected,Failed,Drop,Warehouse C,Opened,Refund,No,7,Bank Transfer,Good,East,Resolved,Yes,Active
678,40029,7341,2024-10-15,Duplicate Order,101614.34,Rejected,Passed,Pickup,Warehouse B,Opened,Refund,No,2,Bank Transfer,Excellent,West,Resolved,No,Active
679,2655,5196,2024-08-19,Late Delivery,9994.24,Rejected,Failed,Drop,Warehouse B,Sealed,Refund,Yes,15,UPI,,South,Pending,Yes,Closed
680,1699,4240,2026-05-25,Missing Parts,23571.46,Rejected,Passed,Drop,Warehouse C,Sealed,Refund,Yes,8,UPI,Average,East,Resolved,No,Closed
681,16876,9659,2024-10-09,Late Delivery,6227.58,Completed,Pending,Pickup,Warehouse A,Sealed,Refund,Yes,14,Wallet,Good,North,Resolved,Yes,Active
682,45424,3393,2025-04-06,Damaged Product,6542.13,Pending,Failed,Pickup,Warehouse B,Opened,Replacement,No,11,UPI,Excellent,North,Pending,Yes,Closed
683,44827,6721,2025-08-25,Duplicate Order,126647.87,Completed,Failed,Drop,Warehouse B,Sealed,Refund,No,6,Wallet,Excellent,North,Pending,No,Closed
684,40318,5151,2024-11-26,Quality Issue,73819.83,Rejected,Passed,Drop,Warehouse C,Opened,Refund,No,12,UPI,Excellent,South,Pending,No,Active
685,2257,1157,2026-03-07,Damaged Product,24622.1,Pending,Failed,Drop,Warehouse B,Opened,Refund,No,14,Wallet,Poor,West,Resolved,No,Closed
686,34274,717,2025-03-17,Late Delivery,29929.23,Pending,Passed,Drop,Warehouse C,Opened,Replacement,Yes,9,Bank Transfer,Excellent,East,Pending,Yes,Active
687,31812,9759,2026-01-31,Missing Parts,104517.12,Pending,Pending,Pickup,Warehouse A,Sealed,Replacement,No,7,Wallet,Average,South,Pending,No,Active
688,18351,8420,2025-01-04,Changed Mind,129419.1,Rejected,Failed,Pickup,Warehouse A,Sealed,Replacement,No,1,Wallet,Average,East,Pending,No,Active
689,37942,3159,2025-02-27,Duplicate Order,95980.7,Pending,Passed,Drop,Warehouse B,Opened,Replacement,Yes,8,UPI,Average,West,Resolved,No,Active
690,26754,8839,2025-01-30,Changed Mind,137624.93,Rejected,Pending,Drop,Warehouse A,Sealed,Refund,No,13,Bank Transfer,Average,West,Resolved,Yes,Active
691,11496,6085,2026-01-08,Damaged Product,136576.22,Completed,Passed,Pickup,Warehouse A,Sealed,Replacement,Yes,9,Wallet,Good,North,Pending,No,Active
692,728,9047,2025-09-23,Duplicate Order,110612,Rejected,Pending,Pickup,Warehouse C,Opened,Replacement,Yes,2,Wallet,Poor,North,Resolved,Yes,Active
693,35039,5344,2024-12-06,Missing Parts,89178.08,Completed,Pending,Drop,Warehouse B,Opened,Refund,No,10,Bank Transfer,Average,West,Pending,No,Closed
694,49470,2041,2026-01-11,Duplicate Order,11920.38,Completed,Failed,Pickup,Warehouse C,Opened,Refund,Yes,13,Bank Transfer,Average,South,Pending,Yes,Active
695,26363,261,2025-03-05,Wrong Item Delivered,15180.47,Completed,Passed,Drop,Warehouse C,Opened,Refund,No,11,Wallet,Poor,East,Pending,Yes,Closed
696,24196,8550,2026-06-01,Late Delivery,34609.92,Pending,Passed,Drop,Warehouse B,Opened,Refund,No,12,Bank Transfer,Average,North,Pending,Yes,Closed
697,17397,4912,2026-03-02,Late Delivery,41198.82,Pending,Failed,Pickup,WAREHOUSE C,Opened,Refund,No,11,Wallet,Good,East,Pending,No,Closed
698,39899,3796,2024-09-13,Missing Parts,19857.66,Rejected,Passed,Drop,Warehouse C,Opened,Refund,No,1,UPI,Excellent,West,Pending,No,Active
699,25503,3371,2026-04-26,Missing Parts,3529.05,Completed,Pending,Pickup,Warehouse A,Opened,Replacement,No,6,UPI,Poor,South,Pending,Yes,Closed
700,47172,3110,2026-03-03,Duplicate Order,16208.02,Rejected,Pending,Pickup,Warehouse C,Opened,Refund,No,8,Bank Transfer,Poor,West,Pending,No,Active
701,43496,1250,2025-12-28,Wrong Item Delivered,16729.7,Completed,Passed,Drop,Warehouse C,Sealed,Replacement,No,8,UPI,Average,North,Resolved,No,Closed
702,34638,8716,2025-07-27,Missing Parts,19980.7,Pending,Failed,Drop,Warehouse B,Opened,Refund,Yes,14,Wallet,Good,West,Pending,No,Active
703,29399,2847,2025-03-26,Wrong Item Delivered,61336.93,Pending,Failed,Drop,Warehouse B,Opened,Refund,No,15,Bank Transfer,Excellent,South,Pending,Yes,Active
704,2921,9157,2024-12-07,Quality Issue,13610.84,Completed,Pending,Pickup,Warehouse C,Opened,Refund,No,14,UPI,Average,South,Pending,No,Closed
705,5419,2727,2026-02-25,Not as Described,2016.58,Pending,Passed,Pickup,Warehouse B,Sealed,Replacement,No,2,UPI,Average,North,Pending,Yes,Active
706,27012,6526,2026-02-02,Quality Issue,34982.52,Rejected,Failed,Drop,Warehouse B,Opened,Replacement,Yes,7,UPI,Average,South,Resolved,Yes,Active
707,17490,7403,2026-04-23,Late Delivery,53897.71,Rejected,Passed,Drop,Warehouse B,Opened,Replacement,Yes,12,Bank Transfer,Average,South,Resolved,Yes,Active
708,11242,5308,2025-09-13,Not as Described,29491.8,Rejected,Pending,Pickup,Warehouse C,Opened,Refund,No,12,Bank Transfer,Poor,South,Pending,No,Active
709,19075,8016,2025-08-10,Late Delivery,42789.2,Pending,Pending,Drop,Warehouse B,Sealed,Replacement,No,5,UPI,Good,North,Pending,No,Closed
710,11516,8270,2024-08-31,Missing Parts,57695.71,Completed,Passed,Drop,Warehouse B,Opened,Replacement,No,12,UPI,Poor,West,Pending,Yes,Active
711,9245,7043,2025-10-23,Late Delivery,42809.93,Pending,Passed,Drop,Warehouse B,Sealed,Replacement,No,13,Bank Transfer,Poor,West,Pending,Yes,Closed
712,25738,5813,2026-06-06,Duplicate Order,42228.49,Rejected,Passed,Drop,Warehouse B,Sealed,Refund,Yes,9,UPI,Excellent,East,Resolved,Yes,Active
713,15366,4587,2026-01-19,Duplicate Order,7210.73,Pending,Pending,Pickup,Warehouse C,Opened,Refund,No,9,UPI,Good,West,Resolved,No,Active
714,38002,9262,2025-01-20,Missing Parts,23298.32,Completed,Pending,Pickup,Warehouse A,Opened,Refund,Yes,9,Bank Transfer,Poor,North,Resolved,No,Closed
715,46405,6793,2024-10-04,Late Delivery,69297.01,Completed,Failed,Pickup,Warehouse B,Sealed,Refund,No,14,UPI,Excellent,North,Pending,Yes,Active
716,48048,4193,2025-03-29,Quality Issue,64719.4,Completed,Pending,Drop,Warehouse A,Sealed,Replacement,No,9,Wallet,Excellent,East,Pending,No,Active
717,17871,992,2026-02-21,Not as Described,72690.45,Pending,Failed,Drop,Warehouse A,Opened,Replacement,No,8,Bank Transfer,Good,West,Resolved,No,Closed
718,26005,6633,2025-12-07,Wrong Item Delivered,18818.68,Pending,Passed,Pickup,Warehouse B,Opened,Replacement,No,8,Wallet,Excellent,East,Pending,Yes,Active
719,30735,1763,2025-04-06,Late Delivery,24082,Pending,Pending,Pickup,Warehouse A,Opened,Replacement,No,9,Wallet,Good,North,Pending,No,Closed
720,30888,1912,2026-05-15,Quality Issue,124320.35,Completed,Failed,Drop,Warehouse A,Sealed,Refund,No,9,Bank Transfer,Average,South,Pending,No,Closed
721,16679,8348,2025-12-08,Wrong Item Delivered,38224.21,Completed,Failed,Pickup,Warehouse B,Opened,Refund,Yes,9,Wallet,Excellent,South,Resolved,No,Active
722,44636,9548,2024-10-11,Not as Described,79567.76,Completed,Pending,Drop,Warehouse A,Sealed,Replacement,Yes,5,UPI,,East,Pending,No,Closed
723,1301,5178,2025-10-31,Quality Issue,14855.83,Pending,Pending,Pickup,Warehouse C,Sealed,Replacement,No,8,UPI,Average,South,Resolved,No,Active
724,37863,4579,2025-11-22,Quality Issue,32462.06,Pending,Passed,Pickup,Warehouse B,Opened,Refund,Yes,9,Bank Transfer,Average,North,Resolved,No,Active
725,6523,5088,2026-01-22,Late Delivery,73173.72,Pending,Pending,Pickup,Warehouse A,Sealed,Replacement,No,10,Wallet,Average,East,Pending,No,Active
726,3965,4336,2026-04-22,Wrong Item Delivered,51751.89,Rejected,Passed,Drop,Warehouse A,Sealed,Refund,Yes,13,Wallet,Poor,East,Pending,No,Active
727,15545,1728,2025-03-18,Late Delivery,17977.24,Completed,Passed,Pickup,Warehouse A,Opened,Replacement,Yes,6,UPI,Excellent,South,Pending,No,Closed
728,7441,2073,2026-08-09,Wrong Item Delivered,61012.53,Completed,Pending,Drop,Warehouse B,Sealed,Replacement,No,5,Wallet,Average,North,Resolved,Yes,Closed
729,37302,6695,2026-04-13,Missing Parts,4735.09,Rejected,Failed,Drop,Warehouse C,Sealed,Refund,No,11,Bank Transfer,Good,North,Pending,No,Closed
730,38454,6274,2026-01-13,Late Delivery,71075.62,Pending,Failed,Pickup,Warehouse C,Opened,Refund,No,6,Wallet,Good,North,Pending,No,Active
731,15107,7473,2024-10-22,Changed Mind,81357.12,Rejected,Passed,Drop,Warehouse A,Sealed,Replacement,No,1,Wallet,Average,East,Resolved,Yes,Closed
732,10919,4468,2024-08-19,Not as Described,114114.97,Completed,Failed,Pickup,Warehouse A,Sealed,Refund,Yes,12,Wallet,Good,South,Resolved,No,Active
733,1554,4387,2025-11-01,Damaged Product,8526.98,Pending,Passed,Drop,Warehouse A,Opened,Replacement,No,15,Wallet,Good,East,Resolved,No,Closed
734,32767,2973,2025-02-20,Damaged Product,51668.23,Completed,Passed,Pickup,Warehouse C,Sealed,Refund,Yes,8,UPI,Average,South,Pending,Yes,Active
735,11177,1000,2026-06-09,Duplicate Order,39676.68,Completed,Failed,Drop,Warehouse C,Opened,Replacement,Yes,2,UPI,Good,North,Resolved,No,Active
736,44630,138,2026-05-01,Damaged Product,29820.16,Completed,Pending,Drop,Warehouse B,Opened,Refund,No,14,Wallet,Good,South,Pending,Yes,Closed
737,25578,2079,2026-05-31,Changed Mind,73882.47,Completed,Pending,Drop,Warehouse B,Opened,Refund,No,15,UPI,Good,East,Pending,No,Closed
738,9138,8915,2024-08-06,Duplicate Order,79498.67,Pending,Pending,Drop,Warehouse C,Opened,Refund,No,3,Wallet,Good,West,Pending,No,Active
739,44231,8576,2026-02-14,Changed Mind,69795.8,Completed,Pending,Pickup,Warehouse B,Opened,Replacement,No,1,UPI,Good,West,Resolved,No,Closed
740,19288,9923,2025-04-24,Damaged Product,98826.49,Pending,Pending,Pickup,Warehouse C,Sealed,Refund,Yes,7,Bank Transfer,Average,East,Resolved,Yes,Closed
741,12260,5911,2025-08-24,Quality Issue,2332.03,Completed,Failed,Drop,Warehouse C,Sealed,Replacement,No,14,UPI,Average,East,Pending,No,Closed
742,36590,2129,2024-11-02,Late Delivery,56947.05,Rejected,Passed,Drop,Warehouse B,Sealed,Replacement,Yes,3,Wallet,Good,East,Resolved,Yes,Active
743,41587,3319,2025-04-16,Damaged Product,65171.5,Completed,Failed,Pickup,Warehouse B,Sealed,Replacement,Yes,8,UPI,Good,South,Resolved,No,Closed
744,49951,6799,2024-10-22,Late Delivery,87405.28,Pending,Passed,Pickup,Warehouse A,Sealed,Refund,No,3,Bank Transfer,Excellent,West,Pending,Yes,Closed
745,579,7106,2025-08-04,Not as Described,41961.74,Rejected,Passed,Pickup,Warehouse B,Opened,Replacement,Yes,7,Bank Transfer,Average,West,Pending,Yes,Closed
746,23317,7947,2026-07-20,Damaged Product,42588.2,Completed,Pending,Pickup,Warehouse A,Sealed,Replacement,No,9,UPI,Poor,North,Resolved,Yes,Closed
747,20142,5727,2026-04-15,Changed Mind,73217.76,Pending,Passed,Drop,Warehouse B,Opened,Replacement,Yes,5,Bank Transfer,Poor,West,Resolved,No,Closed
748,7951,8068,2025-08-16,Wrong Item Delivered,38451.37,Pending,Passed,Drop,Warehouse C,Opened,Replacement,Yes,3,Bank Transfer,Good,West,Pending,Yes,Closed
749,8671,2270,2025-08-15,Missing Parts,7338.92,Pending,Passed,Drop,Warehouse B,Sealed,Refund,No,9,Bank Transfer,Poor,East,Pending,Yes,Active
750,7587,967,2025-11-13,Missing Parts,76116.33,Rejected,Passed,Pickup,Warehouse A,Sealed,Replacement,Yes,9,Wallet,Poor,West,Resolved,No,Closed
751,34623,2487,2025-12-10,Not as Described,53275.22,Pending,Failed,Pickup,Warehouse C,Sealed,Replacement,No,6,Wallet,Average,North,Pending,Yes,Closed
752,33866,6592,2025-01-06,Not as Described,102652.62,Pending,Failed,Pickup,Warehouse C,Opened,Replacement,Yes,9,Wallet,Poor,South,Resolved,Yes,Active
753,7901,7726,2024-09-04,Not as Described,33770.57,Pending,Failed,Drop,Warehouse B,Opened,Replacement,Yes,2,Bank Transfer,Average,North,Resolved,Yes,Closed
754,15159,6564,2026-07-10,Wrong Item Delivered,46092.15,Pending,Pending,Drop,Warehouse B,Sealed,Refund,Yes,12,Bank Transfer,Excellent,West,Resolved,Yes,Closed
755,42475,9248,2026-06-01,Late Delivery,2043.94,Rejected,Passed,Drop,Warehouse C,Sealed,Refund,No,5,Wallet,Good,East,Resolved,No,Active
756,17456,7818,2026-03-10,Damaged Product,31447.91,Pending,Passed,Pickup,Warehouse B,Opened,Replacement,No,8,Wallet,Average,North,Resolved,Yes,Active
757,32915,96,2026-05-05,Wrong Item Delivered,86389.93,Rejected,Failed,Drop,Warehouse C,Sealed,Replacement,No,8,Wallet,Excellent,East,Pending,No,Closed
758,11263,2895,2024-08-25,Not as Described,10386.95,Rejected,Failed,Pickup,Warehouse C,Opened,Replacement,No,7,UPI,Excellent,West,Pending,Yes,Active
759,15651,2414,2026-03-25,Duplicate Order,94256.07,Pending,Failed,Drop,Warehouse B,Sealed,Refund,Yes,10,Wallet,Good,East,Pending,No,Active
760,24362,2065,2025-02-26,Not as Described,48830.54,Completed,Failed,Pickup,Warehouse B,Opened,Refund,No,4,UPI,Excellent,East,Resolved,Yes,Closed
761,30476,9678,2025-09-06,Late Delivery,91172.05,Pending,Pending,Drop,Warehouse B,Sealed,Refund,No,9,Wallet,Poor,South,Pending,No,Closed
762,7154,3630,2025-09-01,Not as Described,5356.27,Completed,Passed,Drop,Warehouse B,Opened,Replacement,No,11,UPI,Excellent,West,Pending,No,Closed
763,8848,6304,2026-04-08,Late Delivery,114456.58,Completed,Pending,Pickup,Warehouse C,Sealed,Refund,No,10,UPI,Good,West,Resolved,No,Active
764,43000,5523,2024-11-05,Missing Parts,83140.87,Rejected,Pending,Pickup,WAREHOUSE A,Sealed,Replacement,Yes,3,Bank Transfer,Good,East,Resolved,No,Active
765,6102,6876,2025-07-28,Not as Described,58113.95,Pending,Passed,Drop,Warehouse A,Opened,Replacement,Yes,-5,Wallet,Average,South,Resolved,No,Active
766,20569,2323,2025-01-15,Missing Parts,37879.94,Rejected,Failed,Drop,Warehouse A,Sealed,Replacement,Yes,12,Wallet,Excellent,West,Pending,Yes,Closed
767,5978,4784,2025-01-21,Damaged Product,2141.69,Pending,Failed,Drop,Warehouse B,Opened,Refund,Yes,14,Bank Transfer,Excellent,South,Pending,No,Closed
768,8809,5859,2025-08-02,Not as Described,13090.81,Completed,Failed,Pickup,Warehouse B,Opened,Replacement,No,13,UPI,Average,East,Pending,No,Closed
769,61,5189,2026-01-14,Changed Mind,108498.77,Rejected,Failed,Pickup,Warehouse A,Opened,Replacement,Yes,4,Bank Transfer,Average,East,Pending,Yes,Closed
770,45140,5272,2024-12-28,Changed Mind,121681.96,Completed,Pending,Pickup,Warehouse A,Sealed,Replacement,No,11,UPI,Excellent,South,Pending,Yes,Active
771,49252,7650,2026-05-12,Missing Parts,85997.74,Pending,Pending,Pickup,Warehouse B,Opened,Replacement,No,7,Bank Transfer,Good,West,Resolved,No,Closed
772,10002,2805,2026-01-22,Wrong Item Delivered,39569.09,Pending,Passed,Drop,Warehouse A,Opened,Refund,No,10,Wallet,Excellent,South,Pending,No,Closed
773,14210,7238,2024-08-17,Damaged Product,91222.69,Rejected,Pending,Pickup,Warehouse C,Opened,Replacement,Yes,7,Wallet,Excellent,East,Resolved,No,Active
774,47174,1643,2025-08-28,Late Delivery,70322.8,Completed,Failed,Pickup,Warehouse C,Opened,Refund,No,3,UPI,Average,East,Resolved,Yes,Active
775,2806,6784,2026-04-10,Changed Mind,22515.41,Completed,Passed,Pickup,Warehouse A,Sealed,Replacement,Yes,9,UPI,,North,Resolved,No,Active
776,22314,2669,2025-12-05,Late Delivery,13150.28,Completed,Pending,Pickup,Warehouse C,Sealed,Replacement,Yes,10,Bank Transfer,Excellent,West,Resolved,No,Active
777,12307,729,2025-01-11,Changed Mind,108881.76,Pending,Pending,Pickup,Warehouse B,Sealed,Replacement,No,5,Wallet,Good,East,Pending,No,Closed
778,42567,7684,2024-11-10,Quality Issue,125057.79,Pending,Passed,Drop,Warehouse C,Sealed,Replacement,Yes,3,UPI,Poor,East,Resolved,No,Closed
779,27594,5030,2025-07-27,Quality Issue,84106.4,Completed,Passed,Pickup,Warehouse A,Sealed,Replacement,No,13,Wallet,Poor,North,Pending,Yes,Active
780,9352,4604,2024-10-02,Missing Parts,46336.64,Completed,Passed,Pickup,Warehouse B,Sealed,Replacement,No,4,Bank Transfer,Poor,East,Pending,Yes,Closed
781,36102,4669,2025-03-25,Duplicate Order,84211.29,Pending,Failed,Drop,Warehouse C,Sealed,Replacement,Yes,13,Bank Transfer,Excellent,West,Pending,Yes,Closed
782,28206,5848,2025-10-21,Late Delivery,56142.03,Completed,Pending,Drop,Warehouse B,Sealed,Refund,No,7,Bank Transfer,Average,South,Resolved,No,Closed
783,34422,2611,2025-10-26,Quality Issue,36042.57,Pending,Pending,Drop,Warehouse C,Sealed,Refund,No,12,Wallet,Poor,South,Pending,No,Active
784,15424,7897,2024-11-19,Duplicate Order,56657.44,Pending,Pending,Drop,Warehouse B,Sealed,Refund,No,3,Wallet,Excellent,East,Pending,Yes,Active
785,4326,9139,2025-03-12,Late Delivery,88315.51,Rejected,Passed,Drop,Warehouse A,Sealed,Replacement,No,12,UPI,Good,North,Pending,No,Closed
786,16883,3818,2024-10-01,Quality Issue,105030.15,Pending,Failed,Pickup,Warehouse B,Sealed,Replacement,Yes,11,Wallet,,East,Resolved,Yes,Active
787,9031,9911,2026-02-28,Missing Parts,81815.92,Pending,Passed,Pickup,Warehouse C,Sealed,Refund,No,1,Wallet,Average,West,Pending,No,Active
788,34852,7987,2026-06-11,Wrong Item Delivered,50174.14,Rejected,Passed,Pickup,Warehouse C,Opened,Replacement,Yes,13,UPI,Poor,East,Pending,No,Active
789,16239,7618,2026-06-29,Quality Issue,61048.86,Rejected,Pending,Drop,Warehouse B,Sealed,Refund,No,10,Bank Transfer,Excellent,West,Resolved,Yes,Active
790,47665,2741,2025-09-07,Changed Mind,93515.76,Completed,Pending,Drop,Warehouse C,Sealed,Refund,No,15,Wallet,Good,South,Resolved,Yes,Closed
791,31884,4241,2024-08-25,Damaged Product,68692.04,Completed,Pending,Drop,Warehouse A,Sealed,Replacement,Yes,11,UPI,Good,East,Resolved,No,Closed
792,33543,3339,2024-11-28,Late Delivery,3990.43,Pending,Passed,Pickup,Warehouse B,Opened,Replacement,Yes,8,Wallet,Good,West,Resolved,No,Closed
793,28371,2848,2024-11-07,Missing Parts,9129.36,Rejected,Passed,Pickup,Warehouse A,Opened,Refund,Yes,2,Bank Transfer,Average,East,Pending,Yes,Active
794,38961,8478,2026-06-28,Duplicate Order,126424.97,Pending,Failed,Pickup,Warehouse B,Opened,Refund,No,13,Bank Transfer,Poor,North,Pending,No,Closed
795,20168,3979,2026-06-10,Changed Mind,39328.08,Completed,Pending,Pickup,Warehouse C,Sealed,Replacement,Yes,5,Wallet,Average,North,Resolved,Yes,Active
796,34005,1127,2025-07-26,Quality Issue,61242.09,Completed,Pending,Drop,Warehouse A,Opened,Refund,No,6,Wallet,Poor,South,Pending,Yes,Active
797,26817,7867,2026-02-08,Quality Issue,31803.54,Rejected,Pending,Pickup,Warehouse B,Opened,Refund,Yes,8,UPI,Average,West,Pending,No,Closed
798,3835,3817,2025-01-12,Duplicate Order,123383.16,Completed,Failed,Pickup,Warehouse C,Opened,Replacement,Yes,9,Bank Transfer,Good,South,Resolved,Yes,Closed
799,7844,8293,2024-10-26,Missing Parts,90457.67,Completed,Passed,Drop,Warehouse B,Sealed,Replacement,Yes,14,Wallet,Excellent,East,Pending,No,Closed
800,15992,9455,2025-04-21,Duplicate Order,29693.08,Rejected,Pending,Pickup,Warehouse B,Sealed,Refund,Yes,4,Wallet,Good,South,Resolved,Yes,Active
801,5268,1476,2025-02-02,Wrong Item Delivered,24431.65,Completed,Passed,Drop,Warehouse A,Sealed,Replacement,No,11,Wallet,Average,South,Pending,No,Closed
802,38278,9885,2026-08-11,Damaged Product,37458.6,Rejected,Failed,Pickup,Warehouse A,Opened,Refund,Yes,11,UPI,Good,South,Pending,No,Active
803,216,4826,2026-05-25,Duplicate Order,52710.85,Completed,Pending,Drop,Warehouse B,Opened,Replacement,No,9,Bank Transfer,Excellent,East,Pending,No,Active
804,21507,1288,2025-09-17,Not as Described,8961.34,Rejected,Failed,Pickup,Warehouse C,Sealed,Replacement,Yes,13,Bank Transfer,Poor,North,Resolved,Yes,Active
805,35104,6970,2025-02-13,Wrong Item Delivered,57153.11,Rejected,Pending,Drop,Warehouse A,Sealed,Replacement,No,7,Wallet,Excellent,South,Pending,Yes,Active
806,25886,2142,2025-01-29,Damaged Product,90924.48,Completed,Pending,Drop,Warehouse C,Opened,Refund,No,9,UPI,Good,East,Resolved,Yes,Active
807,40140,8261,2025-10-08,Late Delivery,32523.46,Rejected,Passed,Drop,Warehouse A,Sealed,Refund,No,5,Bank Transfer,Poor,West,Pending,No,Active
808,15844,3768,2025-04-21,Damaged Product,104473.29,Completed,Failed,Drop,Warehouse A,Opened,Refund,No,3,UPI,Poor,South,Resolved,No,Active
809,11244,8418,2024-09-18,Late Delivery,63612.79,Completed,Failed,Pickup,Warehouse A,Sealed,Refund,No,2,Wallet,Good,South,Pending,Yes,Closed
810,33012,9505,2025-09-30,Wrong Item Delivered,30741.68,Rejected,Failed,Pickup,Warehouse C,Sealed,Refund,No,5,UPI,,South,Resolved,No,Closed
811,27005,7113,2025-04-08,Changed Mind,17147.64,Completed,Pending,Drop,Warehouse B,Opened,Replacement,No,4,Wallet,Excellent,North,Pending,Yes,Closed
812,25476,9702,2024-12-10,Missing Parts,117782.81,Pending,Passed,Pickup,Warehouse B,Sealed,Replacement,No,7,Wallet,Average,East,Resolved,Yes,Active
813,39637,4537,2025-03-01,Late Delivery,98941.12,Rejected,Failed,Pickup,Warehouse C,Sealed,Replacement,Yes,13,Wallet,Poor,West,Pending,Yes,Active
814,2865,929,2025-01-13,Wrong Item Delivered,27533.69,Rejected,Passed,Pickup,Warehouse A,Sealed,Replacement,No,12,Wallet,Excellent,East,Pending,No,Active
815,33990,73,2025-08-07,Missing Parts,65276.21,Rejected,Passed,Pickup,Warehouse C,Opened,Refund,No,2,Bank Transfer,Poor,North,Pending,No,Closed
816,20034,8981,2024-12-12,Duplicate Order,120411.2,Completed,Failed,Drop,Warehouse A,Sealed,Replacement,No,13,UPI,Good,East,Pending,No,Active
817,43338,7201,2026-06-06,Wrong Item Delivered,38357.93,Pending,Failed,Pickup,Warehouse B,Sealed,Refund,Yes,11,Bank Transfer,Average,West,Resolved,No,Active
818,16691,1955,2024-08-10,Not as Described,9034.97,Pending,Failed,Drop,Warehouse B,Opened,Refund,No,1,UPI,Good,East,Pending,Yes,Closed
819,29593,5528,2026-01-28,Late Delivery,65723.32,Completed,Passed,Drop,Warehouse B,Opened,Replacement,No,7,UPI,Poor,North,Pending,Yes,Closed
820,6027,679,2025-06-27,Damaged Product,34298.44,Completed,Pending,Pickup,Warehouse C,Sealed,Refund,No,4,Wallet,Good,South,Resolved,No,Active
821,16493,2769,2025-12-21,Late Delivery,57699.68,Completed,Pending,Drop,Warehouse B,Sealed,Refund,No,3,Wallet,Poor,West,Pending,No,Closed
822,48005,7624,2026-01-17,Late Delivery,10465.04,Pending,Pending,Drop,Warehouse A,Opened,Replacement,Yes,13,Wallet,Good,North,Pending,No,Active
823,14991,4163,2025-07-14,Late Delivery,125820.75,Rejected,Failed,Pickup,Warehouse B,Sealed,Refund,No,10,Bank Transfer,Poor,West,Resolved,Yes,Active
824,47331,2363,2025-02-23,Damaged Product,72908.98,Pending,Failed,Pickup,Warehouse A,Sealed,Refund,No,10,Bank Transfer,Excellent,West,Pending,Yes,Closed
825,1095,1473,2026-06-09,Changed Mind,57863.04,Rejected,Pending,Drop,Warehouse B,Opened,Replacement,Yes,13,Wallet,Average,North,Resolved,No,Active
826,47768,3130,2025-02-27,Wrong Item Delivered,113700.28,Rejected,Failed,Pickup,Warehouse C,Opened,Refund,Yes,14,UPI,Excellent,West,Resolved,No,Active
827,22696,6243,2025-09-26,Missing Parts,125558.81,Pending,Failed,Drop,Warehouse A,Sealed,Refund,Yes,5,Bank Transfer,Good,West,Pending,No,Active
828,25521,9566,2025-11-27,Late Delivery,32558.35,Completed,Failed,Pickup,Warehouse B,Sealed,Refund,No,1,Wallet,Excellent,North,Pending,Yes,Active
829,41393,8451,2025-05-06,Damaged Product,93995.48,Completed,Failed,Drop,Warehouse B,Opened,Replacement,Yes,3,UPI,Poor,South,Resolved,No,Active
830,4793,4764,2026-06-29,Quality Issue,47857.64,Rejected,Failed,Pickup,Warehouse B,Opened,Refund,No,1,Wallet,Excellent,North,Pending,No,Active
831,33222,9944,2025-03-09,Quality Issue,98592.72,Completed,Failed,Pickup,Warehouse C,Opened,Replacement,No,15,Wallet,Poor,West,Resolved,Yes,Closed
832,38029,1092,2025-03-12,Late Delivery,90054.3,Pending,Passed,Drop,Warehouse A,Sealed,Refund,No,13,Wallet,Excellent,North,Pending,No,Active
833,39022,6508,2026-04-04,Not as Described,55700.08,Completed,Failed,Drop,Warehouse B,Sealed,Replacement,Yes,8,UPI,Poor,North,Pending,No,Closed
834,3167,7001,2025-07-25,Changed Mind,55071.38,Rejected,Pending,Pickup,Warehouse C,Opened,Refund,Yes,5,Wallet,Good,East,Resolved,Yes,Active
835,261,5425,2026-02-08,Duplicate Order,78173.82,Rejected,Passed,Drop,Warehouse C,Opened,Replacement,Yes,15,UPI,Excellent,West,Resolved,Yes,Closed
836,49671,7609,2026-03-16,Not as Described,70801.66,Completed,Pending,Pickup,Warehouse A,Sealed,Refund,Yes,15,Bank Transfer,Excellent,South,Pending,Yes,Closed
837,30526,9740,2025-10-24,Missing Parts,14312.81,Completed,Passed,Pickup,Warehouse C,Opened,Replacement,No,11,Wallet,Average,South,Pending,No,Active
838,38520,9366,2025-12-15,Missing Parts,9338.58,Pending,Passed,Drop,Warehouse B,Opened,Replacement,Yes,12,Bank Transfer,Good,South,Resolved,Yes,Active
839,40320,6942,2025-04-13,Not as Described,91884.25,Completed,Passed,Drop,Warehouse A,Sealed,Replacement,No,9,Bank Transfer,Average,East,Resolved,Yes,Closed
840,13064,1727,2026-03-30,Late Delivery,59632.07,Completed,Pending,Drop,Warehouse A,Opened,Refund,No,8,UPI,Excellent,South,Resolved,No,Active
841,49748,471,2025-02-19,Wrong Item Delivered,47189.44,Completed,Failed,Drop,Warehouse B,Opened,Replacement,Yes,11,Wallet,Good,South,Pending,Yes,Active
842,34832,2593,2026-02-06,Changed Mind,73010.32,Completed,Failed,Drop,Warehouse A,Opened,Replacement,No,3,Bank Transfer,Excellent,South,Resolved,Yes,Closed
843,810,2376,2026-08-06,Damaged Product,98516.52,Pending,Passed,Pickup,Warehouse C,Sealed,Refund,Yes,9,Bank Transfer,Excellent,North,Resolved,No,Active
844,10124,6483,2025-09-28,Duplicate Order,13118.29,Pending,Passed,Pickup,Warehouse A,Opened,Refund,No,1,Wallet,Excellent,West,Resolved,Yes,Active
845,32367,7122,2025-01-29,Damaged Product,100940.91,Rejected,Failed,Drop,Warehouse B,Sealed,Replacement,Yes,11,Bank Transfer,Average,East,Pending,No,Active
846,38145,8863,2025-10-19,Duplicate Order,79198.81,Completed,Passed,Drop,Warehouse C,Opened,Replacement,No,15,UPI,Average,North,Pending,No,Active
847,42286,5133,2025-05-26,Late Delivery,101718.4,Pending,Passed,Drop,Warehouse A,Sealed,Replacement,No,8,Wallet,Poor,West,Pending,No,Closed
848,44979,6928,2025-02-25,Missing Parts,23290.65,Completed,Pending,Pickup,Warehouse A,Opened,Refund,Yes,14,Wallet,Average,West,Pending,No,Closed
849,48698,282,2025-05-19,Not as Described,1490.43,Completed,Pending,Drop,Warehouse B,Sealed,Refund,Yes,4,Bank Transfer,Good,West,Pending,Yes,Closed
850,12829,65,2025-02-24,Missing Parts,5663.38,Rejected,Pending,Pickup,Warehouse B,Opened,Replacement,Yes,3,Bank Transfer,Average,West,Resolved,Yes,Closed
851,41252,1962,2026-02-05,Damaged Product,104614.14,Rejected,Passed,Pickup,Warehouse A,Opened,Refund,Yes,6,UPI,Average,East,Resolved,Yes,Active
852,47472,9259,2025-07-29,Duplicate Order,17482.7,Rejected,Failed,Drop,Warehouse B,Sealed,Refund,No,5,UPI,Good,South,Resolved,No,Active
853,16360,2628,2025-11-23,Missing Parts,16603.66,Completed,Pending,Drop,Warehouse C,Sealed,Refund,Yes,11,UPI,Poor,North,Resolved,Yes,Closed
854,15288,8342,2026-04-06,Quality Issue,18274.3,Completed,Pending,Drop,Warehouse B,Opened,Replacement,Yes,8,Wallet,Average,East,Resolved,No,Active
855,39445,5518,2025-10-26,Changed Mind,34551.52,Rejected,Failed,Pickup,Warehouse A,Opened,Replacement,No,12,UPI,Average,West,Resolved,No,Active
856,2606,7015,2026-02-03,Late Delivery,90055.3,Rejected,Failed,Pickup,Warehouse B,Sealed,Refund,Yes,11,UPI,Average,East,Pending,No,Closed
857,40144,8443,2026-08-02,Not as Described,87843.87,Rejected,Passed,Drop,Warehouse C,Opened,Refund,Yes,12,Wallet,Excellent,East,Pending,Yes,Closed
858,47137,6961,2024-11-15,Changed Mind,54795.23,Rejected,Failed,Drop,Warehouse B,Sealed,Replacement,No,3,Bank Transfer,Average,South,Pending,No,Closed
859,24353,5124,2025-10-25,Wrong Item Delivered,55241.38,Rejected,Failed,Pickup,Warehouse A,Opened,Refund,Yes,2,UPI,Average,North,Resolved,Yes,Active
860,3729,2697,2026-04-06,Damaged Product,49826.2,Rejected,Failed,Pickup,Warehouse A,Sealed,Replacement,Yes,10,UPI,,South,Resolved,Yes,Active
861,9236,7869,2025-04-12,Wrong Item Delivered,106110,Completed,Failed,Pickup,Warehouse A,Opened,Refund,No,6,Wallet,Good,West,Resolved,No,Active
862,48770,947,2025-01-19,Damaged Product,50379.56,Pending,Passed,Pickup,Warehouse A,Opened,Refund,No,3,Wallet,Good,North,Resolved,Yes,Active
863,11657,9022,2025-06-22,Late Delivery,63669.99,Completed,Failed,Drop,Warehouse C,Sealed,Replacement,Yes,7,Bank Transfer,Average,South,Resolved,No,Closed
864,42398,1303,2026-05-16,Damaged Product,34699.29,Completed,Failed,Drop,Warehouse C,Opened,Replacement,Yes,11,Wallet,Poor,North,Resolved,No,Closed
865,18355,5043,2025-11-05,Wrong Item Delivered,58278.4,Rejected,Failed,Drop,Warehouse B,Sealed,Replacement,No,8,Bank Transfer,Poor,East,Resolved,Yes,Active
866,32141,4001,2026-06-15,Missing Parts,117441.25,Pending,Failed,Drop,Warehouse B,Sealed,Replacement,No,3,UPI,Poor,West,Resolved,Yes,Closed
867,46539,375,2025-03-13,Quality Issue,91082.92,Pending,Failed,Pickup,Warehouse B,Opened,Refund,Yes,4,UPI,Excellent,West,Pending,Yes,Closed
868,17492,6822,2025-11-06,Not as Described,31799.05,Pending,Passed,Drop,Warehouse C,Sealed,Refund,Yes,8,Wallet,Poor,West,Pending,Yes,Closed
869,7678,7185,2025-11-09,Wrong Item Delivered,52388.81,Completed,Failed,Drop,Warehouse C,Sealed,Refund,Yes,9,Bank Transfer,Good,West,Pending,Yes,Closed
870,44662,9785,2025-05-09,Changed Mind,13860.64,Rejected,Pending,Drop,Warehouse C,Opened,Refund,No,6,Wallet,Average,South,Pending,No,Active
871,45595,4079,2025-01-20,Missing Parts,19784.53,Completed,Passed,Drop,Warehouse C,Opened,Replacement,No,13,Bank Transfer,Average,East,Resolved,Yes,Closed
872,17170,5425,2026-08-23,Late Delivery,21539.05,Rejected,Pending,Pickup,Warehouse A,Sealed,Replacement,Yes,6,Wallet,Excellent,West,Resolved,No,Active
873,18088,3812,2026-01-03,Changed Mind,91779.56,Completed,Failed,Drop,Warehouse A,Sealed,Refund,No,14,UPI,Poor,South,Resolved,Yes,Closed
874,3981,9955,2025-09-14,Not as Described,57508.05,Rejected,Passed,Drop,Warehouse B,Sealed,Replacement,Yes,14,Wallet,Good,North,Pending,Yes,Active
875,48643,847,2026-06-05,Changed Mind,97561.01,Completed,Failed,Drop,Warehouse C,Opened,Replacement,No,4,UPI,Average,North,Resolved,No,Active
876,15044,4505,2026-04-29,Quality Issue,28877.9,Pending,Pending,Drop,Warehouse C,Opened,Replacement,No,2,Bank Transfer,Poor,East,Resolved,No,Closed
877,46937,6123,2025-01-24,Duplicate Order,30618.7,Completed,Passed,Pickup,Warehouse B,Sealed,Replacement,Yes,6,Wallet,Poor,North,Pending,No,Closed
878,23124,3719,2025-06-13,Damaged Product,68110.65,Rejected,Failed,Drop,Warehouse C,Opened,Refund,Yes,8,UPI,Excellent,South,Resolved,Yes,Active
879,19081,4039,2026-03-09,Duplicate Order,38347.52,Pending,Failed,Pickup,Warehouse B,Sealed,Refund,No,7,Wallet,Excellent,West,Pending,Yes,Active
880,30977,2692,2024-09-21,Quality Issue,46937.12,Completed,Failed,Pickup,Warehouse A,Opened,Refund,Yes,11,Wallet,Good,West,Resolved,Yes,Active
881,4837,1340,2026-04-03,Quality Issue,22999.84,Completed,Pending,Drop,Warehouse B,Sealed,Replacement,Yes,9,Bank Transfer,Poor,North,Pending,Yes,Active
882,11550,4530,2024-11-24,Late Delivery,28266.49,Completed,Pending,Drop,Warehouse A,Sealed,Refund,No,9,UPI,Poor,South,Resolved,Yes,Closed
883,22931,8424,2025-09-05,Missing Parts,16781.59,Completed,Passed,Drop,Warehouse B,Opened,Replacement,No,7,UPI,Average,West,Resolved,No,Closed
884,36694,902,2025-08-13,Damaged Product,12961.7,Pending,Passed,Pickup,Warehouse A,Sealed,Refund,No,6,Bank Transfer,Excellent,South,Pending,Yes,Active
885,39436,8955,2025-07-14,Quality Issue,5027.21,Pending,Passed,Drop,Warehouse C,Sealed,Replacement,No,7,Wallet,Good,West,Pending,No,Active
886,31730,1667,2025-10-12,Damaged Product,113439.52,Completed,Pending,Pickup,Warehouse A,Sealed,Refund,No,8,Bank Transfer,Good,North,Resolved,No,Active
887,40159,3162,2025-02-15,Missing Parts,58485.64,Rejected,Failed,Pickup,Warehouse B,Sealed,Refund,No,13,UPI,Excellent,East,Resolved,No,Closed
888,23234,7544,2026-03-30,Late Delivery,48545.18,Completed,Pending,Pickup,Warehouse B,Opened,Refund,Yes,2,Wallet,Good,West,Pending,No,Active
889,40181,9365,2025-01-04,Wrong Item Delivered,5864.49,Rejected,Pending,Pickup,Warehouse A,Opened,Replacement,No,1,UPI,Poor,West,Pending,No,Active
890,12153,1682,2026-01-24,Damaged Product,69167.92,Rejected,Passed,Drop,Warehouse C,Sealed,Replacement,Yes,13,Bank Transfer,Excellent,East,Resolved,Yes,Closed
891,41063,2527,2025-02-02,Damaged Product,725.61,Rejected,Failed,Drop,Warehouse A,Opened,Replacement,No,2,Wallet,Average,West,Pending,Yes,Closed
892,13322,1850,2024-10-02,Quality Issue,45922.8,Pending,Pending,Drop,Warehouse B,Opened,Replacement,No,8,Bank Transfer,Average,South,Pending,No,Closed
893,2905,5979,2026-05-20,Changed Mind,5956.38,Completed,Failed,Drop,Warehouse C,Sealed,Replacement,Yes,15,UPI,Average,South,Pending,Yes,Active
894,38500,83,2024-08-26,Missing Parts,97752.09,Completed,Failed,Pickup,Warehouse C,Opened,Refund,Yes,5,Wallet,Good,South,Pending,No,Active
895,44520,8603,2025-09-24,Duplicate Order,22553.94,Rejected,Failed,Drop,Warehouse A,Sealed,Replacement,Yes,4,Wallet,Poor,South,Resolved,Yes,Active
896,12194,7464,2025-01-21,Wrong Item Delivered,23388.2,Rejected,Failed,Pickup,Warehouse B,Sealed,Refund,Yes,14,UPI,Excellent,North,Resolved,No,Active
897,39726,9036,2026-04-28,Wrong Item Delivered,24113.16,Completed,Failed,Drop,Warehouse A,Sealed,Replacement,No,1,Wallet,Average,East,Pending,No,Active
898,1641,5498,2025-01-23,Not as Described,30145.98,Rejected,Pending,Pickup,Warehouse C,Sealed,Refund,No,6,Bank Transfer,Excellent,East,Pending,No,Active
899,13988,9534,2025-10-27,Duplicate Order,3151.28,Rejected,Failed,Pickup,Warehouse B,Opened,Replacement,Yes,8,Bank Transfer,Excellent,North,Resolved,Yes,Closed
900,16340,2603,2026-03-08,Late Delivery,28975.17,Rejected,Failed,Pickup,Warehouse B,Sealed,Replacement,Yes,10,Bank Transfer,Excellent,North,Resolved,Yes,Closed
901,11645,5210,2025-01-13,Not as Described,91733.32,Pending,Pending,Drop,Warehouse C,Opened,Replacement,Yes,12,Wallet,Poor,South,Pending,No,Active
902,27741,6801,2026-05-23,Duplicate Order,46510.62,Pending,Passed,Pickup,Warehouse A,Opened,Replacement,No,4,UPI,Poor,South,Pending,Yes,Closed
903,5379,892,2026-06-21,Not as Described,88317.36,Completed,Pending,Drop,Warehouse C,Opened,Refund,Yes,3,UPI,Excellent,West,Pending,No,Closed
904,7927,2621,2024-10-22,Duplicate Order,86805.93,Rejected,Pending,Pickup,Warehouse B,Sealed,Refund,No,7,Wallet,Poor,North,Resolved,Yes,Closed
905,20272,597,2025-07-15,Duplicate Order,88652.64,Pending,Failed,Pickup,Warehouse A,Opened,Refund,Yes,2,Wallet,Good,South,Pending,No,Closed
906,12412,6350,2025-04-07,Quality Issue,43505.17,Rejected,Failed,Pickup,Warehouse C,Opened,Refund,Yes,3,Bank Transfer,Good,West,Resolved,No,Active
907,16835,907,2025-02-24,Wrong Item Delivered,104704.35,Rejected,Pending,Drop,Warehouse C,Opened,Replacement,Yes,6,UPI,Poor,South,Resolved,No,Closed
908,20447,4672,2025-11-27,Quality Issue,9327.51,Pending,Pending,Pickup,Warehouse A,Opened,Refund,Yes,8,Wallet,Excellent,South,Resolved,No,Closed
909,150,3016,2025-04-15,Missing Parts,91702.11,Completed,Failed,Pickup,Warehouse B,Sealed,Refund,Yes,11,Wallet,Average,West,Pending,Yes,Active
910,36254,5108,2024-11-14,Missing Parts,106132.94,Rejected,Pending,Pickup,Warehouse A,Sealed,Replacement,Yes,7,Wallet,Excellent,West,Resolved,Yes,Active
911,8816,4851,2026-05-27,Duplicate Order,44354.5,Pending,Failed,Drop,Warehouse B,Sealed,Replacement,No,15,Bank Transfer,Poor,West,Pending,Yes,Closed
912,35525,5721,2026-08-09,Not as Described,79140.25,Pending,Pending,Pickup,Warehouse B,Sealed,Replacement,No,10,Wallet,Good,East,Pending,Yes,Active
913,5361,3105,2025-04-09,Late Delivery,128287.72,Pending,Pending,Drop,Warehouse B,Sealed,Replacement,Yes,13,Wallet,Good,East,Resolved,No,Closed
914,15001,2583,2026-01-10,Quality Issue,31137.81,Completed,Pending,Drop,Warehouse C,Opened,Refund,No,3,Wallet,Poor,East,Resolved,No,Closed
915,22158,9139,2025-12-13,Not as Described,7412.43,Rejected,Failed,Pickup,Warehouse B,Opened,Replacement,Yes,7,Wallet,Poor,North,Resolved,Yes,Closed
916,1849,1748,2025-01-17,Changed Mind,59467.53,Rejected,Pending,Drop,Warehouse A,Sealed,Refund,No,11,Bank Transfer,Excellent,West,Pending,No,Closed
917,7482,8392,2026-07-07,Wrong Item Delivered,30538.86,Pending,Passed,Pickup,Warehouse A,Sealed,Refund,No,3,UPI,Poor,South,Resolved,Yes,Active
918,28649,9657,2026-07-03,Changed Mind,63844.42,Pending,Failed,Pickup,Warehouse A,Opened,Replacement,No,14,UPI,Good,North,Pending,Yes,Active
919,20235,7470,2025-08-12,Missing Parts,9730.12,Completed,Pending,Pickup,Warehouse A,Opened,Replacement,No,2,UPI,Good,West,Resolved,Yes,Closed
920,43817,7290,2025-11-28,Quality Issue,38599.82,Completed,Failed,Pickup,Warehouse A,Opened,Replacement,No,10,Wallet,Poor,West,Resolved,Yes,Active
921,3953,303,2025-12-28,Not as Described,11138.38,Pending,Passed,Drop,Warehouse C,Sealed,Refund,No,4,Wallet,Poor,West,Pending,No,Active
922,8634,9380,2024-11-02,Missing Parts,21972.1,Pending,Pending,Pickup,Warehouse B,Opened,Refund,No,3,Bank Transfer,Good,South,Pending,No,Closed
923,21119,2236,2026-02-10,Changed Mind,52082.02,Completed,Failed,Drop,Warehouse A,Opened,Refund,No,12,UPI,Poor,East,Pending,No,Active
924,23310,8167,2025-08-19,Not as Described,106857.43,Pending,Passed,Drop,Warehouse B,Sealed,Refund,No,6,Bank Transfer,,South,Resolved,Yes,Active
925,12920,3562,2025-10-31,Missing Parts,43557.53,Pending,Passed,Pickup,Warehouse A,Opened,Refund,Yes,5,UPI,Average,West,Resolved,No,Active
926,5332,4240,2025-10-15,Quality Issue,30432.2,Completed,Failed,Drop,Warehouse A,Opened,Refund,Yes,10,UPI,Good,East,Pending,No,Active
927,11433,6966,2026-03-07,Late Delivery,58889.66,Rejected,Pending,Pickup,Warehouse A,Opened,Replacement,Yes,9,UPI,Poor,East,Resolved,Yes,Active
928,5579,7874,2026-03-10,Duplicate Order,87316.77,Completed,Failed,Pickup,Warehouse C,Opened,Replacement,Yes,3,UPI,Poor,South,Resolved,Yes,Closed
929,49380,1699,2025-11-01,Not as Described,28378.66,Completed,Failed,Pickup,Warehouse C,Opened,Refund,Yes,11,Wallet,Excellent,North,Pending,Yes,Active
930,28969,4142,2025-03-26,Not as Described,89249.49,Rejected,Failed,Drop,Warehouse C,Sealed,Replacement,No,13,Bank Transfer,Poor,South,Pending,Yes,Active
931,28080,173,2025-09-20,Duplicate Order,43153.38,Pending,Passed,Drop,Warehouse B,Sealed,Replacement,No,1,Bank Transfer,Poor,South,Resolved,Yes,Closed
932,9802,5283,2025-12-12,Quality Issue,99586.49,Pending,Pending,Pickup,Warehouse C,Sealed,Replacement,Yes,3,UPI,Good,West,Pending,No,Closed
933,18870,3911,2024-09-16,Duplicate Order,67032.54,Completed,Failed,Pickup,Warehouse B,Opened,Refund,Yes,15,Wallet,Excellent,East,Pending,Yes,Closed
934,32318,8588,2025-01-23,Missing Parts,19558.03,Completed,Pending,Drop,Warehouse B,Sealed,Refund,No,2,Bank Transfer,Average,South,Pending,Yes,Active
935,30911,4453,2024-12-21,Changed Mind,79419.46,Completed,Passed,Pickup,Warehouse C,Sealed,Refund,No,7,Bank Transfer,Poor,East,Pending,No,Closed
936,12418,1829,2025-05-17,Wrong Item Delivered,12162.04,Pending,Failed,Drop,Warehouse C,Opened,Refund,Yes,15,Bank Transfer,Average,West,Pending,Yes,Active
937,47434,4419,2026-08-27,Wrong Item Delivered,104712.52,Rejected,Failed,Drop,Warehouse B,Opened,Refund,Yes,5,UPI,Good,South,Pending,Yes,Closed
938,19415,9154,2026-07-20,Quality Issue,124109.5,Pending,Pending,Drop,Warehouse A,Opened,Refund,Yes,14,UPI,Average,West,Resolved,Yes,Closed
939,11293,3890,2026-01-03,Not as Described,120742.88,Completed,Passed,Drop,Warehouse B,Sealed,Replacement,No,10,Wallet,Average,East,Resolved,No,Active
940,25988,1326,2025-01-31,Missing Parts,125145.54,Pending,Failed,Drop,Warehouse C,Sealed,Replacement,No,1,Wallet,Average,East,Resolved,Yes,Active
941,48869,9180,2026-02-23,Late Delivery,36139.46,Pending,Passed,Pickup,Warehouse C,Sealed,Replacement,No,7,Wallet,Average,East,Resolved,Yes,Active
942,5824,855,2026-02-19,Wrong Item Delivered,49863.62,Pending,Passed,Drop,Warehouse B,Sealed,Refund,No,8,UPI,Average,East,Resolved,No,Active
943,23949,6576,2025-08-15,Not as Described,116334.63,Pending,Pending,Pickup,Warehouse B,Sealed,Refund,No,4,Wallet,Good,East,Resolved,No,Closed
944,29425,8964,2024-10-20,Wrong Item Delivered,79917.66,Completed,Pending,Pickup,Warehouse A,Sealed,Replacement,Yes,15,Wallet,Good,North,Resolved,No,Active
945,33286,936,2025-06-13,Duplicate Order,47517.86,Rejected,Pending,Drop,Warehouse C,Opened,Refund,Yes,15,Bank Transfer,Average,North,Resolved,Yes,Active
946,43666,128,2024-08-30,Late Delivery,8876.03,Completed,Failed,Drop,Warehouse A,Sealed,Replacement,Yes,14,Wallet,Average,South,Resolved,No,Closed
947,18152,7698,2025-04-14,Wrong Item Delivered,58772.25,Pending,Pending,Pickup,Warehouse C,Sealed,Refund,No,14,Bank Transfer,Good,West,Pending,No,Closed
948,21112,9682,2025-06-26,Missing Parts,123824.45,Pending,Passed,Drop,Warehouse C,Sealed,Refund,Yes,8,UPI,Good,North,Resolved,Yes,Active
949,6234,5214,2024-12-10,Not as Described,64944.34,Completed,Passed,Pickup,Warehouse B,Sealed,Replacement,Yes,12,Bank Transfer,Poor,West,Resolved,No,Active
950,47062,7894,2026-04-08,Damaged Product,90285.92,Pending,Passed,Drop,Warehouse A,Sealed,Refund,Yes,1,Bank Transfer,Poor,South,Pending,No,Closed
951,33588,7745,2025-10-06,Duplicate Order,62347.06,Pending,Passed,Drop,Warehouse C,Sealed,Replacement,Yes,1,UPI,Average,West,Resolved,No,Closed
952,22712,9910,2024-12-30,Quality Issue,71116.84,Completed,Pending,Drop,Warehouse B,Opened,Refund,No,1,UPI,Average,East,Pending,No,Active
953,36440,409,2025-04-21,Late Delivery,87956.57,Completed,Passed,Drop,Warehouse C,Sealed,Replacement,Yes,7,Wallet,Excellent,West,Pending,No,Active
954,19595,1681,2026-08-03,Missing Parts,37658.34,Rejected,Pending,Pickup,Warehouse B,Sealed,Replacement,Yes,15,Bank Transfer,Good,West,Pending,No,Active
955,20984,2914,2024-12-12,Changed Mind,61973.84,Pending,Failed,Pickup,Warehouse C,Opened,Refund,Yes,14,Bank Transfer,Good,West,Resolved,No,Active
956,45004,728,2025-02-03,Changed Mind,114485.21,Rejected,Pending,Drop,Warehouse A,Sealed,Refund,No,10,UPI,Average,North,Resolved,No,Closed
957,27585,5973,2025-09-26,Late Delivery,38783.22,Completed,Pending,Drop,Warehouse A,Sealed,Refund,No,1,UPI,Good,East,Resolved,No,Closed
958,14969,5640,2025-04-11,Missing Parts,10305.54,Completed,Pending,Pickup,Warehouse B,Opened,Replacement,No,9,Wallet,Excellent,North,Resolved,Yes,Active
959,43551,3198,2026-03-17,Changed Mind,75232.98,Completed,Passed,Drop,Warehouse B,Opened,Replacement,Yes,8,Wallet,Average,North,Pending,Yes,Closed
960,8575,7158,2026-01-31,Late Delivery,69885.38,Rejected,Failed,Pickup,Warehouse C,Opened,Refund,Yes,3,Bank Transfer,Good,South,Pending,No,Active
961,29897,9404,2025-05-15,Missing Parts,58161.98,Completed,Pending,Drop,Warehouse A,Opened,Refund,No,13,Wallet,Excellent,South,Pending,No,Closed
962,49222,5611,2025-12-09,Late Delivery,6790.65,Completed,Passed,Drop,Warehouse A,Opened,Replacement,Yes,11,Bank Transfer,Average,West,Resolved,No,Closed
963,3926,4210,2025-08-29,Wrong Item Delivered,54533.84,Rejected,Pending,Pickup,Warehouse C,Opened,Replacement,No,9,Wallet,Average,North,Resolved,No,Active
964,37475,5866,2025-03-05,Missing Parts,104544.15,Pending,Passed,Pickup,Warehouse A,Sealed,Refund,No,14,Bank Transfer,Good,East,Pending,No,Active
965,8894,9627,2025-10-21,Not as Described,73908.93,Pending,Pending,Drop,Warehouse B,Opened,Refund,No,6,UPI,Excellent,South,Resolved,No,Active
966,25420,8750,2026-06-19,Duplicate Order,52281.88,Pending,Passed,Pickup,Warehouse C,Opened,Refund,Yes,1,Bank Transfer,Average,North,Pending,No,Active
967,20623,246,2024-12-15,Damaged Product,17740.01,Pending,Failed,Pickup,Warehouse C,Sealed,Replacement,Yes,3,UPI,Excellent,North,Resolved,No,Active
968,48174,2228,2025-11-19,Missing Parts,124917.52,Rejected,Passed,Drop,Warehouse A,Opened,Refund,No,3,UPI,Excellent,North,Pending,Yes,Active
969,7526,9569,2026-03-26,Late Delivery,112905.15,Pending,Passed,Drop,Warehouse C,Opened,Replacement,Yes,1,Bank Transfer,Good,West,Resolved,No,Closed
970,10413,8440,2026-05-02,Missing Parts,64469.32,Rejected,Failed,Drop,Warehouse A,Opened,Replacement,No,11,Wallet,Poor,North,Resolved,No,Active
971,34563,7716,2025-10-22,Quality Issue,79993.19,Rejected,Passed,Pickup,Warehouse C,Opened,Refund,Yes,4,UPI,Excellent,North,Pending,Yes,Active
972,19032,9772,2025-05-17,Damaged Product,94650.15,Rejected,Passed,Pickup,Warehouse C,Opened,Replacement,Yes,6,UPI,Poor,South,Resolved,Yes,Closed
973,45236,6140,2025-01-30,Missing Parts,36821.53,Rejected,Pending,Drop,Warehouse B,Opened,Refund,Yes,7,Bank Transfer,Good,South,Pending,No,Closed
974,43381,8521,2025-02-22,Damaged Product,73751.6,Pending,Failed,Pickup,Warehouse A,Opened,Replacement,No,4,Bank Transfer,,East,Resolved,No,Closed
975,40268,8641,2026-07-03,Damaged Product,39471.44,Pending,Pending,Pickup,Warehouse C,Sealed,Replacement,No,11,UPI,,South,Pending,No,Closed
976,29777,3430,2025-07-23,Late Delivery,50513.54,Pending,Passed,Pickup,Warehouse A,Sealed,Replacement,Yes,9,Wallet,Good,North,Pending,No,Closed
977,22022,2667,2025-03-29,Changed Mind,28768.85,Rejected,Failed,Pickup,Warehouse A,Opened,Refund,No,5,UPI,Good,West,Resolved,Yes,Active
978,36419,5741,2026-05-10,Missing Parts,99710.67,Rejected,Failed,Pickup,Warehouse B,Opened,Refund,Yes,12,Bank Transfer,Poor,East,Pending,Yes,Closed
979,1421,9754,2026-07-19,Duplicate Order,136210.87,Completed,Failed,Drop,Warehouse C,Opened,Refund,No,1,Bank Transfer,Average,West,Resolved,No,Closed
980,25142,7673,2025-03-10,Damaged Product,61643.2,Rejected,Passed,Pickup,Warehouse C,Opened,Refund,No,14,UPI,Good,West,Pending,Yes,Active
981,41705,8529,2026-05-03,Not as Described,46367.48,Rejected,Passed,Pickup,Warehouse C,Opened,Refund,No,2,UPI,Average,North,Pending,Yes,Closed
982,8440,3893,2024-11-01,Not as Described,92227.54,Completed,Passed,Drop,Warehouse A,Opened,Refund,No,13,Wallet,Good,North,Pending,No,Active
983,24471,8351,2025-05-31,Damaged Product,53596.04,Pending,Passed,Drop,Warehouse B,Opened,Refund,Yes,15,Wallet,Average,North,Pending,No,Closed
984,11341,5023,2026-02-20,Quality Issue,25207.36,Completed,Pending,Pickup,Warehouse C,Opened,Replacement,Yes,3,UPI,Good,North,Resolved,Yes,Active
985,37473,1827,2025-06-19,Not as Described,57666.76,Completed,Pending,Drop,Warehouse A,Opened,Refund,Yes,12,Wallet,Good,East,Pending,No,Active
986,41233,4635,2025-12-11,Quality Issue,57193.48,Pending,Failed,Pickup,Warehouse A,Sealed,Refund,Yes,11,Bank Transfer,Excellent,North,Resolved,Yes,Active
987,21955,7078,2024-11-20,Missing Parts,254.43,Completed,Pending,Pickup,Warehouse B,Sealed,Replacement,Yes,14,Wallet,Good,West,Pending,Yes,Closed
988,8668,6908,2025-11-07,Late Delivery,81046.33,Rejected,Passed,Pickup,Warehouse B,Sealed,Replacement,No,15,UPI,Excellent,South,Resolved,Yes,Active
989,18330,8260,2025-05-27,Quality Issue,105452.5,Completed,Pending,Pickup,Warehouse C,Opened,Refund,Yes,15,UPI,Excellent,South,Resolved,No,Active
990,2783,5835,2024-11-08,Quality Issue,25051.61,Completed,Passed,Drop,Warehouse B,Opened,Refund,Yes,12,Wallet,Excellent,South,Pending,Yes,Closed
991,1443,2858,2026-02-21,Wrong Item Delivered,102388.59,Rejected,Failed,Drop,Warehouse A,Sealed,Replacement,Yes,1,UPI,Excellent,North,Resolved,Yes,Closed
992,28340,7596,2024-09-07,Wrong Item Delivered,18206.76,Completed,Pending,Pickup,Warehouse B,Opened,Replacement,No,1,Wallet,Excellent,South,Pending,No,Closed
993,48115,5312,2025-02-27,Changed Mind,73175.71,Pending,Failed,Pickup,Warehouse A,Opened,Replacement,No,8,Wallet,Excellent,South,Resolved,No,Active
994,33384,1472,2025-11-30,Damaged Product,98641.01,Rejected,Failed,Drop,Warehouse A,Opened,Refund,Yes,11,Bank Transfer,Good,West,Pending,No,Active
995,925,6097,2026-08-05,Changed Mind,124309.99,Rejected,Passed,Drop,Warehouse B,Opened,Refund,No,3,Bank Transfer,Good,East,Pending,Yes,Closed
996,1333,2596,2025-03-17,Missing Parts,24418.48,Rejected,Passed,Pickup,Warehouse C,Sealed,Refund,No,4,UPI,Poor,West,Pending,Yes,Active
997,39966,7035,2026-01-11,Changed Mind,33443.33,Completed,Passed,Drop,Warehouse B,Opened,Refund,No,11,Wallet,Average,South,Pending,No,Active
998,36341,3479,2025-05-06,Late Delivery,15799.83,Rejected,Pending,Pickup,Warehouse B,Sealed,Refund,Yes,11,UPI,Good,West,Pending,Yes,Closed
999,7176,6487,2026-06-29,Damaged Product,2099.8,Completed,Failed,Pickup,Warehouse B,Sealed,Refund,Yes,5,Bank Transfer,Excellent,West,Resolved,No,Closed
1000,15042,4832,2026-06-08,Duplicate Order,9409.48,Pending,Failed,Pickup,Warehouse A,Sealed,Refund,No,6,Wallet,Good,East,Resolved,Yes,Active
1001,24719,3145,2025-03-07,Missing Parts,37787.68,Pending,Failed,Pickup,Warehouse A,Opened,Replacement,Yes,9,Wallet,Good,East,Pending,Yes,Closed
1002,39354,2524,2025-10-29,Damaged Product,20163.13,Rejected,Pending,Drop,Warehouse A,Sealed,Refund,No,4,UPI,,South,Pending,Yes,Closed
1003,1551,9854,2024-12-18,Wrong Item Delivered,73337.04,Pending,Pending,Pickup,Warehouse A,Opened,Refund,Yes,12,Wallet,Poor,West,Resolved,Yes,Active
1004,27743,3739,2025-04-12,Late Delivery,25549.85,Pending,Passed,Pickup,Warehouse B,Sealed,Refund,Yes,15,Bank Transfer,Excellent,North,Resolved,No,Closed
1005,10138,2191,2026-06-17,Missing Parts,52469.8,Rejected,Pending,Pickup,Warehouse A,Opened,Refund,Yes,13,UPI,Excellent,East,Pending,Yes,Active
1006,9298,7299,2025-01-31,Damaged Product,43702.3,Completed,Pending,Drop,Warehouse B,Sealed,Replacement,No,12,Bank Transfer,Excellent,West,Resolved,Yes,Closed
1007,1241,5142,2025-02-06,Duplicate Order,21240.31,Completed,Passed,Pickup,Warehouse B,Opened,Refund,No,2,Wallet,Average,South,Resolved,No,Closed
1008,4865,343,2025-11-26,Quality Issue,113339.08,Pending,Passed,Pickup,Warehouse C,Opened,Refund,Yes,2,UPI,Poor,East,Pending,No,Closed
1009,1259,5837,2025-01-22,Damaged Product,68802.27,Rejected,Pending,Drop,Warehouse A,Sealed,Refund,No,11,UPI,Average,South,Pending,No,Closed
1010,5902,3538,2024-11-25,Damaged Product,43632.61,Rejected,Pending,Pickup,Warehouse A,Opened,Replacement,Yes,1,UPI,Excellent,South,Pending,No,Closed
1011,10908,6438,2025-09-03,Damaged Product,31416.65,Pending,Passed,Drop,Warehouse A,Sealed,Refund,Yes,3,UPI,Average,East,Pending,Yes,Closed
1012,29393,5543,2025-10-13,Missing Parts,97361.62,Rejected,Passed,Drop,Warehouse C,Sealed,Replacement,Yes,10,UPI,Average,East,Resolved,Yes,Active
1013,277,1264,2024-11-03,Damaged Product,102100.26,Rejected,Failed,Pickup,Warehouse B,Sealed,Refund,No,14,Wallet,Good,West,Resolved,Yes,Active
1014,32227,5500,2026-07-07,Wrong Item Delivered,79142,Completed,Passed,Drop,Warehouse B,Opened,Refund,No,10,Wallet,Excellent,East,Pending,Yes,Active
1015,39612,3804,2026-06-10,Changed Mind,106436.82,Rejected,Passed,Drop,Warehouse C,Sealed,Replacement,No,14,Wallet,Poor,North,Pending,Yes,Closed
1016,9605,6788,2026-01-19,Late Delivery,25969.93,Completed,Failed,Pickup,Warehouse B,Opened,Replacement,Yes,3,UPI,Excellent,South,Resolved,No,Active
1017,45239,8699,2025-01-28,Missing Parts,111540.8,Rejected,Pending,Pickup,Warehouse B,Opened,Replacement,Yes,7,Wallet,Excellent,West,Pending,Yes,Closed
1018,20350,2408,2026-05-28,Changed Mind,53163.18,Rejected,Pending,Pickup,Warehouse C,Opened,Replacement,No,11,UPI,Good,North,Pending,Yes,Closed
1019,36470,5662,2025-11-16,Wrong Item Delivered,90609.27,Completed,Pending,Drop,Warehouse B,Opened,Refund,No,10,Bank Transfer,Good,West,Pending,Yes,Closed
1020,4400,2591,2026-03-11,Missing Parts,67425.27,Rejected,Passed,Pickup,Warehouse A,Sealed,Replacement,Yes,11,Wallet,Good,South,Pending,No,Active
1021,8806,232,2025-07-26,Changed Mind,111195.9,Pending,Pending,Pickup,Warehouse A,Sealed,Replacement,Yes,14,UPI,Good,West,Resolved,Yes,Active
1022,14306,9917,2025-10-16,Missing Parts,9570.52,Rejected,Failed,Drop,Warehouse A,Opened,Refund,No,9,UPI,Excellent,North,Resolved,No,Active
1023,35680,4466,2026-03-07,Missing Parts,78003.33,Rejected,Passed,Drop,Warehouse A,Sealed,Refund,No,1,Bank Transfer,,South,Resolved,No,Closed
1024,28596,5255,2025-10-01,Duplicate Order,65104.1,Completed,Pending,Drop,Warehouse B,Opened,Replacement,No,8,Wallet,Average,West,Resolved,Yes,Closed
1025,47257,3799,2026-03-21,Missing Parts,25138.16,Pending,Pending,Pickup,Warehouse C,Opened,Replacement,Yes,9,UPI,Poor,West,Pending,Yes,Active
1026,48316,6922,2026-07-26,Wrong Item Delivered,44793.53,Pending,Passed,Drop,Warehouse C,Sealed,Refund,Yes,4,UPI,Poor,South,Resolved,Yes,Closed
1027,26082,5394,2025-10-14,Quality Issue,10664.25,Completed,Failed,Drop,Warehouse A,Sealed,Refund,No,1,UPI,Good,North,Resolved,Yes,Active
1028,1252,1805,2025-12-30,Missing Parts,19718.51,Completed,Pending,Drop,Warehouse A,Sealed,Replacement,No,7,UPI,Good,South,Pending,Yes,Closed
1029,30512,529,2026-07-07,Damaged Product,25626.92,Rejected,Passed,Drop,Warehouse A,Opened,Replacement,No,9,UPI,Excellent,West,Pending,No,Active
1030,48510,539,2025-09-19,Changed Mind,106036.59,Completed,Failed,Drop,Warehouse C,Opened,Refund,No,12,Bank Transfer,Good,South,Resolved,Yes,Active
1031,16674,1958,2026-05-11,Not as Described,55489.6,Rejected,Pending,Pickup,Warehouse A,Opened,Replacement,No,3,Wallet,Average,West,Pending,Yes,Closed
1032,24001,7706,2026-05-13,Late Delivery,32633.44,Completed,Pending,Pickup,Warehouse C,Sealed,Replacement,Yes,6,UPI,Poor,North,Pending,No,Closed
1033,4891,7600,2025-03-04,Wrong Item Delivered,107488.93,Pending,Failed,Pickup,Warehouse B,Sealed,Refund,No,9,UPI,Excellent,East,Resolved,No,Active
1034,46980,6607,2024-08-05,Quality Issue,90647.25,Completed,Passed,Drop,Warehouse B,Opened,Refund,No,11,Wallet,Average,North,Pending,No,Active
1035,18160,9499,2025-05-01,Quality Issue,2634.02,Rejected,Passed,Pickup,Warehouse A,Opened,Replacement,No,8,Wallet,,East,Resolved,No,Closed
1036,26205,4833,2025-11-13,Damaged Product,21388.49,Completed,Passed,Pickup,Warehouse B,Opened,Refund,No,12,Wallet,Average,East,Resolved,No,Closed
1037,32487,6082,2024-11-19,Wrong Item Delivered,58540.25,Rejected,Passed,Drop,Warehouse B,Sealed,Replacement,Yes,12,Wallet,Poor,North,Pending,Yes,Active
1038,24812,7621,2024-10-25,Not as Described,89967.01,Pending,Failed,Pickup,Warehouse C,Opened,Refund,No,5,Bank Transfer,Excellent,North,Pending,No,Closed
1039,37106,9668,2026-06-06,Missing Parts,25097.03,Rejected,Failed,Pickup,Warehouse A,Sealed,Refund,No,12,UPI,Average,North,Pending,Yes,Active
1040,7985,8413,2025-01-08,Changed Mind,73074.43,Completed,Pending,Drop,Warehouse B,Sealed,Replacement,No,10,UPI,Excellent,North,Resolved,No,Active
1041,49133,1231,2025-01-30,Duplicate Order,62608.42,Pending,Failed,Pickup,Warehouse C,Sealed,Replacement,No,4,UPI,Average,East,Resolved,Yes,Active
1042,2199,6858,2026-05-17,Changed Mind,108089.62,Pending,Passed,Pickup,Warehouse C,Opened,Replacement,No,3,Bank Transfer,Excellent,East,Resolved,No,Closed
1043,20961,4142,2025-10-21,Duplicate Order,55523.84,Pending,Passed,Pickup,Warehouse B,Opened,Refund,No,9,Wallet,Average,North,Resolved,Yes,Closed
1044,5921,1280,2025-11-15,Not as Described,6739.8,Rejected,Failed,Drop,Warehouse C,Sealed,Refund,No,13,Bank Transfer,Average,East,Resolved,Yes,Active
1045,28549,4091,2025-01-02,Wrong Item Delivered,61854.63,Rejected,Pending,Pickup,Warehouse A,Sealed,Replacement,Yes,1,UPI,Average,South,Pending,Yes,Active
1046,5431,4209,2025-04-06,Missing Parts,69867.99,Pending,Passed,Drop,Warehouse B,Sealed,Refund,No,14,Bank Transfer,Good,North,Resolved,Yes,Closed
1047,38867,6712,2025-02-25,Missing Parts,117296.1,Pending,Pending,Pickup,Warehouse A,Sealed,Replacement,No,1,UPI,Average,South,Resolved,No,Active
1048,15202,8042,2024-08-02,Quality Issue,36418.48,Pending,Failed,Pickup,Warehouse C,Sealed,Refund,Yes,13,Bank Transfer,Excellent,East,Pending,Yes,Active
1049,48235,2637,2024-12-04,Duplicate Order,51020.8,Pending,Passed,Pickup,Warehouse B,Sealed,Replacement,Yes,6,Wallet,Poor,West,Pending,No,Closed
1050,2269,9234,2025-01-11,Not as Described,912.14,Rejected,Failed,Drop,Warehouse C,Sealed,Replacement,No,6,Bank Transfer,Average,South,Resolved,No,Active
1051,29926,6728,2025-12-10,Missing Parts,131881.1,Pending,Passed,Pickup,Warehouse A,Opened,Refund,Yes,13,Bank Transfer,Average,South,Resolved,Yes,Active
1052,13161,9599,2026-06-02,Wrong Item Delivered,7974.96,Pending,Failed,Pickup,Warehouse A,Opened,Replacement,No,8,UPI,Good,West,Resolved,Yes,Closed
1053,7928,7952,2025-05-29,Missing Parts,24446.49,Pending,Pending,Drop,Warehouse A,Sealed,Refund,No,8,Wallet,Poor,East,Pending,Yes,Active
1054,40771,2512,2026-03-09,Quality Issue,27082.68,Pending,Failed,Pickup,Warehouse A,Opened,Refund,Yes,12,UPI,,North,Resolved,Yes,Active
1055,1822,1793,2026-06-29,Damaged Product,70726.64,Rejected,Failed,Pickup,Warehouse A,Sealed,Refund,Yes,9,UPI,Poor,East,Pending,Yes,Active
1056,1984,574,2026-01-07,Duplicate Order,85878.74,Completed,Pending,Pickup,Warehouse B,Sealed,Refund,No,3,UPI,Average,West,Pending,No,Closed
1057,15261,312,2025-10-29,Changed Mind,140977.42,Pending,Passed,Drop,Warehouse A,Opened,Replacement,Yes,10,UPI,Poor,West,Resolved,Yes,Closed
1058,16277,2079,2026-03-30,Quality Issue,12116.69,Rejected,Failed,Pickup,Warehouse C,Sealed,Refund,Yes,8,Wallet,Good,South,Pending,Yes,Active
1059,10955,6643,2026-02-02,Duplicate Order,52746.5,Completed,Passed,Pickup,Warehouse C,Opened,Replacement,Yes,2,Wallet,Poor,East,Resolved,No,Active
1060,24697,739,2025-08-08,Late Delivery,34525.55,Completed,Failed,Drop,Warehouse C,Opened,Refund,No,9,Bank Transfer,Average,West,Resolved,No,Closed
1061,37152,7205,2024-10-20,Not as Described,74522.18,Completed,Passed,Drop,Warehouse B,Opened,Refund,No,5,Bank Transfer,Poor,North,Resolved,No,Closed
1062,28354,4601,2025-03-17,Quality Issue,4859.67,Pending,Passed,Pickup,Warehouse A,Sealed,Refund,No,13,Wallet,,North,Resolved,No,Closed
1063,48015,8694,2026-04-13,Late Delivery,28065.71,Completed,Passed,Pickup,Warehouse C,Opened,Refund,No,7,Wallet,Excellent,South,Resolved,Yes,Active
1064,1363,9899,2025-07-04,Not as Described,40999.68,Rejected,Pending,Drop,Warehouse C,Sealed,Replacement,Yes,12,Wallet,Average,East,Resolved,Yes,Closed
1065,48758,6588,2026-06-11,Damaged Product,16153.13,Completed,Passed,Drop,Warehouse B,Opened,Replacement,Yes,14,Wallet,Average,North,Pending,Yes,Closed
1066,25058,5173,2025-09-02,Late Delivery,130518.8,Rejected,Pending,Pickup,Warehouse A,Opened,Refund,No,11,UPI,Excellent,East,Resolved,No,Closed
1067,47828,2087,2025-08-03,Late Delivery,95887.17,Completed,Pending,Pickup,Warehouse A,Sealed,Replacement,Yes,4,Wallet,Poor,North,Resolved,Yes,Closed
1068,9967,482,2026-02-16,Quality Issue,8587.84,Completed,Passed,Pickup,Warehouse A,Sealed,Replacement,No,13,Wallet,Good,North,Resolved,Yes,Active
1069,41003,9390,2025-10-21,Wrong Item Delivered,88577.83,Completed,Passed,Pickup,Warehouse A,Opened,Replacement,Yes,12,Bank Transfer,Poor,South,Resolved,Yes,Active
1070,822,6233,2024-10-04,Missing Parts,96066.12,Pending,Failed,Pickup,Warehouse C,Opened,Refund,No,11,Wallet,Average,North,Resolved,No,Active
1071,47224,7677,2025-06-01,Damaged Product,61836.47,Rejected,Pending,Drop,Warehouse C,Opened,Replacement,Yes,10,Wallet,Average,South,Resolved,No,Closed
1072,10823,453,2026-01-09,Late Delivery,14712.88,Rejected,Failed,Drop,Warehouse C,Sealed,Refund,Yes,13,UPI,Average,South,Pending,Yes,Active
1073,11638,7029,2026-02-26,Wrong Item Delivered,143681.62,Completed,Failed,Pickup,Warehouse B,Sealed,Replacement,No,7,Bank Transfer,Good,South,Resolved,No,Active
1074,35314,6905,2026-08-12,Quality Issue,86950.65,Completed,Passed,Drop,Warehouse A,Sealed,Refund,No,10,UPI,Poor,South,Pending,No,Active
1075,31220,3487,2025-11-02,Damaged Product,36667.59,Pending,Pending,Pickup,Warehouse B,Sealed,Refund,No,4,UPI,Good,East,Resolved,No,Closed
1076,38013,6401,2025-11-27,Quality Issue,128609.25,Rejected,Pending,Pickup,Warehouse A,Sealed,Refund,Yes,1,UPI,Excellent,East,Pending,No,Closed
1077,19729,8924,2026-04-07,Changed Mind,66630.86,Rejected,Passed,Drop,Warehouse B,Sealed,Replacement,No,7,UPI,Good,East,Pending,Yes,Active
1078,7748,8782,2026-02-09,Not as Described,36553.01,Pending,Passed,Pickup,Warehouse A,Opened,Refund,Yes,1,UPI,Excellent,West,Resolved,Yes,Closed
1079,11507,4195,2024-09-04,Wrong Item Delivered,48929.05,Pending,Passed,Drop,Warehouse C,Opened,Refund,Yes,13,Wallet,Average,West,Resolved,Yes,Active
1080,2508,4110,2025-06-13,Duplicate Order,12689.21,Rejected,Passed,Drop,Warehouse A,Opened,Refund,No,8,UPI,Good,North,Pending,Yes,Closed
1081,6307,8539,2025-01-07, Changed Mind ,73609.62,Pending,Pending,Drop,Warehouse B,Sealed,Refund,No,3,UPI,Good,North,Resolved,No,Active
1082,6492,7906,2026-04-13,Duplicate Order,44156.05,Pending,Failed,Drop,Warehouse C,Sealed,Replacement,Yes,4,UPI,Excellent,East,Resolved,Yes,Closed
1083,36454,7619,2026-01-11,Not as Described,18342.49,Pending,Failed,Drop,Warehouse B,Opened,Refund,No,10,UPI,Good,South,Pending,Yes,Active
1084,4607,9571,2026-06-07,Missing Parts,11407.42,Pending,Failed,Pickup,Warehouse B,Sealed,Refund,Yes,13,UPI,Excellent,West,Pending,No,Active
1085,14914,4245,2025-01-03,Damaged Product,14795.09,Rejected,Pending,Drop,Warehouse C,Opened,Refund,No,10,UPI,Average,South,Resolved,No,Active
1086,20796,5403,2024-11-23,Damaged Product,66751.33,Rejected,Failed,Drop,Warehouse B,Sealed,Refund,Yes,4,Bank Transfer,,North,Pending,No,Closed
1087,43173,7913,2025-07-11,Missing Parts,83046.01,Completed,Passed,Pickup,Warehouse B,Sealed,Refund,No,8,Wallet,Average,South,Resolved,Yes,Closed
1088,33939,1956,2025-04-17,Changed Mind,33706.98,Rejected,Pending,Pickup,Warehouse C,Sealed,Refund,Yes,12,Bank Transfer,Good,West,Resolved,Yes,Active
1089,2326,9721,2025-07-22,Not as Described,11308.01,Rejected,Passed,Pickup,Warehouse A,Sealed,Refund,Yes,11,Wallet,Excellent,East,Resolved,Yes,Active
1090,19658,9779,2026-01-17,Not as Described,26799.3,Completed,Passed,Pickup,Warehouse B,Opened,Replacement,Yes,14,UPI,,East,Pending,Yes,Active
1091,38603,448,2025-11-09,Duplicate Order,40950.72,Rejected,Pending,Pickup,Warehouse C,Sealed,Replacement,No,15,UPI,,North,Resolved,No,Active
1092,36602,8488,2025-11-16,Not as Described,88994.81,Rejected,Passed,Pickup,Warehouse A,Sealed,Refund,No,10,Bank Transfer,Excellent,North,Resolved,No,Closed
1093,31852,9900,2025-04-12,Missing Parts,60699.45,Rejected,Pending,Pickup,Warehouse B,Sealed,Replacement,Yes,5,UPI,Average,South,Resolved,No,Active
1094,44018,6183,2025-01-24,Wrong Item Delivered,54440.25,Pending,Failed,Pickup,Warehouse B,Opened,Refund,No,5,Wallet,Good,East,Pending,No,Active
1095,15640,5173,2024-11-27,Missing Parts,634.78,Completed,Failed,Pickup,WAREHOUSE C,Sealed,Replacement,No,7,Wallet,Good,East,Pending,Yes,Closed
1096,35180,1767,2025-04-26,Quality Issue,43390.65,Completed,Failed,Pickup,Warehouse A,Sealed,Refund,No,3,UPI,Average,South,Pending,No,Active
1097,36909,6276,2024-10-18,Late Delivery,65293.58,Pending,Pending,Drop,Warehouse C,Opened,Refund,No,3,Bank Transfer,Poor,West,Resolved,No,Active
1098,18606,9168,2025-01-23,Wrong Item Delivered,70106.62,Completed,Failed,Pickup,Warehouse A,Opened,Refund,No,11,Wallet,Good,South,Pending,Yes,Active
1099,25680,8477,2025-02-16,Missing Parts,36255.35,Completed,Failed,Pickup,WAREHOUSE A,Opened,Replacement,No,9,Wallet,Excellent,West,Pending,Yes,Active
1100,17415,5575,2025-01-05,Changed Mind,118191.68,Pending,Failed,Pickup,Warehouse B,Opened,Refund,No,6,Wallet,Excellent,South,Pending,No,Active
1101,15166,927,2026-04-02,Missing Parts,33108.46,Completed,Failed,Drop,Warehouse C,Opened,Refund,No,10,Wallet,Excellent,North,Pending,No,Active
1102,25583,231,2026-06-24,Not as Described,23685.72,Pending,Failed,Pickup,Warehouse A,Sealed,Refund,No,11,Bank Transfer,Average,West,Resolved,No,Closed
1103,17948,5432,2025-12-16,Missing Parts,44736.47,Rejected,Failed,Pickup,Warehouse B,Sealed,Replacement,No,13,Wallet,Excellent,North,Resolved,Yes,Active
1104,29170,8586,2025-05-08,Not as Described,12342.51,Pending,Passed,Drop,Warehouse C,Opened,Replacement,Yes,2,Bank Transfer,Excellent,West,Resolved,Yes,Closed
1105,36558,9309,2024-12-19,Late Delivery,66464.17,Pending,Pending,Pickup,Warehouse A,Sealed,Replacement,No,10,UPI,Poor,West,Resolved,Yes,Active
1106,33488,6099,2025-07-24,Changed Mind,10889.91,Completed,Failed,Drop,Warehouse A,Opened,Replacement,No,7,Wallet,Average,West,Pending,No,Closed
1107,7228,5067,2026-01-14,Missing Parts,65227.65,Pending,Passed,Pickup,Warehouse B,Sealed,Replacement,No,8,Bank Transfer,Average,North,Pending,No,Closed
1108,48263,1585,2024-08-12,Damaged Product,8115.14,Pending,Passed,Pickup,Warehouse B,Sealed,Replacement,No,13,UPI,Good,West,Pending,No,Active
1109,45715,7828,2024-11-29,Duplicate Order,2993.2,Rejected,Pending,Drop,Warehouse A,Opened,Refund,No,3,UPI,Excellent,South,Resolved,No,Active
1110,47936,9609,2025-03-02,Missing Parts,45138.2,Pending,Pending,Drop,Warehouse B,Sealed,Refund,No,10,UPI,Poor,North,Resolved,Yes,Active
1111,29867,6275,2026-03-09,Wrong Item Delivered,649.95,Completed,Failed,Drop,Warehouse C,Sealed,Refund,Yes,13,Wallet,Excellent,North,Pending,No,Closed
1112,23400,3939,2024-09-07,Quality Issue,49164.88,Completed,Passed,Pickup,Warehouse C,Sealed,Replacement,Yes,15,Bank Transfer,Poor,South,Pending,No,Active
1113,49251,5088,2025-12-27,Wrong Item Delivered,131621.34,Completed,Pending,Pickup,Warehouse A,Opened,Refund,No,4,Wallet,Poor,East,Resolved,No,Closed
1114,39808,8291,2025-12-19,Missing Parts,48184.92,Rejected,Passed,Drop,Warehouse C,Sealed,Refund,No,5,Wallet,Good,East,Resolved,Yes,Active
1115,32763,6858,2026-07-15,Changed Mind,21845.69,Pending,Failed,Pickup,Warehouse A,Sealed,Replacement,No,11,Bank Transfer,Average,West,Pending,Yes,Active
1116,19802,9279,2026-04-11,Wrong Item Delivered,17016.52,Completed,Passed,Pickup,Warehouse C,Sealed,Replacement,No,11,Wallet,Excellent,West,Pending,No,Active
1117,41214,911,2026-07-09,Quality Issue,6427.53,Pending,Passed,Pickup,Warehouse A,Sealed,Refund,Yes,15,Bank Transfer,Average,North,Resolved,Yes,Closed
1118,19907,1168,2024-08-13,Changed Mind,62644.78,Pending,Pending,Pickup,Warehouse A,Sealed,Refund,No,12,Wallet,Good,East,Resolved,No,Active
1119,37899,3072,2026-07-02,Damaged Product,497.41,Rejected,Pending,Pickup,Warehouse C,Opened,Replacement,No,8,Wallet,Average,North,Pending,No,Active
1120,49990,9017,2024-11-30,Duplicate Order,78255.54,Pending,Failed,Drop,Warehouse A,Opened,Replacement,Yes,8,Wallet,Good,West,Resolved,Yes,Closed
1121,49008,2151,2026-05-20,Wrong Item Delivered,1060.83,Completed,Pending,Drop,Warehouse C,Sealed,Replacement,No,10,Wallet,Good,North,Pending,No,Closed
1122,5115,3623,2026-06-15,Not as Described,83009.01,Completed,Failed,Drop,Warehouse C,Opened,Replacement,No,4,UPI,Excellent,West,Pending,Yes,Closed
1123,3535,9292,2025-11-10,Late Delivery,10833.02,Rejected,Failed,Pickup,Warehouse C,Opened,Refund,Yes,3,UPI,Poor,North,Pending,Yes,Active
1124,17634,9498,2026-05-15,Damaged Product,105922.54,Rejected,Pending,Pickup,Warehouse A,Opened,Refund,Yes,14,UPI,Excellent,South,Resolved,Yes,Active
1125,27886,5894,2025-08-23,Missing Parts,59115.75,Pending,Failed,Drop,Warehouse A,Opened,Refund,No,12,Bank Transfer,,North,Resolved,No,Active
1126,35532,4989,2025-12-01,Wrong Item Delivered,90304.3,Pending,Passed,Pickup,Warehouse C,Sealed,Replacement,Yes,11,UPI,Excellent,West,Pending,No,Active
1127,22409,2691,2026-07-04,Missing Parts,16225.49,Rejected,Failed,Pickup,Warehouse A,Opened,Refund,Yes,8,Bank Transfer,Good,North,Pending,No,Closed
1128,4562,7738,2025-11-27,Not as Described,91590.36,Completed,Failed,Pickup,Warehouse C,Opened,Replacement,No,15,Wallet,Poor,West,Pending,Yes,Active
1129,22408,6001,2024-10-01,Missing Parts,88043.64,Pending,Failed,Pickup,Warehouse C,Opened,Refund,No,1,Bank Transfer,,North,Pending,No,Closed
1130,19017,6497,2025-02-21,Damaged Product,14180.78,Pending,Pending,Pickup,Warehouse B,Sealed,Refund,No,9,UPI,Poor,West,Resolved,No,Closed
1131,8568,5101,2024-08-27,Late Delivery,58860.86,Rejected,Failed,Pickup,Warehouse B,Sealed,Refund,No,1,Bank Transfer,Poor,South,Pending,No,Active
1132,22752,1026,2024-09-13,Missing Parts,8605.28,Completed,Pending,Pickup,Warehouse A,Opened,Refund,Yes,7,Wallet,Average,West,Resolved,No,Active
1133,2949,2215,2026-02-21,Damaged Product,109327.24,Rejected,Failed,Pickup,Warehouse A,Sealed,Replacement,No,9,Bank Transfer,Excellent,West,Pending,No,Closed
1134,40270,2116,2025-06-07,Quality Issue,74232.77,Pending,Failed,Drop,Warehouse C,Opened,Refund,Yes,9,Wallet,Good,East,Resolved,No,Active
1135,2169,6767,2026-02-10,Quality Issue,48601.83,Completed,Pending,Drop,Warehouse B,Opened,Replacement,Yes,13,Wallet,Average,East,Pending,Yes,Active
1136,21396,9032,2024-12-03,Changed Mind,87131.12,Pending,Failed,Pickup,Warehouse B,Sealed,Refund,Yes,14,Wallet,Good,South,Pending,No,Active
1137,37379,7456,2025-12-24,Damaged Product,61110.94,Completed,Pending,Drop,Warehouse A,Sealed,Replacement,No,1,Bank Transfer,Good,South,Resolved,No,Closed
1138,45586,3812,2026-06-10,Duplicate Order,48863.69,Rejected,Failed,Pickup,Warehouse A,Opened,Replacement,Yes,3,Wallet,Average,West,Resolved,Yes,Active
1139,65,4838,2025-06-15,Duplicate Order,59939.71,Completed,Failed,Pickup,Warehouse A,Sealed,Refund,Yes,-5,Wallet,Average,North,Resolved,No,Active
1140,8191,9972,2024-09-12,Duplicate Order,50120.2,Completed,Failed,Pickup,Warehouse C,Opened,Replacement,Yes,14,Bank Transfer,Excellent,South,Resolved,Yes,Active
1141,16137,6794,2025-02-11,Missing Parts,73024.02,Rejected,Failed,Pickup,Warehouse A,Sealed,Replacement,Yes,15,Wallet,Average,East,Pending,Yes,Active
1142,14977,1616,2025-12-11,Not as Described,6161.2,Pending,Pending,Pickup,Warehouse B,Sealed,Refund,No,5,Bank Transfer,Excellent,West,Resolved,Yes,Closed
1143,26809,6652,2025-12-09,Wrong Item Delivered,83465.9,Completed,Pending,Pickup,Warehouse A,Sealed,Replacement,Yes,3,Bank Transfer,Poor,South,Resolved,Yes,Closed
1144,519,7658,2025-09-28,Duplicate Order,44290.54,Pending,Failed,Pickup,Warehouse B,Opened,Replacement,Yes,7,Bank Transfer,Poor,North,Pending,No,Active
1145,44829,8768,2026-04-09,Changed Mind,105374.56,Pending,Pending,Pickup,Warehouse C,Sealed,Refund,No,13,UPI,Poor,East,Pending,Yes,Active
1146,31655,5725,2024-11-02,Not as Described,82760.71,Pending,Failed,Pickup,Warehouse B,Sealed,Replacement,No,6,UPI,Average,West,Resolved,Yes,Active
1147,34271,721,2025-09-22,Damaged Product,121703.46,Rejected,Failed,Drop,Warehouse A,Opened,Replacement,No,12,UPI,Excellent,South,Resolved,Yes,Active
1148,48741,330,2024-12-31,Missing Parts,118412.58,Completed,Pending,Pickup,Warehouse A,Sealed,Replacement,No,11,Bank Transfer,Excellent,South,Resolved,Yes,Closed
1149,24089,5867,2026-04-27,Late Delivery,2736.96,Pending,Failed,Pickup,Warehouse C,Opened,Refund,Yes,11,UPI,Good,West,Pending,No,Active
1150,11302,3718,2025-02-04,Missing Parts,14834.07,Rejected,Passed,Pickup,Warehouse B,Opened,Replacement,Yes,14,Wallet,Good,East,Pending,No,Closed
1151,1446,8480,2025-04-15,Damaged Product,62308.8,Pending,Passed,Drop,Warehouse C,Opened,Refund,No,10,Wallet,Excellent,East,Pending,Yes,Active
1152,39814,2386,2025-10-25,Wrong Item Delivered,76739.67,Completed,Passed,Drop,Warehouse B,Opened,Replacement,Yes,4,Wallet,Excellent,North,Pending,No,Active
1153,14810,1596,2026-03-15,Missing Parts,118729.98,Completed,Pending,Drop,Warehouse A,Opened,Replacement,Yes,4,Wallet,Average,South,Pending,No,Active
1154,49314,5973,2025-12-03,Duplicate Order,51586.75,Completed,Passed,Drop,Warehouse B,Opened,Refund,Yes,7,Bank Transfer,Excellent,North,Pending,No,Active
1155,27978,2903,2026-01-11,Not as Described,83315.14,Pending,Failed,Pickup,Warehouse C,Opened,Replacement,No,12,Wallet,Good,South,Resolved,No,Closed
1156,23293,6213,2025-08-24,Duplicate Order,87853.96,Completed,Passed,Pickup,Warehouse B,Sealed,Replacement,No,13,UPI,Average,East,Resolved,Yes,Active
1157,7857,6307,2025-02-26,Damaged Product,20976.11,Completed,Failed,Pickup,Warehouse B,Sealed,Replacement,Yes,15,Bank Transfer,Good,East,Resolved,No,Closed
1158,6197,4182,2025-11-27,Quality Issue,65887.17,Rejected,Pending,Pickup,Warehouse A,Opened,Replacement,No,14,UPI,Excellent,North,Resolved,Yes,Closed
1159,15556,2677,2025-11-26,Duplicate Order,26563.74,Completed,Passed,Drop,Warehouse C,Sealed,Refund,Yes,3,UPI,Excellent,West,Pending,No,Active
1160,10465,4725,2025-02-02,Damaged Product,31427.93,Pending,Pending,Drop,Warehouse B,Sealed,Replacement,No,14,Wallet,Good,North,Resolved,No,Closed
1161,28766,8869,2025-03-19,Late Delivery,52280.41,Completed,Failed,Pickup,Warehouse A,Opened,Replacement,No,6,Wallet,Good,North,Pending,No,Closed
1162,35054,3564,2026-07-13,Quality Issue,61324.73,Completed,Failed,Pickup,Warehouse A,Sealed,Refund,Yes,12,Wallet,Excellent,South,Resolved,No,Active
1163,49692,2813,2026-03-10,Quality Issue,4976.76,Completed,Failed,Pickup,Warehouse C,Sealed,Refund,No,10,UPI,Poor,North,Resolved,No,Active
1164,32143,2254,2024-08-29,Wrong Item Delivered,94289.15,Rejected,Pending,Drop,Warehouse C,Sealed,Replacement,Yes,12,Wallet,Excellent,West,Resolved,Yes,Closed
1165,27837,8811,2025-12-15,Late Delivery,88329.95,Completed,Pending,Drop,Warehouse C,Opened,Replacement,Yes,13,Wallet,Average,East,Pending,Yes,Active
1166,41893,3440,2025-10-06,Not as Described,613.31,Completed,Passed,Pickup,Warehouse A,Opened,Replacement,Yes,11,UPI,Good,South,Resolved,No,Active
1167,38408,6264,2026-05-07,Changed Mind,56876.83,Rejected,Passed,Pickup,Warehouse C,Opened,Refund,No,6,Wallet,Good,North,Resolved,Yes,Active
1168,42688,4312,2025-06-30,Damaged Product,13343.97,Pending,Pending,Pickup,Warehouse A,Opened,Refund,No,8,Bank Transfer,Good,North,Resolved,No,Active
1169,10990,7035,2025-04-24,Quality Issue,121966.6,Rejected,Passed,Drop,Warehouse B,Opened,Replacement,No,7,UPI,Excellent,North,Pending,Yes,Closed
1170,19304,1162,2025-04-23,Missing Parts,86312.88,Rejected,Passed,Pickup,Warehouse A,Opened,Refund,Yes,10,UPI,Poor,North,Pending,No,Closed
1171,13318,9489,2025-04-11,Quality Issue,88719.47,Rejected,Pending,Pickup,Warehouse A,Opened,Replacement,Yes,14,Wallet,Average,North,Pending,No,Active
1172,44521,5365,2024-09-04,Late Delivery,64924.92,Completed,Failed,Drop,Warehouse A,Opened,Replacement,No,9,Bank Transfer,Poor,West,Pending,Yes,Closed
1173,23623,8356,2025-03-27,Quality Issue,127355.06,Completed,Pending,Drop,Warehouse B,Sealed,Refund,No,10,Bank Transfer,Average,East,Resolved,No,Closed
1174,37303,4076,2026-07-30,Changed Mind,82814.28,Rejected,Passed,Pickup,Warehouse C,Sealed,Replacement,Yes,5,Wallet,Poor,South,Pending,Yes,Active
1175,45377,2388,2024-09-01,Quality Issue,605.52,Pending,Passed,Pickup,Warehouse B,Opened,Replacement,Yes,13,Bank Transfer,Good,East,Pending,No,Active
1176,19642,3758,2025-03-31,Damaged Product,73237.89,Rejected,Pending,Drop,Warehouse C,Opened,Replacement,Yes,11,UPI,Average,North,Pending,No,Active
1177,7469,1607,2025-10-24,Late Delivery,10595.35,Completed,Pending,Drop,Warehouse B,Opened,Replacement,Yes,6,Wallet,Good,South,Resolved,No,Active
1178,20198,6994,2024-10-05,Late Delivery,52084.02,Completed,Passed,Drop,Warehouse C,Sealed,Replacement,Yes,6,Wallet,Average,East,Pending,No,Closed
1179,31425,4340,2025-09-26,Not as Described,54352.42,Pending,Pending,Drop,Warehouse C,Sealed,Refund,No,4,Bank Transfer,Average,West,Pending,No,Closed
1180,34780,1084,2026-05-31,Missing Parts,80997.03,Completed,Failed,Pickup,Warehouse B,Opened,Refund,Yes,6,Bank Transfer,Average,North,Resolved,No,Closed
1181,28195,2495,2024-09-22,Duplicate Order,11437.86,Completed,Failed,Pickup,Warehouse B,Sealed,Replacement,No,5,Bank Transfer,Good,North,Resolved,Yes,Closed
1182,22956,2664,2025-02-04,Quality Issue,88516.57,Completed,Failed,Pickup,Warehouse B,Opened,Replacement,Yes,15,Bank Transfer,Excellent,East,Resolved,Yes,Active
1183,30273,9988,2026-07-17,Changed Mind,92559.95,Pending,Failed,Pickup,Warehouse C,Opened,Replacement,No,4,Wallet,Poor,South,Resolved,Yes,Active
1184,18790,9752,2024-10-08,Wrong Item Delivered,55884.84,Pending,Pending,Drop,Warehouse A,Opened,Refund,Yes,6,Wallet,Poor,North,Pending,No,Active
1185,49018,2518,2025-08-09,Changed Mind,47683.23,Rejected,Passed,Drop,Warehouse C,Sealed,Replacement,No,14,Wallet,Poor,North,Resolved,No,Active
1186,15995,4279,2024-10-21,Damaged Product,2364.73,Rejected,Pending,Drop,Warehouse B,Opened,Refund,No,8,Bank Transfer,Good,West,Pending,No,Closed
1187,26950,1423,2025-01-28,Damaged Product,18797.76,Completed,Failed,Pickup,Warehouse C,Opened,Replacement,Yes,14,Bank Transfer,Excellent,North,Pending,No,Active
1188,30078,9679,2025-08-18,Quality Issue,61672.29,Pending,Pending,Pickup,Warehouse C,Opened,Refund,No,3,Bank Transfer,Poor,South,Resolved,No,Active
1189,23855,5611,2025-04-15,Wrong Item Delivered,64351.94,Completed,Failed,Pickup,Warehouse B,Opened,Refund,Yes,2,UPI,Poor,East,Pending,Yes,Closed
1190,49231,1005,2025-02-19,Damaged Product,18849,Rejected,Pending,Pickup,Warehouse C,Sealed,Refund,No,3,Wallet,Average,East,Resolved,Yes,Active
1191,21992,5706,2026-05-10,Not as Described,23486.58,Completed,Pending,Pickup,Warehouse C,Opened,Refund,No,6,Bank Transfer,,East,Resolved,Yes,Active
1192,23602,1311,2025-06-22,Duplicate Order,94345.55,Completed,Failed,Drop,Warehouse A,Opened,Replacement,Yes,9,UPI,Poor,West,Resolved,Yes,Active
1193,37643,1952,2025-05-07,Damaged Product,7675.37,Pending,Passed,Pickup,Warehouse B,Opened,Replacement,Yes,15,Wallet,,North,Pending,No,Closed
1194,8189,5716,2026-01-08,Missing Parts,89710.16,Pending,Passed,Drop,Warehouse B,Sealed,Refund,Yes,4,UPI,Good,South,Resolved,Yes,Active
1195,40003,4668,2026-06-15,Changed Mind,6874.44,Completed,Failed,Pickup,Warehouse C,Opened,Refund,No,7,UPI,Poor,South,Pending,Yes,Closed
1196,31261,1039,2025-03-07,Missing Parts,59323.81,Completed,Pending,Drop,Warehouse A,Opened,Refund,Yes,5,Bank Transfer,Poor,East,Resolved,Yes,Active
1197,10997,7216,2025-10-17,Late Delivery,48702.92,Rejected,Failed,Pickup,Warehouse C,Sealed,Refund,Yes,15,Wallet,Excellent,South,Pending,Yes,Closed
1198,23287,6677,2026-05-22,Changed Mind,14102.26,Rejected,Failed,Pickup,Warehouse C,Sealed,Replacement,No,2,Bank Transfer,Average,West,Resolved,No,Closed
1199,3502,7,2026-04-06,Quality Issue,94269.57,Rejected,Pending,Pickup,Warehouse B,Opened,Replacement,No,2,UPI,,East,Pending,No,Active
1200,16420,9478,2026-03-08,Wrong Item Delivered,101596.16,Rejected,Pending,Drop,Warehouse C,Opened,Replacement,No,9,Bank Transfer,Average,South,Resolved,No,Active
1201,26292,5995,2024-10-10,Changed Mind,61748.39,Completed,Failed,Pickup,Warehouse C,Opened,Refund,No,2,UPI,Excellent,South,Pending,Yes,Active
1202,38852,683,2026-05-16,Missing Parts,76919.45,Rejected,Failed,Drop,Warehouse C,Sealed,Replacement,Yes,10,Wallet,Poor,South,Resolved,Yes,Closed
1203,29829,7459,2025-11-01,Late Delivery,61423.53,Completed,Pending,Pickup,Warehouse A,Sealed,Replacement,Yes,8,Bank Transfer,Poor,West,Pending,Yes,Active
1204,38837,7357,2025-07-08,Changed Mind,103043.42,Completed,Passed,Pickup,Warehouse C,Sealed,Replacement,No,4,UPI,Average,South,Resolved,Yes,Active
1205,47716,3857,2026-03-03,Wrong Item Delivered,84298.33,Pending,Passed,Drop,Warehouse B,Sealed,Replacement,No,10,Wallet,Poor,East,Pending,Yes,Active
1206,21134,7240,2024-11-03,Not as Described,78848.18,Pending,Failed,Drop,Warehouse C,Sealed,Replacement,No,5,Wallet,Poor,West,Pending,Yes,Closed
1207,21386,8432,2026-01-21,Duplicate Order,64417.03,Pending,Pending,Pickup,Warehouse B,Sealed,Refund,Yes,7,UPI,,East,Resolved,No,Active
1208,29072,5452,2024-09-25,Missing Parts,8052.55,Pending,Pending,Drop,Warehouse C,Opened,Replacement,No,2,UPI,Average,South,Pending,Yes,Closed
1209,22347,539,2025-05-24,Duplicate Order,40418.21,Rejected,Failed,Pickup,Warehouse A,Sealed,Replacement,Yes,3,Wallet,Good,West,Pending,Yes,Closed
1210,21706,6981,2025-10-18,Wrong Item Delivered,75658.64,Pending,Pending,Drop,Warehouse C,Sealed,Replacement,No,15,Bank Transfer,Poor,West,Resolved,No,Closed
1211,49960,3327,2025-03-29,Changed Mind,74077.04,Rejected,Passed,Drop,Warehouse C,Sealed,Refund,No,10,UPI,Poor,South,Resolved,No,Closed
1212,41228,149,2024-09-14,Late Delivery,11090.05,Rejected,Failed,Drop,Warehouse B,Opened,Refund,Yes,4,UPI,Average,West,Resolved,No,Active
1213,31925,5452,2025-09-20,Changed Mind,116331.93,Completed,Passed,Pickup,Warehouse A,Opened,Replacement,Yes,1,Wallet,Good,North,Pending,Yes,Closed
1214,40483,6040,2025-12-18,Duplicate Order,27992.95,Completed,Failed,Drop,Warehouse B,Sealed,Replacement,Yes,14,UPI,Excellent,South,Resolved,Yes,Closed
1215,39172,617,2024-12-18,Changed Mind,102574.18,Pending,Passed,Pickup,Warehouse C,Opened,Refund,Yes,3,Wallet,Average,North,Resolved,Yes,Active
1216,28176,9042,2025-12-14,Duplicate Order,24346.81,Pending,Failed,Drop,Warehouse A,Sealed,Replacement,No,1,Wallet,Poor,North,Resolved,Yes,Closed
1217,34659,4830,2026-06-17,Changed Mind,19679.08,Completed,Failed,Drop,Warehouse B,Sealed,Refund,Yes,2,UPI,Average,North,Resolved,No,Active
1218,37793,6378,2026-04-27,Quality Issue,36653.23,Rejected,Pending,Pickup,Warehouse A,Opened,Refund,No,8,Bank Transfer,Good,East,Pending,Yes,Active
1219,16486,9724,2026-05-15,Not as Described,43186.56,Rejected,Pending,Drop,Warehouse C,Sealed,Refund,Yes,9,Wallet,Average,South,Pending,No,Active
1220,6847,4555,2024-09-11,Wrong Item Delivered,98530.55,Rejected,Pending,Drop,Warehouse B,Sealed,Refund,No,5,UPI,Excellent,East,Resolved,No,Active
1221,14450,9931,2025-04-24,Duplicate Order,43215.09,Completed,Passed,Pickup,Warehouse C,Sealed,Replacement,No,6,UPI,Poor,East,Resolved,Yes,Active
1222,28864,6289,2025-09-13,Quality Issue,15590.14,Rejected,Passed,Pickup,Warehouse A,Opened,Refund,No,7,Wallet,Excellent,South,Resolved,Yes,Active
1223,41923,893,2024-08-26,Changed Mind,21882.18,Pending,Failed,Drop,Warehouse A,Opened,Replacement,No,6,UPI,Poor,West,Resolved,No,Closed
1224,32758,2799,2026-08-17,Late Delivery,118960.6,Rejected,Passed,Pickup,Warehouse B,Sealed,Refund,Yes,2,UPI,Good,East,Pending,Yes,Active
1225,37741,2423,2026-06-20,Quality Issue,61068.09,Completed,Passed,Drop,Warehouse B,Opened,Refund,Yes,8,Wallet,Good,South,Resolved,No,Active
1226,2985,9672,2024-12-23,Not as Described,87704.22,Rejected,Failed,Drop,Warehouse C,Sealed,Refund,No,11,Wallet,Poor,East,Pending,No,Active
1227,13241,6757,2026-01-21,Quality Issue,18590.62,Pending,Passed,Drop,Warehouse B,Opened,Replacement,Yes,13,Wallet,Poor,South,Pending,Yes,Active
1228,35336,1381,2024-08-19,Damaged Product,41613.76,Rejected,Pending,Drop,Warehouse B,Sealed,Replacement,No,15,Wallet,Good,South,Pending,Yes,Active
1229,1909,3830,2026-06-24,Wrong Item Delivered,10551.31,Completed,Passed,Pickup,Warehouse A,Opened,Refund,Yes,9,Bank Transfer,,South,Pending,No,Active
1230,48262,7660,2025-10-13,Wrong Item Delivered,26186.26,Pending,Passed,Drop,Warehouse B,Opened,Refund,Yes,6,UPI,Average,East,Resolved,No,Active
1231,40806,9429,2026-03-30,Quality Issue,71903.57,Completed,Failed,Drop,Warehouse C,Sealed,Refund,Yes,9,Bank Transfer,Good,South,Resolved,No,Closed
1232,31679,126,2024-08-27,Missing Parts,53535.99,Completed,Failed,Drop,Warehouse C,Sealed,Replacement,Yes,15,UPI,,South,Resolved,No,Closed
1233,27334,2399,2026-03-17,Damaged Product,80769.66,Pending,Pending,Drop,Warehouse C,Sealed,Refund,No,8,UPI,Good,North,Pending,No,Closed
1234,535,7450,2025-11-05,Duplicate Order,19190.34,Completed,Pending,Drop,Warehouse B,Sealed,Refund,No,7,Wallet,Good,South,Pending,No,Active
1235,7296,4420,2026-06-09,Not as Described,55148.34,Pending,Failed,Pickup,Warehouse A,Sealed,Refund,Yes,7,UPI,Poor,East,Resolved,Yes,Active
1236,39765,299,2025-11-06,Quality Issue,62742.87,Completed,Pending,Drop,Warehouse A,Opened,Replacement,No,4,UPI,Good,East,Pending,No,Active
1237,24002,2190,2024-12-10,Quality Issue,70328.25,Rejected,Failed,Pickup,Warehouse C,Sealed,Refund,Yes,7,Bank Transfer,Excellent,East,Pending,Yes,Closed
1238,47811,9330,2024-09-26,Wrong Item Delivered,75568.01,Completed,Pending,Pickup,Warehouse A,Sealed,Refund,Yes,2,Wallet,Excellent,South,Resolved,Yes,Active
1239,29871,6523,2024-10-04,Changed Mind,1117.39,Rejected,Pending,Pickup,Warehouse C,Sealed,Refund,No,9,Bank Transfer,Poor,West,Pending,Yes,Active
1240,22091,2371,2024-11-25,Duplicate Order,101691.98,Pending,Pending,Pickup,Warehouse B,Sealed,Replacement,Yes,14,Wallet,Excellent,North,Pending,Yes,Closed
1241,18381,4789,2025-12-18,Not as Described,21877.72,Completed,Failed,Drop,Warehouse C,Sealed,Replacement,No,14,Bank Transfer,Average,North,Pending,Yes,Active
1242,31173,5815,2024-10-21,Wrong Item Delivered,35004.73,Rejected,Passed,Drop,Warehouse A,Opened,Refund,Yes,3,UPI,Average,North,Resolved,No,Active
1243,41062,5095,2025-08-21,Late Delivery,64153.09,Completed,Failed,Drop,Warehouse C,Opened,Refund,No,14,Wallet,Poor,South,Pending,No,Active
1244,11967,1219,2026-01-22,Late Delivery,41892.53,Completed,Pending,Pickup,Warehouse A,Opened,Replacement,No,7,UPI,Good,North,Resolved,Yes,Closed
1245,26136,9378,2026-05-12,Quality Issue,23615.79,Rejected,Failed,Pickup,Warehouse C,Sealed,Refund,Yes,1,Bank Transfer,Excellent,East,Resolved,No,Active
1246,41684,5715,2025-02-02,Late Delivery,69770.49,Rejected,Pending,Pickup,Warehouse B,Opened,Replacement,Yes,11,Wallet,,North,Pending,No,Closed
1247,15539,8525,2025-12-06,Missing Parts,40010.93,Completed,Passed,Pickup,Warehouse C,Opened,Replacement,Yes,4,Bank Transfer,Poor,North,Pending,Yes,Closed
1248,28814,6588,2024-12-13,Wrong Item Delivered,64660.16,Completed,Failed,Drop,Warehouse A,Opened,Refund,Yes,3,Wallet,Good,South,Resolved,Yes,Active
1249,25422,1156,2025-12-02,Late Delivery,21587.7,Pending,Passed,Drop,Warehouse C,Opened,Replacement,No,12,Wallet,Excellent,West,Pending,No,Closed
1250,24073,8596,2025-02-06,Missing Parts,78227.49,Rejected,Pending,Drop,Warehouse C,Opened,Refund,Yes,14,Wallet,Average,South,Resolved,Yes,Closed
1251,42897,729,2025-05-29,Missing Parts,106338.44,Completed,Failed,Pickup,Warehouse B,Sealed,Refund,No,6,Wallet,Poor,South,Resolved,Yes,Closed
1252,35655,3593,2025-08-23,Missing Parts,17199.12,Rejected,Failed,Pickup,Warehouse C,Sealed,Refund,Yes,6,Bank Transfer,,East,Resolved,No,Closed
1253,18799,6957,2024-09-24,Missing Parts,94700.01,Rejected,Pending,Pickup,Warehouse B,Sealed,Refund,Yes,8,Bank Transfer,Poor,South,Pending,No,Closed
1254,40695,4910,2025-03-29,Missing Parts,127400.88,Pending,Passed,Pickup,Warehouse C,Sealed,Replacement,No,5,Wallet,Average,East,Pending,No,Active
1255,13057,7344,2024-11-06,Changed Mind,1704.07,Completed,Failed,Drop,Warehouse A,Sealed,Replacement,No,4,Bank Transfer,Excellent,West,Pending,Yes,Closed
1256,21389,239,2025-06-17,Quality Issue,56126.34,Rejected,Pending,Drop,Warehouse A,Sealed,Refund,Yes,14,UPI,Good,West,Resolved,No,Active
1257,34385,8431,2026-04-27,Damaged Product,82011.76,Completed,Pending,Pickup,Warehouse B,Sealed,Replacement,Yes,13,UPI,Excellent,South,Resolved,No,Closed
1258,43257,4231,2024-11-18,Late Delivery,49778.79,Rejected,Pending,Drop,Warehouse B,Opened,Replacement,No,14,UPI,Excellent,South,Pending,No,Active
1259,7010,1974,2024-11-08,Damaged Product,54097.17,Rejected,Failed,Drop,WAREHOUSE C,Sealed,Refund,No,11,UPI,Excellent,East,Pending,No,Active
1260,41106,6833,2026-08-11,Late Delivery,49041.12,Pending,Pending,Drop,Warehouse B,Sealed,Refund,No,15,Wallet,Excellent,North,Pending,Yes,Closed
1261,28393,8586,2026-02-15,Damaged Product,44245.34,Completed,Passed,Pickup,Warehouse B,Sealed,Refund,Yes,4,Bank Transfer,Average,East,Pending,Yes,Active
1262,35254,7324,2026-01-30,Duplicate Order,90567.67,Pending,Pending,Drop,Warehouse B,Opened,Replacement,Yes,7,UPI,Good,North,Pending,No,Closed
1263,123,7781,2025-09-12,Duplicate Order,76322.62,Pending,Passed,Pickup,Warehouse A,Opened,Refund,No,4,UPI,Average,West,Resolved,No,Closed
1264,17375,1204,2026-05-06,Missing Parts,28159.58,Pending,Pending,Drop,Warehouse C,Sealed,Replacement,Yes,10,Bank Transfer,Average,South,Resolved,Yes,Active
1265,19131,9131,2025-07-02,Wrong Item Delivered,74581.55,Completed,Failed,Drop,Warehouse C,Sealed,Refund,Yes,3,Wallet,Excellent,North,Resolved,No,Active
1266,27270,1532,2024-12-20,Wrong Item Delivered,26023.09,Completed,Pending,Drop,Warehouse A,Opened,Replacement,No,3,Bank Transfer,Average,South,Pending,No,Closed
1267,21866,6686,2025-11-23,Quality Issue,67582.1,Rejected,Pending,Drop,Warehouse A,Sealed,Refund,No,2,Bank Transfer,Excellent,East,Pending,No,Active
1268,6910,3380,2024-08-30,Duplicate Order,70202.46,Completed,Pending,Pickup,Warehouse B,Sealed,Refund,No,8,Bank Transfer,Average,East,Pending,Yes,Closed
1269,44912,102,2025-07-20,Quality Issue,33804.4,Pending,Failed,Drop,Warehouse A,Sealed,Refund,No,10,Bank Transfer,Poor,South,Pending,No,Active
1270,6263,4642,2025-05-15,Not as Described,42801.35,Rejected,Pending,Pickup,Warehouse A,Opened,Refund,Yes,7,UPI,,South,Resolved,Yes,Closed
1271,14892,671,2025-08-18,Not as Described,59025.45,Rejected,Pending,Pickup,Warehouse C,Opened,Replacement,Yes,8,Wallet,Poor,South,Resolved,No,Closed
1272,4050,745,2025-08-21,Wrong Item Delivered,26881.71,Pending,Passed,Pickup,Warehouse B,Sealed,Replacement,No,14,Wallet,Good,East,Resolved,No,Active
1273,25071,7567,2026-01-31,Wrong Item Delivered,63697.07,Pending,Failed,Drop,Warehouse A,Sealed,Replacement,No,8,UPI,Poor,West,Pending,Yes,Closed
1274,26653,21,2025-06-12,Changed Mind,23482.91,Completed,Passed,Drop,Warehouse A,Sealed,Replacement,No,5,Bank Transfer,Excellent,North,Resolved,Yes,Active
1275,12745,5217,2026-01-02,Duplicate Order,51933.1,Pending,Passed,Pickup,Warehouse C,Opened,Replacement,Yes,2,Wallet,Excellent,West,Pending,No,Active
1276,35624,9266,2025-09-04,Changed Mind,37333.08,Rejected,Pending,Drop,Warehouse C,Sealed,Replacement,No,3,Wallet,Average,West,Pending,No,Active
1277,18236,7716,2026-07-20,Damaged Product,101756.96,Completed,Passed,Pickup,Warehouse B,Sealed,Refund,Yes,5,Wallet,Good,West,Resolved,No,Active
1278,37423,7655,2025-09-13, Changed Mind ,55002.18,Pending,Failed,Pickup,Warehouse B,Opened,Replacement,No,13,UPI,Poor,North,Resolved,Yes,Active
1279,23953,7509,2025-04-03,Duplicate Order,25748.98,Pending,Pending,Pickup,Warehouse A,Opened,Replacement,Yes,5,Bank Transfer,Excellent,North,Resolved,Yes,Closed
1280,5720,2188,2025-09-18,Duplicate Order,86991.49,Pending,Passed,Drop,Warehouse B,Opened,Refund,No,2,Wallet,Average,North,Pending,Yes,Closed
1281,8259,9443,2025-10-29,Missing Parts,37329.38,Completed,Pending,Pickup,Warehouse A,Opened,Refund,Yes,4,Wallet,Good,West,Pending,Yes,Closed
1282,10580,6073,2025-12-09,Missing Parts,14440.37,Completed,Pending,Pickup,Warehouse C,Sealed,Refund,Yes,1,Bank Transfer,Average,North,Resolved,No,Active
1283,14548,4646,2026-03-28,Missing Parts,73821.4,Completed,Failed,Drop,Warehouse A,Sealed,Replacement,Yes,15,Bank Transfer,Excellent,South,Pending,No,Active
1284,39103,179,2024-10-01,Damaged Product,38893.51,Rejected,Passed,Drop,Warehouse C,Sealed,Replacement,Yes,6,Wallet,Average,West,Resolved,Yes,Closed
1285,10498,5825,2025-11-05,Missing Parts,61658.46,Completed,Pending,Drop,Warehouse C,Opened,Replacement,No,13,UPI,Excellent,West,Pending,Yes,Closed
1286,37030,5803,2026-05-24,Quality Issue,32594.37,Rejected,Passed,Drop,Warehouse B,Opened,Replacement,Yes,14,UPI,Poor,West,Pending,Yes,Closed
1287,44158,6712,2025-09-08,Quality Issue,86129.26,Rejected,Passed,Drop,Warehouse B,Sealed,Refund,No,2,UPI,Excellent,West,Pending,Yes,Closed
1288,28295,4631,2024-10-25,Changed Mind,18011.9,Pending,Failed,Pickup,Warehouse B,Opened,Refund,Yes,11,Wallet,Excellent,South,Pending,Yes,Active
1289,43348,3504,2025-03-25,Missing Parts,6697.81,Completed,Failed,Pickup,Warehouse C,Opened,Replacement,No,11,Bank Transfer,,North,Resolved,No,Active
1290,15596,1468,2026-08-23,Missing Parts,15521.23,Rejected,Passed,Drop,Warehouse B,Sealed,Replacement,Yes,10,UPI,Good,East,Pending,No,Closed
1291,44009,3359,2026-08-03,Wrong Item Delivered,44314.98,Rejected,Passed,Drop,Warehouse C,Sealed,Refund,No,2,Bank Transfer,Average,South,Resolved,No,Active
1292,3098,1065,2026-05-12,Missing Parts,41151.67,Pending,Pending,Pickup,Warehouse A,Sealed,Refund,Yes,9,Bank Transfer,Good,West,Pending,No,Active
1293,34055,2876,2025-08-02,Missing Parts,30731.02,Pending,Failed,Drop,Warehouse A,Sealed,Refund,Yes,12,UPI,Excellent,North,Pending,Yes,Closed
1294,42667,8711,2026-02-10,Quality Issue,55104.41,Pending,Passed,Drop,Warehouse B,Opened,Refund,No,-5,Wallet,,South,Resolved,Yes,Closed
1295,35170,2669,2025-08-30,Damaged Product,14346.35,Pending,Failed,Pickup,Warehouse A,Opened,Replacement,No,2,Wallet,Good,South,Pending,No,Active
1296,45316,5510,2025-10-10,Wrong Item Delivered,32329.25,Completed,Pending,Drop,Warehouse C,Sealed,Refund,Yes,3,Bank Transfer,Poor,North,Pending,Yes,Closed
1297,10713,1662,2024-08-17,Missing Parts,84256.74,Completed,Passed,Pickup,Warehouse B,Opened,Replacement,No,13,UPI,Good,East,Resolved,No,Active
1298,5223,5240,2026-04-18,Wrong Item Delivered,28421.83,Rejected,Pending,Pickup,Warehouse A,Opened,Replacement,No,9,Bank Transfer,Excellent,West,Resolved,Yes,Closed
1299,24973,3078,2024-09-04,Missing Parts,60506.88,Pending,Pending,Pickup,Warehouse A,Opened,Refund,Yes,10,Bank Transfer,,West,Pending,Yes,Active
1300,21009,4641,2024-12-06,Missing Parts,93739.46,Rejected,Pending,Pickup,Warehouse A,Sealed,Replacement,No,10,Bank Transfer,,North,Resolved,No,Active
1301,22871,2537,2025-05-31,Damaged Product,32830.51,Completed,Failed,Pickup,Warehouse C,Sealed,Refund,Yes,13,UPI,Poor,South,Resolved,Yes,Active
1302,8076,9670,2025-02-06,Missing Parts,75306.58,Rejected,Passed,Drop,Warehouse A,Sealed,Replacement,Yes,3,UPI,Excellent,East,Pending,No,Closed
1303,3733,3564,2024-11-28,Not as Described,15339.03,Completed,Pending,Pickup,Warehouse C,Opened,Replacement,Yes,8,Bank Transfer,Average,South,Pending,Yes,Active
1304,1135,9992,2026-08-15,Changed Mind,28841.23,Pending,Passed,Pickup,Warehouse B,Opened,Refund,No,1,UPI,Average,South,Resolved,No,Active
1305,9970,2137,2026-07-17,Damaged Product,54338.98,Rejected,Failed,Drop,Warehouse C,Sealed,Replacement,Yes,7,Wallet,Excellent,South,Resolved,No,Closed
1306,3114,9410,2024-09-23,Quality Issue,60404.16,Pending,Failed,Pickup,Warehouse C,Sealed,Replacement,Yes,11,UPI,Average,East,Pending,No,Active
1307,17507,7899,2024-09-02,Wrong Item Delivered,43536.12,Completed,Pending,Pickup,Warehouse B,Opened,Refund,No,9,Bank Transfer,Average,West,Pending,No,Closed
1308,21176,3525,2025-03-28,Missing Parts,116936.65,Completed,Passed,Drop,Warehouse B,Opened,Refund,No,5,Bank Transfer,Average,North,Resolved,No,Active
1309,28115,228,2025-06-07,Damaged Product,59955.75,Pending,Failed,Pickup,Warehouse A,Sealed,Replacement,Yes,1,Bank Transfer,Good,West,Resolved,Yes,Closed
1310,23200,9907,2026-05-01,Changed Mind,43756.78,Rejected,Failed,Drop,Warehouse B,Opened,Refund,Yes,4,Wallet,Poor,East,Pending,No,Active
1311,37672,5628,2026-04-20,Damaged Product,37674.87,Completed,Passed,Pickup,Warehouse A,Sealed,Refund,Yes,6,Bank Transfer,Excellent,South,Resolved,Yes,Active
1312,38326,7582,2026-06-28,Missing Parts,30701,Completed,Failed,Drop,Warehouse B,Opened,Refund,Yes,1,Wallet,Excellent,North,Pending,Yes,Closed
1313,23357,6347,2025-04-22,Wrong Item Delivered,7660.01,Pending,Pending,Pickup,Warehouse A,Opened,Replacement,Yes,15,Bank Transfer,Poor,North,Pending,Yes,Closed
1314,46092,2932,2026-06-02,Wrong Item Delivered,103623.13,Rejected,Failed,Drop,Warehouse B,Sealed,Refund,Yes,1,UPI,Average,South,Resolved,No,Active
1315,17450,6432,2026-04-11,Late Delivery,59698.93,Pending,Passed,Pickup,Warehouse C,Opened,Replacement,Yes,11,Wallet,Average,East,Pending,Yes,Closed
1316,1713,5955,2024-09-22,Late Delivery,110664.71,Rejected,Failed,Pickup,Warehouse A,Sealed,Refund,No,13,UPI,Average,West,Pending,Yes,Closed
1317,45333,6613,2025-04-25,Changed Mind,98058.86,Pending,Pending,Drop,Warehouse B,Sealed,Replacement,Yes,12,UPI,Excellent,North,Resolved,No,Active
1318,40415,577,2026-01-16,Wrong Item Delivered,74353.28,Rejected,Pending,Pickup,Warehouse A,Opened,Replacement,No,1,UPI,Poor,South,Resolved,No,Active
1319,24776,6599,2025-11-17,Duplicate Order,13116.13,Completed,Failed,Pickup,Warehouse B,Opened,Replacement,No,3,UPI,Average,West,Resolved,Yes,Closed
1320,17753,2633,2025-11-29,Wrong Item Delivered,35054.83,Rejected,Passed,Drop,Warehouse A,Opened,Replacement,Yes,11,UPI,Average,East,Resolved,No,Closed
1321,1199,9383,2025-06-13,Damaged Product,104209.8,Pending,Pending,Pickup,Warehouse A,Opened,Replacement,No,7,UPI,Excellent,North,Resolved,Yes,Active
1322,49170,7842,2024-11-24,Wrong Item Delivered,26609.59,Rejected,Pending,Pickup,Warehouse A,Opened,Replacement,Yes,6,UPI,Good,North,Pending,No,Active
1323,10692,7830,2025-05-21,Missing Parts,60873.61,Pending,Passed,Drop,Warehouse B,Sealed,Refund,No,11,UPI,Good,West,Pending,Yes,Closed
1324,9448,7065,2026-01-12,Damaged Product,89592.9,Completed,Pending,Pickup,Warehouse B,Opened,Refund,No,8,Wallet,Good,East,Pending,Yes,Closed
1325,16501,2378,2025-05-14,Missing Parts,100832.16,Completed,Failed,Drop,Warehouse C,Opened,Refund,No,13,UPI,Good,West,Resolved,No,Closed
1326,6591,8945,2026-04-11,Missing Parts,111590.85,Rejected,Failed,Drop,Warehouse C,Sealed,Refund,Yes,5,UPI,Poor,West,Pending,No,Closed
1327,12322,5117,2025-10-02,Wrong Item Delivered,99273.78,Rejected,Passed,Pickup,Warehouse C,Opened,Replacement,Yes,1,Bank Transfer,Excellent,East,Pending,No,Active
1328,7399,7892,2025-04-19,Changed Mind,84806.92,Completed,Failed,Pickup,Warehouse B,Sealed,Replacement,Yes,2,UPI,Excellent,East,Pending,No,Closed
1329,48236,5451,2026-01-03,Quality Issue,71680.23,Completed,Failed,Drop,Warehouse B,Opened,Refund,Yes,11,Wallet,Poor,South,Resolved,Yes,Closed
1330,27029,1692,2025-06-30,Missing Parts,31833.69,Completed,Failed,Pickup,Warehouse B,Sealed,Refund,Yes,9,Wallet,Average,West,Resolved,No,Closed
1331,5109,51,2025-11-02,Damaged Product,16285.62,Pending,Passed,Pickup,Warehouse A,Opened,Refund,Yes,14,Bank Transfer,Average,South,Pending,Yes,Active
1332,15984,8429,2024-09-23,Wrong Item Delivered,116759.6,Rejected,Failed,Pickup,Warehouse B,Sealed,Refund,Yes,8,UPI,Excellent,West,Resolved,Yes,Active
1333,48957,1327,2024-11-22,Late Delivery,9956.91,Completed,Pending,Drop,Warehouse C,Opened,Refund,Yes,13,Bank Transfer,Excellent,North,Resolved,No,Closed
1334,46091,7567,2024-12-23,Wrong Item Delivered,36935.82,Rejected,Failed,Pickup,Warehouse C,Sealed,Replacement,Yes,13,Wallet,Excellent,West,Resolved,No,Active
1335,42524,4988,2025-09-14,Wrong Item Delivered,107143.86,Rejected,Pending,Drop,Warehouse C,Sealed,Replacement,No,15,UPI,Excellent,North,Resolved,No,Closed
1336,5531,2522,2025-04-18,Quality Issue,42401.33,Rejected,Passed,Pickup,Warehouse B,Opened,Replacement,Yes,8,UPI,Poor,North,Resolved,No,Active
1337,43573,5661,2025-12-04,Damaged Product,31699.07,Rejected,Pending,Pickup,Warehouse C,Sealed,Refund,Yes,15,UPI,,East,Pending,No,Active
1338,36166,6610,2025-10-20,Duplicate Order,22950.66,Completed,Passed,Drop,Warehouse B,Opened,Refund,Yes,13,Bank Transfer,Excellent,East,Pending,No,Active
1339,43263,6436,2024-09-09,Changed Mind,73049.54,Rejected,Failed,Pickup,Warehouse A,Opened,Replacement,Yes,3,UPI,Poor,North,Pending,No,Closed
1340,48702,784,2026-07-15,Missing Parts,60456.86,Rejected,Failed,Pickup,Warehouse B,Sealed,Replacement,Yes,7,Wallet,Excellent,South,Pending,Yes,Active
1341,44796,6355,2024-11-07,Wrong Item Delivered,18110.1,Pending,Failed,Pickup,Warehouse B,Opened,Refund,No,15,UPI,Good,South,Pending,Yes,Closed
1342,13226,4111,2024-11-28,Changed Mind,126456.97,Completed,Pending,Pickup,Warehouse C,Opened,Refund,No,9,Bank Transfer,Excellent,South,Resolved,Yes,Closed
1343,23706,2122,2025-10-24,Missing Parts,76727.23,Rejected,Passed,Pickup,Warehouse B,Opened,Refund,Yes,2,Bank Transfer,Excellent,West,Pending,No,Closed
1344,33415,57,2025-04-23,Late Delivery,65244.54,Completed,Pending,Drop,Warehouse A,Sealed,Refund,Yes,1,Bank Transfer,Excellent,North,Pending,No,Closed
1345,34828,2350,2025-12-11,Quality Issue,83848.9,Pending,Pending,Drop,Warehouse A,Sealed,Replacement,Yes,9,Bank Transfer,Average,North,Resolved,Yes,Closed
1346,46381,429,2025-10-21,Wrong Item Delivered,13554.3,Completed,Passed,Drop,Warehouse C,Sealed,Refund,No,6,Bank Transfer,Good,West,Resolved,No,Active
1347,20812,5134,2025-01-04,Damaged Product,15870.99,Completed,Failed,Drop,Warehouse B,Sealed,Replacement,No,13,Bank Transfer,Poor,South,Resolved,No,Active
1348,19211,154,2026-08-04,Not as Described,6613.81,Completed,Passed,Drop,Warehouse A,Sealed,Replacement,No,13,Wallet,Poor,South,Pending,Yes,Active
1349,16972,8614,2025-10-08,Changed Mind,41208.83,Completed,Pending,Pickup,Warehouse A,Sealed,Replacement,Yes,14,Bank Transfer,Average,West,Resolved,No,Active
1350,46893,5700,2025-04-15,Duplicate Order,76892.3,Pending,Failed,Drop,Warehouse A,Sealed,Refund,No,1,Bank Transfer,Poor,West,Pending,Yes,Active
1351,47268,6995,2025-11-14,Missing Parts,113983.03,Rejected,Passed,Pickup,Warehouse B,Opened,Refund,No,4,Wallet,Poor,West,Pending,Yes,Closed
1352,29565,6493,2025-02-23,Missing Parts,25499.42,Rejected,Pending,Drop,Warehouse C,Opened,Replacement,Yes,13,Bank Transfer,Poor,South,Resolved,Yes,Closed
1353,1118,8012,2026-08-13,Late Delivery,37776.03,Pending,Passed,Drop,Warehouse A,Opened,Replacement,Yes,10,Bank Transfer,Excellent,East,Pending,No,Closed
1354,34757,770,2026-05-24,Late Delivery,9533.08,Rejected,Pending,Drop,Warehouse B,Sealed,Refund,No,9,Wallet,Poor,West,Pending,No,Closed
1355,40039,279,2026-04-12,Wrong Item Delivered,9684.62,Rejected,Pending,Pickup,Warehouse A,Sealed,Refund,Yes,8,UPI,Poor,South,Pending,Yes,Active
1356,42181,1066,2025-06-07,Quality Issue,14840.97,Rejected,Passed,Drop,Warehouse A,Opened,Refund,No,14,Bank Transfer,Poor,West,Resolved,No,Active
1357,5158,1928,2024-10-25,Changed Mind,59191.13,Completed,Pending,Drop,Warehouse A,Sealed,Replacement,No,10,Wallet,Good,North,Pending,Yes,Active
1358,47906,8038,2026-01-24,Damaged Product,87029.45,Completed,Pending,Pickup,Warehouse A,Opened,Refund,No,10,Wallet,Excellent,North,Pending,Yes,Closed
1359,15100,781,2026-06-02,Wrong Item Delivered,109699.55,Completed,Failed,Pickup,Warehouse A,Sealed,Replacement,Yes,15,UPI,Excellent,West,Resolved,No,Active
1360,11750,7929,2026-06-08,Damaged Product,66673.94,Completed,Failed,Pickup,Warehouse A,Opened,Replacement,No,3,Bank Transfer,Average,West,Resolved,Yes,Closed
1361,35863,3179,2025-05-11,Not as Described,59463.38,Pending,Passed,Pickup,Warehouse C,Opened,Refund,No,13,Bank Transfer,Average,North,Resolved,No,Closed
1362,7756,7283,2025-04-09,Late Delivery,26220.36,Rejected,Pending,Pickup,Warehouse A,Sealed,Refund,No,3,Wallet,Excellent,South,Resolved,No,Active
1363,4559,1860,2025-11-08,Changed Mind,13661.74,Rejected,Failed,Pickup,Warehouse A,Sealed,Replacement,No,7,Wallet,Average,South,Pending,Yes,Closed
1364,26058,9513,2025-11-05,Not as Described,51267.73,Pending,Pending,Drop,Warehouse A,Sealed,Refund,No,5,UPI,Poor,West,Pending,No,Active
1365,47135,8045,2024-10-25,Damaged Product,42506.11,Rejected,Pending,Pickup,Warehouse C,Opened,Refund,Yes,3,UPI,Average,East,Resolved,Yes,Closed
1366,32139,7995,2025-01-09,Damaged Product,6083.17,Rejected,Passed,Pickup,Warehouse A,Sealed,Refund,Yes,4,UPI,Excellent,South,Resolved,No,Active
1367,32251,8429,2026-04-23,Duplicate Order,14427.55,Rejected,Failed,Drop,Warehouse A,Opened,Refund,No,5,Bank Transfer,Excellent,South,Pending,No,Active
1368,38077,5081,2024-12-23,Late Delivery,51513.79,Completed,Passed,Drop,Warehouse A,Sealed,Refund,No,3,UPI,Excellent,East,Resolved,Yes,Active
1369,23097,39,2026-03-06,Changed Mind,136475.54,Pending,Passed,Pickup,Warehouse C,Opened,Replacement,No,13,Wallet,Poor,East,Resolved,Yes,Active
1370,22758,6362,2024-11-21,Not as Described,82902.31,Pending,Passed,Pickup,Warehouse B,Sealed,Replacement,No,5,UPI,Excellent,North,Pending,Yes,Closed
1371,49434,9681,2025-05-12,Late Delivery,63217.7,Pending,Failed,Pickup,Warehouse C,Opened,Refund,No,8,UPI,Good,North,Pending,No,Active
1372,45389,6406,2025-07-31,Missing Parts,100295.66,Pending,Failed,Drop,Warehouse A,Sealed,Replacement,No,2,UPI,Excellent,West,Resolved,No,Active
1373,37198,6876,2025-12-04,Quality Issue,19910.15,Rejected,Pending,Drop,WAREHOUSE B,Opened,Replacement,Yes,4,UPI,Excellent,North,Pending,Yes,Closed
1374,34011,7511,2024-12-09,Wrong Item Delivered,14065.74,Pending,Passed,Pickup,WAREHOUSE A,Opened,Replacement,Yes,11,UPI,Poor,West,Pending,Yes,Closed
1375,49491,588,2025-08-25,Quality Issue,42531.61,Pending,Pending,Drop,Warehouse A,Opened,Refund,Yes,12,Bank Transfer,Average,North,Resolved,Yes,Closed
1376,17253,4591,2024-10-22,Not as Described,95377.56,Completed,Failed,Drop,Warehouse C,Sealed,Refund,Yes,15,UPI,Good,West,Pending,Yes,Closed
1377,4303,7258,2026-06-07,Damaged Product,111441.86,Completed,Failed,Drop,Warehouse C,Sealed,Replacement,No,1,Wallet,Average,East,Resolved,Yes,Closed
1378,15905,5081,2025-09-20,Not as Described,5376.33,Completed,Failed,Pickup,Warehouse A,Sealed,Replacement,No,3,Wallet,Good,East,Pending,Yes,Closed
1379,47237,2852,2025-10-28,Missing Parts,24595.34,Completed,Pending,Pickup,Warehouse A,Opened,Replacement,Yes,13,UPI,Good,East,Pending,Yes,Closed
1380,46498,4552,2024-09-30,Missing Parts,13042.36,Completed,Pending,Drop,Warehouse A,Opened,Refund,Yes,13,UPI,Good,East,Resolved,No,Active
1381,7113,3493,2025-06-14,Damaged Product,66372.63,Rejected,Pending,Drop,Warehouse B,Opened,Replacement,Yes,3,Bank Transfer,Poor,North,Pending,No,Active
1382,36805,6030,2025-02-03,Late Delivery,31160.02,Completed,Passed,Drop,Warehouse B,Opened,Refund,Yes,10,UPI,Excellent,North,Resolved,Yes,Closed
1383,46131,6948,2024-11-10,Quality Issue,9177.58,Completed,Passed,Drop,Warehouse B,Opened,Refund,Yes,7,UPI,Excellent,West,Resolved,Yes,Closed
1384,25832,5949,2025-11-04,Duplicate Order,54138.33,Pending,Failed,Drop,Warehouse A,Sealed,Refund,No,7,UPI,Poor,East,Resolved,No,Active
1385,24572,5341,2025-07-22,Late Delivery,86576.62,Pending,Passed,Pickup,Warehouse B,Sealed,Refund,No,14,Bank Transfer,Good,South,Resolved,Yes,Active
1386,23785,629,2026-02-20,Damaged Product,38149.8,Rejected,Pending,Drop,Warehouse B,Opened,Replacement,No,3,UPI,Excellent,West,Pending,No,Closed
1387,8287,8574,2026-02-08,Late Delivery,140102.71,Pending,Passed,Drop,Warehouse B,Sealed,Replacement,No,7,UPI,Poor,South,Pending,No,Active
1388,3757,1628,2024-12-13,Changed Mind,21619.83,Pending,Passed,Drop,Warehouse B,Sealed,Refund,No,1,UPI,Poor,South,Resolved,No,Active
1389,23027,3804,2024-11-07,Changed Mind,77490.11,Rejected,Passed,Drop,Warehouse B,Sealed,Replacement,Yes,13,Bank Transfer,Good,South,Pending,No,Closed
1390,1697,1482,2025-05-29,Late Delivery,29961.25,Rejected,Failed,Drop,Warehouse B,Opened,Refund,No,14,Bank Transfer,Average,South,Pending,Yes,Closed
1391,30394,2086,2025-01-05,Changed Mind,108969.71,Rejected,Failed,Pickup,Warehouse A,Sealed,Replacement,Yes,11,UPI,Excellent,East,Resolved,No,Closed
1392,47324,1522,2024-10-20,Changed Mind,52614.68,Completed,Passed,Drop,Warehouse C,Sealed,Refund,No,13,Wallet,Excellent,North,Resolved,No,Active
1393,49201,4712,2024-09-27,Damaged Product,60966.32,Pending,Failed,Drop,Warehouse C,Opened,Replacement,Yes,8,Wallet,Average,East,Resolved,No,Active
1394,39597,6416,2026-07-25,Wrong Item Delivered,42572.66,Rejected,Failed,Drop,Warehouse B,Sealed,Replacement,No,3,Wallet,Poor,South,Pending,Yes,Closed
1395,9203,729,2026-07-11,Wrong Item Delivered,55611.51,Rejected,Failed,Pickup,Warehouse A,Opened,Replacement,No,15,Wallet,Good,North,Resolved,No,Closed
1396,6958,1086,2025-08-16,Missing Parts,59902.58,Completed,Failed,Pickup,Warehouse B,Sealed,Replacement,Yes,6,UPI,,South,Pending,No,Closed
1397,14244,4196,2025-08-12,Late Delivery,48034.88,Completed,Failed,Drop,Warehouse C,Sealed,Refund,Yes,14,Bank Transfer,Poor,North,Resolved,Yes,Active
1398,48630,4945,2026-04-01,Not as Described,61657.83,Rejected,Pending,Drop,Warehouse A,Opened,Replacement,No,6,UPI,Average,North,Pending,No,Active
1399,32293,5862,2026-08-03,Changed Mind,31040.3,Rejected,Passed,Drop,Warehouse B,Opened,Replacement,No,14,UPI,Average,South,Resolved,Yes,Closed
1400,43644,3931,2025-08-29,Missing Parts,6331.94,Rejected,Passed,Drop,Warehouse C,Sealed,Refund,No,7,UPI,Good,North,Resolved,No,Active
1401,21048,6283,2026-05-22,Damaged Product,52943.23,Pending,Passed,Pickup,Warehouse C,Opened,Refund,No,2,Wallet,Good,West,Pending,Yes,Active
1402,12164,5462,2025-10-02,Damaged Product,77084.41,Rejected,Failed,Drop,Warehouse C,Sealed,Refund,No,10,Bank Transfer,Good,North,Resolved,Yes,Active
1403,24255,4367,2026-03-21,Duplicate Order,96325.97,Pending,Pending,Pickup,Warehouse A,Sealed,Replacement,No,8,UPI,Poor,South,Resolved,No,Closed
1404,19909,4894,2026-03-16,Changed Mind,40684.95,Rejected,Pending,Pickup,Warehouse B,Opened,Replacement,Yes,13,UPI,Good,North,Pending,Yes,Closed
1405,34421,4932,2025-05-21,Damaged Product,54417.39,Pending,Pending,Drop,Warehouse C,Sealed,Refund,Yes,6,Wallet,Excellent,North,Pending,No,Active
1406,10280,7679,2026-02-21,Wrong Item Delivered,106494.62,Pending,Passed,Pickup,Warehouse B,Opened,Refund,No,1,Wallet,,West,Pending,Yes,Closed
1407,3833,6864,2025-04-14,Damaged Product,58243.54,Rejected,Pending,Pickup,Warehouse C,Opened,Replacement,Yes,7,UPI,Good,West,Resolved,No,Closed
1408,14562,9247,2026-05-20,Damaged Product,94275.14,Rejected,Passed,Drop,Warehouse A,Sealed,Refund,No,11,Bank Transfer,,North,Pending,Yes,Closed
1409,34570,3128,2025-08-31,Wrong Item Delivered,80690.35,Rejected,Pending,Drop,Warehouse A,Opened,Replacement,No,7,UPI,Excellent,North,Resolved,Yes,Active
1410,44349,7256,2024-11-29,Damaged Product,29609.53,Rejected,Passed,Drop,Warehouse A,Sealed,Replacement,No,4,Bank Transfer,Poor,South,Pending,No,Closed
1411,49217,3555,2025-09-24,Quality Issue,44031.84,Completed,Pending,Drop,Warehouse C,Opened,Replacement,Yes,11,Bank Transfer,Good,West,Resolved,Yes,Active
1412,6098,419,2024-12-17,Late Delivery,20725.24,Completed,Passed,Drop,Warehouse C,Sealed,Replacement,Yes,4,Wallet,Poor,West,Resolved,Yes,Closed
1413,23963,9505,2026-07-31,Quality Issue,90662.86,Rejected,Failed,Pickup,Warehouse B,Sealed,Refund,No,5,Wallet,Excellent,West,Pending,No,Active
1414,26127,8680,2025-12-07,Changed Mind,8222.25,Rejected,Pending,Pickup,Warehouse A,Sealed,Replacement,No,4,Wallet,Average,East,Pending,No,Active
1415,30564,2938,2025-03-23,Late Delivery,33806.97,Pending,Passed,Drop,Warehouse B,Sealed,Replacement,No,10,UPI,Good,East,Pending,No,Active
1416,48942,1845,2026-01-30,Changed Mind,43481.93,Completed,Pending,Drop,Warehouse A,Opened,Replacement,Yes,1,Bank Transfer,Poor,West,Resolved,No,Closed
1417,48367,108,2024-11-16,Duplicate Order,82298.55,Pending,Pending,Pickup,Warehouse C,Opened,Refund,No,13,Wallet,Poor,West,Pending,No,Closed
1418,29364,8910,2025-12-16,Missing Parts,81257.16,Completed,Failed,Pickup,Warehouse A,Sealed,Refund,Yes,9,Bank Transfer,Good,North,Pending,Yes,Active
1419,32859,952,2026-02-16,Quality Issue,9510.99,Completed,Failed,Pickup,Warehouse A,Opened,Refund,No,5,UPI,Poor,West,Resolved,Yes,Closed
1420,3549,6283,2025-03-20,Late Delivery,103599.77,Completed,Failed,Pickup,Warehouse A,Sealed,Refund,Yes,4,Wallet,Poor,East,Resolved,No,Active
1421,2490,7604,2024-08-02,Missing Parts,118222.5,Rejected,Failed,Drop,Warehouse B,Opened,Refund,No,15,UPI,Average,South,Resolved,Yes,Active
1422,15170,7807,2026-05-26,Damaged Product,104757.06,Rejected,Failed,Drop,Warehouse B,Opened,Replacement,No,3,Wallet,Excellent,East,Pending,Yes,Active
1423,38093,7351,2024-08-11,Duplicate Order,89769.95,Completed,Pending,Pickup,Warehouse B,Sealed,Replacement,Yes,15,Wallet,Poor,East,Pending,Yes,Closed
1424,31855,4880,2025-05-21,Changed Mind,94580.27,Completed,Failed,Drop,Warehouse B,Opened,Refund,No,4,UPI,Good,West,Pending,No,Active
1425,45753,2920,2026-06-02,Not as Described,46558.17,Pending,Passed,Pickup,Warehouse A,Sealed,Replacement,Yes,4,Bank Transfer,Excellent,South,Resolved,Yes,Closed
1426,48226,6667,2024-11-17,Wrong Item Delivered,71614.09,Rejected,Passed,Drop,Warehouse A,Opened,Replacement,Yes,4,Bank Transfer,Good,East,Pending,No,Closed
1427,15425,9756,2026-02-11,Damaged Product,83941.08,Pending,Failed,Drop,Warehouse A,Sealed,Replacement,Yes,13,UPI,Average,North,Resolved,No,Closed
1428,21444,2356,2024-12-01,Wrong Item Delivered,16992.03,Pending,Pending,Pickup,Warehouse C,Sealed,Refund,No,12,UPI,Good,East,Resolved,No,Closed
1429,34433,7173,2026-05-27,Changed Mind,34126.14,Completed,Pending,Pickup,Warehouse C,Sealed,Refund,No,6,Wallet,Excellent,North,Pending,No,Closed
1430,18634,1508,2026-06-30,Missing Parts,38290.05,Rejected,Failed,Pickup,Warehouse C,Opened,Replacement,Yes,11,Bank Transfer,Poor,North,Resolved,No,Active
1431,40453,8059,2025-04-19,Damaged Product,68236.78,Rejected,Failed,Drop,Warehouse B,Opened,Replacement,Yes,13,UPI,Good,South,Resolved,Yes,Active
1432,24501,2765,2026-07-05,Quality Issue,85684.04,Rejected,Pending,Pickup,Warehouse A,Sealed,Replacement,No,11,Wallet,Excellent,West,Resolved,Yes,Closed
1433,22559,5691,2025-05-28,Duplicate Order,25521.71,Completed,Failed,Drop,Warehouse C,Sealed,Refund,Yes,12,UPI,Average,West,Resolved,Yes,Active
1434,3556,7162,2026-04-22,Not as Described,76099.51,Pending,Failed,Pickup,Warehouse C,Opened,Replacement,No,1,Wallet,Poor,North,Resolved,Yes,Active
1435,34799,6204,2025-12-25,Wrong Item Delivered,33379.49,Rejected,Pending,Drop,Warehouse A,Opened,Refund,Yes,11,UPI,Poor,West,Resolved,Yes,Closed
1436,45815,9329,2025-06-27,Duplicate Order,15797.88,Rejected,Passed,Drop,Warehouse A,Sealed,Refund,Yes,11,UPI,Excellent,West,Resolved,No,Closed
1437,40265,782,2025-01-19,Quality Issue,75502.9,Completed,Passed,Drop,Warehouse A,Sealed,Refund,No,8,Bank Transfer,Average,East,Pending,No,Active
1438,28579,3884,2025-06-16,Quality Issue,102580.84,Rejected,Passed,Pickup,Warehouse B,Opened,Replacement,No,12,UPI,Average,South,Pending,No,Closed
1439,6785,4553,2025-08-06,Missing Parts,22025.38,Completed,Failed,Pickup,Warehouse A,Sealed,Replacement,Yes,6,UPI,Excellent,South,Pending,Yes,Closed
1440,12415,1472,2025-11-14,Not as Described,83657.7,Rejected,Failed,Pickup,Warehouse A,Sealed,Replacement,Yes,6,UPI,Poor,South,Resolved,No,Closed
1441,3569,2256,2026-07-22,Damaged Product,71641.86,Pending,Passed,Pickup,Warehouse C,Opened,Replacement,No,14,UPI,Excellent,North,Resolved,Yes,Active
1442,14920,2152,2025-09-01,Late Delivery,18975.35,Rejected,Passed,Pickup,Warehouse B,Opened,Refund,No,6,UPI,Good,West,Pending,No,Closed
1443,6184,6908,2026-06-28,Quality Issue,77853.53,Pending,Passed,Pickup,Warehouse C,Sealed,Refund,Yes,14,Bank Transfer,Average,West,Pending,No,Closed
1444,35720,3644,2025-03-12,Quality Issue,86840.62,Completed,Failed,Drop,Warehouse C,Sealed,Replacement,No,4,Wallet,Excellent,North,Resolved,Yes,Closed
1445,39739,5951,2025-05-25,Late Delivery,96989.05,Pending,Failed,Drop,Warehouse B,Sealed,Refund,Yes,10,Wallet,,South,Resolved,No,Closed
1446,32022,4807,2025-01-15,Missing Parts,18273.58,Pending,Passed,Pickup,Warehouse B,Opened,Replacement,Yes,5,Wallet,Poor,North,Pending,Yes,Closed
1447,3576,6741,2025-06-24,Quality Issue,63473.68,Pending,Failed,Pickup,Warehouse A,Opened,Replacement,Yes,6,Wallet,Average,North,Resolved,No,Active
1448,7749,2846,2025-12-09,Not as Described,30759.8,Completed,Pending,Pickup,Warehouse B,Sealed,Refund,No,7,UPI,Average,West,Resolved,No,Active
1449,46298,6727,2025-09-04,Wrong Item Delivered,81253.79,Completed,Passed,Drop,Warehouse B,Sealed,Replacement,Yes,12,Bank Transfer,Average,East,Resolved,Yes,Closed
1450,18466,9126,2025-03-17,Not as Described,9470.49,Rejected,Passed,Drop,Warehouse C,Sealed,Refund,Yes,13,Wallet,Poor,West,Pending,No,Active
1451,47800,418,2025-03-15,Wrong Item Delivered,26725.55,Rejected,Passed,Pickup,Warehouse B,Sealed,Replacement,No,7,Wallet,,East,Pending,Yes,Active
1452,12901,6954,2025-11-15,Not as Described,43800.68,Pending,Pending,Pickup,Warehouse C,Sealed,Refund,Yes,13,Wallet,Excellent,South,Resolved,Yes,Closed
1453,15568,8217,2025-05-08,Late Delivery,100183.61,Completed,Passed,Drop,Warehouse A,Opened,Refund,No,5,Bank Transfer,Excellent,South,Resolved,No,Active
1454,32039,7749,2026-03-29,Missing Parts,17886.32,Pending,Failed,Pickup,Warehouse B,Opened,Replacement,No,15,UPI,,South,Pending,Yes,Active
1455,1102,1844,2025-12-25,Quality Issue,12296.95,Completed,Pending,Pickup,Warehouse B,Opened,Refund,No,10,UPI,Good,South,Pending,No,Active
1456,14601,4632,2025-12-14,Not as Described,57488.13,Rejected,Passed,Pickup,Warehouse C,Opened,Replacement,No,14,Bank Transfer,Excellent,East,Pending,No,Active
1457,22744,1716,2025-05-05,Not as Described,81861.02,Pending,Failed,Pickup,Warehouse A,Opened,Refund,Yes,1,Wallet,Poor,East,Resolved,Yes,Active
1458,5071,7066,2026-08-01,Missing Parts,67331.62,Rejected,Pending,Pickup,Warehouse A,Sealed,Replacement,No,8,UPI,Good,North,Pending,Yes,Closed
1459,1586,6746,2025-04-12,Not as Described,138282.16,Completed,Failed,Pickup,Warehouse A,Sealed,Refund,Yes,7,UPI,Average,East,Resolved,No,Active
1460,16989,4175,2026-02-18,Damaged Product,58945.95,Rejected,Failed,Drop,Warehouse C,Opened,Refund,No,5,UPI,Poor,West,Pending,Yes,Closed
1461,47841,4971,2024-09-09,Duplicate Order,79265.23,Rejected,Passed,Drop,Warehouse A,Opened,Refund,Yes,12,Bank Transfer,Good,East,Pending,No,Closed
1462,16371,5493,2026-05-06,Not as Described,30843.34,Pending,Failed,Drop,Warehouse C,Opened,Refund,Yes,10,Wallet,Poor,East,Resolved,No,Closed
1463,1619,6492,2026-02-04,Duplicate Order,18901.79,Pending,Passed,Drop,Warehouse C,Opened,Refund,No,13,Bank Transfer,Average,South,Resolved,Yes,Active
1464,49127,3863,2026-06-24,Missing Parts,3603.51,Completed,Passed,Pickup,Warehouse A,Opened,Refund,No,10,Bank Transfer,Average,South,Pending,Yes,Active
1465,22201,8282,2026-04-15,Not as Described,10825.84,Pending,Pending,Pickup,Warehouse A,Opened,Replacement,No,5,UPI,Good,East,Pending,No,Closed
1466,16968,9562,2024-12-19,Quality Issue,82298.64,Completed,Passed,Drop,Warehouse C,Sealed,Refund,No,11,Wallet,Average,North,Pending,Yes,Closed
1467,32094,1844,2025-04-30,Late Delivery,50263.29,Rejected,Pending,Drop,Warehouse C,Sealed,Replacement,No,8,Wallet,Average,West,Resolved,No,Closed
1468,34108,9014,2025-05-02,Changed Mind,83395.95,Rejected,Failed,Pickup,Warehouse C,Opened,Refund,No,3,UPI,Poor,North,Resolved,Yes,Active
1469,1168,2989,2025-09-02,Missing Parts,1747.92,Completed,Passed,Pickup,Warehouse B,Sealed,Replacement,No,12,Bank Transfer,Poor,East,Pending,No,Closed
1470,12317,1789,2024-10-12,Duplicate Order,20425.15,Pending,Failed,Pickup,Warehouse A,Sealed,Replacement,No,5,UPI,Excellent,North,Pending,No,Closed
1471,24419,5367,2025-07-25,Missing Parts,7681.47,Rejected,Passed,Drop,Warehouse C,Opened,Replacement,Yes,7,Bank Transfer,Average,East,Pending,Yes,Active
1472,37978,7424,2025-03-15,Changed Mind,48112.33,Pending,Passed,Drop,Warehouse B,Opened,Refund,Yes,4,Wallet,Poor,West,Resolved,Yes,Closed
1473,11831,2847,2025-02-21,Damaged Product,97532.95,Rejected,Passed,Drop,Warehouse A,Opened,Replacement,Yes,1,Wallet,Average,East,Resolved,Yes,Closed
1474,36034,2187,2025-12-27,Duplicate Order,19162.22,Rejected,Passed,Pickup,Warehouse A,Sealed,Refund,Yes,5,Wallet,,West,Resolved,No,Closed
1475,26909,817,2024-12-27,Not as Described,80887.51,Completed,Failed,Drop,Warehouse A,Sealed,Refund,Yes,6,Bank Transfer,Average,North,Pending,No,Active
1476,7848,1995,2026-06-03,Missing Parts,73893.04,Rejected,Failed,Drop,Warehouse C,Opened,Replacement,No,11,Wallet,,East,Resolved,No,Active
1477,25453,1345,2026-07-18,Missing Parts,3494.77,Completed,Passed,Drop,Warehouse B,Opened,Refund,Yes,2,Bank Transfer,Good,East,Pending,Yes,Closed
1478,19602,3310,2026-03-18,Quality Issue,26768.56,Completed,Passed,Pickup,Warehouse C,Sealed,Replacement,No,5,Wallet,Poor,West,Pending,No,Active
1479,24859,4217,2025-03-06,Missing Parts,17731.01,Rejected,Failed,Pickup,Warehouse A,Opened,Refund,No,13,Wallet,Poor,East,Resolved,No,Active
1480,27856,5409,2026-01-03,Late Delivery,97454.52,Completed,Failed,Pickup,Warehouse C,Sealed,Replacement,No,3,Bank Transfer,Poor,West,Pending,Yes,Active
1481,49863,6966,2025-08-03,Late Delivery,125200.69,Rejected,Passed,Drop,Warehouse B,Opened,Refund,Yes,6,UPI,Excellent,West,Resolved,No,Active
1482,29396,8607,2026-04-02,Duplicate Order,28292.55,Pending,Pending,Drop,Warehouse B,Opened,Replacement,Yes,4,UPI,Poor,South,Resolved,No,Active
1483,3883,7723,2026-03-22,Damaged Product,107221.04,Completed,Passed,Pickup,Warehouse B,Opened,Refund,No,6,Bank Transfer,Poor,North,Pending,No,Closed
1484,13902,587,2025-09-07,Changed Mind,6419.46,Completed,Pending,Drop,Warehouse B,Sealed,Replacement,No,4,Wallet,Excellent,North,Pending,Yes,Closed
1485,4397,4992,2025-11-14,Wrong Item Delivered,34788.03,Pending,Failed,Pickup,Warehouse C,Sealed,Replacement,No,3,Bank Transfer,Good,East,Pending,No,Active
1486,21512,2761,2026-02-15,Quality Issue,10636.93,Completed,Pending,Drop,Warehouse B,Opened,Refund,Yes,10,Bank Transfer,Excellent,South,Resolved,Yes,Closed
1487,6267,8419,2024-10-06,Wrong Item Delivered,55727.65,Completed,Pending,Drop,Warehouse C,Opened,Refund,Yes,11,Bank Transfer,Excellent,West,Pending,Yes,Active
1488,28683,6431,2024-08-25,Quality Issue,23637.07,Completed,Failed,Pickup,Warehouse C,Opened,Replacement,Yes,4,Bank Transfer,Poor,East,Pending,Yes,Active
1489,20066,1909,2024-12-30,Missing Parts,48467.31,Pending,Failed,Drop,Warehouse C,Sealed,Refund,Yes,6,Bank Transfer,Poor,North,Pending,No,Active
1490,28545,946,2025-09-18,Quality Issue,41340.14,Rejected,Passed,Pickup,Warehouse B,Sealed,Replacement,Yes,11,Bank Transfer,Poor,North,Pending,Yes,Active
1491,10946,2140,2025-01-29,Late Delivery,69636.76,Rejected,Failed,Drop,Warehouse B,Opened,Replacement,No,9,Wallet,Good,North,Resolved,No,Active
1492,31750,4447,2026-06-23,Damaged Product,61939.25,Rejected,Pending,Pickup,Warehouse A,Opened,Replacement,Yes,4,Bank Transfer,Poor,North,Pending,No,Active
1493,6077,3376,2024-11-21,Not as Described,8061.45,Pending,Pending,Drop,Warehouse C,Opened,Refund,Yes,11,Bank Transfer,Average,East,Pending,No,Closed
1494,21232,2612,2024-11-05,Changed Mind,103691.25,Completed,Passed,Drop,Warehouse C,Sealed,Replacement,Yes,2,Bank Transfer,Good,South,Pending,No,Active
1495,25732,3258,2026-06-29,Late Delivery,74107.64,Completed,Failed,Drop,WAREHOUSE B,Sealed,Refund,Yes,11,Bank Transfer,Good,North,Pending,Yes,Active
1496,1979,3210,2024-09-30,Wrong Item Delivered,63809.82,Pending,Pending,Drop,Warehouse C,Sealed,Refund,Yes,4,UPI,Average,North,Pending,No,Active
1497,13623,3685,2025-10-25,Changed Mind,35332.28,Rejected,Passed,Drop,Warehouse B,Opened,Replacement,Yes,5,Bank Transfer,Poor,West,Pending,No,Active
1498,24874,555,2026-07-14,Duplicate Order,70719.85,Rejected,Failed,Pickup,Warehouse C,Sealed,Replacement,Yes,7,UPI,Poor,North,Pending,Yes,Active
1499,38814,1574,2026-05-13,Wrong Item Delivered,47935.26,Pending,Pending,Pickup,Warehouse C,Sealed,Refund,Yes,13,Bank Transfer,Average,West,Pending,Yes,Closed
1500,38730,1074,2024-09-29,Not as Described,23547.95,Pending,Failed,Pickup,Warehouse C,Opened,Refund,No,5,Wallet,Good,South,Resolved,Yes,Closed
1501,37037,9144,2026-07-17,Damaged Product,53299.03,Rejected,Pending,Drop,Warehouse C,Opened,Refund,Yes,7,Bank Transfer,Poor,West,Resolved,No,Closed
1502,23807,3688,2025-10-09,Wrong Item Delivered,13447.91,Completed,Passed,Drop,Warehouse C,Sealed,Refund,No,3,UPI,Good,South,Resolved,Yes,Closed
1503,33396,9806,2025-12-15,Damaged Product,74512.85,Completed,Passed,Drop,Warehouse B,Opened,Replacement,No,6,Wallet,Excellent,North,Pending,No,Active
1504,35070,3369,2025-04-05,Changed Mind,49224.42,Pending,Failed,Pickup,Warehouse B,Sealed,Refund,Yes,4,UPI,Average,North,Pending,No,Closed
1505,10655,1538,2025-02-26,Changed Mind,100735.85,Completed,Failed,Pickup,Warehouse A,Sealed,Refund,No,13,UPI,Poor,South,Resolved,No,Closed
1506,14884,6878,2025-09-25,Duplicate Order,91666.7,Pending,Pending,Pickup,Warehouse C,Opened,Replacement,No,7,Bank Transfer,Excellent,East,Resolved,Yes,Active
1507,32543,8054,2025-08-25,Duplicate Order,7962.08,Completed,Passed,Drop,Warehouse B,Opened,Refund,No,13,Bank Transfer,Average,West,Pending,Yes,Active
1508,8504,6354,2025-07-28,Late Delivery,61787.89,Rejected,Passed,Drop,Warehouse B,Opened,Refund,Yes,5,Bank Transfer,Average,West,Resolved,No,Closed
1509,27975,5397,2026-06-06,Late Delivery,18746.19,Completed,Failed,Pickup,Warehouse A,Sealed,Replacement,No,10,Bank Transfer,Good,North,Resolved,Yes,Closed
1510,13977,9861,2025-07-24,Changed Mind,25181.28,Completed,Failed,Drop,Warehouse C,Sealed,Replacement,Yes,9,UPI,Excellent,East,Resolved,Yes,Active
1511,25910,9536,2026-05-15,Not as Described,106910.25,Completed,Passed,Drop,Warehouse A,Opened,Replacement,Yes,2,Bank Transfer,Good,West,Pending,No,Active
1512,38468,7204,2025-07-28,Damaged Product,6032.99,Pending,Pending,Pickup,Warehouse C,Sealed,Refund,Yes,10,Wallet,Poor,East,Pending,No,Active
1513,30081,5738,2024-10-18,Damaged Product,79143.26,Pending,Pending,Pickup,Warehouse A,Sealed,Refund,Yes,15,Wallet,Excellent,East,Pending,Yes,Active
1514,28050,5108,2025-07-03,Damaged Product,52020.53,Completed,Passed,Pickup,Warehouse A,Sealed,Replacement,No,15,Wallet,Excellent,East,Resolved,Yes,Closed
1515,11176,1941,2025-10-17,Changed Mind,82164.07,Completed,Passed,Drop,Warehouse B,Sealed,Refund,Yes,6,UPI,Average,East,Resolved,Yes,Active
1516,28385,4082,2025-05-31,Late Delivery,87202.2,Completed,Pending,Pickup,Warehouse A,Opened,Refund,No,1,UPI,Average,South,Resolved,Yes,Active
1517,35667,3800,2025-04-27,Quality Issue,95893.54,Rejected,Passed,Pickup,Warehouse C,Opened,Refund,Yes,13,UPI,,East,Resolved,Yes,Active
1518,10389,7737,2025-03-01,Quality Issue,25515.44,Pending,Passed,Drop,Warehouse A,Opened,Refund,Yes,12,Wallet,Average,East,Pending,No,Closed
1519,25027,8864,2026-02-15,Quality Issue,66445.56,Rejected,Failed,Drop,Warehouse B,Sealed,Replacement,Yes,3,Bank Transfer,Poor,West,Resolved,No,Active
1520,42364,6513,2024-12-13,Duplicate Order,34503.87,Completed,Failed,Drop,Warehouse C,Sealed,Refund,No,11,Wallet,Average,South,Pending,Yes,Closed
1521,20738,5699,2025-11-25,Wrong Item Delivered,44917.94,Pending,Pending,Pickup,Warehouse B,Sealed,Replacement,No,10,UPI,Average,West,Pending,Yes,Closed
1522,8134,5771,2024-09-03,Damaged Product,4566.66,Rejected,Failed,Drop,Warehouse B,Opened,Replacement,No,13,Bank Transfer,Good,South,Pending,No,Active
1523,7414,522,2025-08-14,Changed Mind,127035.31,Pending,Failed,Drop,Warehouse C,Opened,Replacement,Yes,9,Wallet,Poor,South,Pending,Yes,Active
1524,7322,4301,2025-10-15,Missing Parts,14101.25,Pending,Pending,Pickup,Warehouse B,Opened,Replacement,No,2,UPI,Poor,West,Resolved,Yes,Closed
1525,15111,343,2026-03-24,Changed Mind,4584.27,Pending,Pending,Drop,Warehouse C,Sealed,Refund,Yes,7,UPI,,South,Pending,No,Active
1526,41711,1572,2025-10-25,Wrong Item Delivered,43931.98,Pending,Passed,Drop,Warehouse A,Opened,Refund,No,15,Wallet,Good,West,Resolved,Yes,Active
1527,40428,2134,2025-06-02,Late Delivery,58399.57,Pending,Passed,Drop,Warehouse A,Sealed,Refund,Yes,2,Bank Transfer,Poor,West,Resolved,Yes,Closed
1528,8291,7276,2024-12-21,Late Delivery,88765.03,Completed,Passed,Pickup,Warehouse B,Sealed,Refund,No,13,Bank Transfer,Poor,South,Pending,No,Active
1529,8618,8718,2024-11-29,Quality Issue,46758.89,Pending,Pending,Drop,Warehouse B,Sealed,Refund,Yes,10,UPI,Poor,South,Pending,Yes,Active
1530,8682,6873,2026-03-04,Changed Mind,24543.91,Rejected,Pending,Pickup,Warehouse C,Opened,Refund,No,12,Bank Transfer,Average,West,Resolved,No,Closed
1531,18491,1792,2025-06-21,Late Delivery,45337.25,Completed,Failed,Pickup,Warehouse C,Opened,Refund,Yes,7,UPI,Good,East,Resolved,Yes,Closed
1532,38638,2097,2025-04-01,Changed Mind,109043.77,Rejected,Pending,Pickup,Warehouse A,Opened,Refund,Yes,5,Bank Transfer,Good,West,Pending,No,Active
1533,14225,2946,2025-07-18,Wrong Item Delivered,78858.25,Pending,Passed,Drop,Warehouse A,Opened,Refund,No,8,Wallet,Good,North,Resolved,No,Active
1534,8718,4655,2025-05-31,Changed Mind,78577.08,Rejected,Pending,Pickup,Warehouse A,Opened,Replacement,Yes,15,UPI,Good,West,Pending,Yes,Closed
1535,18857,8455,2026-06-22,Damaged Product,49974.75,Rejected,Passed,Pickup,Warehouse A,Sealed,Refund,Yes,14,UPI,Average,East,Pending,No,Active
1536,31749,7037,2026-06-14,Late Delivery,31258.7,Completed,Failed,Pickup,Warehouse C,Sealed,Refund,No,14,Wallet,Excellent,South,Pending,Yes,Active
1537,3749,1905,2025-05-06,Wrong Item Delivered,109984.32,Rejected,Passed,Drop,Warehouse A,Opened,Refund,Yes,10,Wallet,Average,North,Resolved,No,Closed
1538,28923,4422,2026-02-04,Quality Issue,93066.76,Rejected,Pending,Pickup,Warehouse B,Opened,Refund,Yes,14,Wallet,Poor,East,Pending,Yes,Closed
1539,3555,7005,2025-02-15,Late Delivery,43740.32,Pending,Failed,Drop,Warehouse B,Sealed,Replacement,No,4,Wallet,Excellent,South,Resolved,Yes,Closed
1540,1829,254,2025-06-21,Wrong Item Delivered,82749.02,Rejected,Failed,Pickup,Warehouse C,Sealed,Refund,Yes,11,UPI,Excellent,East,Pending,Yes,Active
1541,28553,1229,2025-05-23,Duplicate Order,3996.69,Completed,Failed,Pickup,Warehouse B,Sealed,Refund,No,2,Bank Transfer,Average,East,Pending,Yes,Closed
1542,14937,2088,2024-11-24,Not as Described,24825.51,Rejected,Failed,Pickup,Warehouse A,Opened,Replacement,No,8,Wallet,Excellent,West,Pending,No,Closed
1543,44397,7004,2026-04-18,Late Delivery,74567.82,Completed,Passed,Drop,Warehouse A,Sealed,Replacement,No,6,Wallet,Poor,South,Pending,No,Closed
1544,41164,6899,2025-06-24,Quality Issue,68927.82,Pending,Pending,Pickup,Warehouse B,Opened,Replacement,No,3,Wallet,,West,Pending,Yes,Closed
1545,49816,6419,2026-08-01,Not as Described,90515.03,Completed,Pending,Pickup,Warehouse A,Sealed,Replacement,Yes,14,UPI,Excellent,West,Pending,Yes,Closed
1546,16380,6109,2025-05-19,Not as Described,79120.92,Completed,Passed,Pickup,Warehouse C,Sealed,Replacement,Yes,11,Bank Transfer,Excellent,West,Resolved,Yes,Active
1547,24618,5312,2025-01-16,Late Delivery,79048.7,Rejected,Pending,Pickup,Warehouse A,Sealed,Refund,Yes,4,UPI,Good,South,Resolved,Yes,Closed
1548,22633,8790,2025-03-09,Not as Described,40130.97,Pending,Passed,Pickup,Warehouse B,Sealed,Refund,Yes,5,UPI,Excellent,East,Pending,Yes,Active
1549,1813,417,2025-10-07,Wrong Item Delivered,96165.39,Rejected,Passed,Pickup,Warehouse B,Opened,Replacement,Yes,6,Bank Transfer,Good,South,Resolved,Yes,Closed
1550,19616,8473,2025-06-24,Duplicate Order,51866.87,Pending,Pending,Pickup,Warehouse C,Sealed,Refund,Yes,3,Wallet,Excellent,North,Resolved,No,Active
1551,33809,884,2024-10-19,Duplicate Order,30528.74,Completed,Failed,Pickup,Warehouse C,Sealed,Refund,Yes,15,Wallet,Average,East,Pending,No,Closed
1552,24257,5262,2025-03-27,Quality Issue,125513.42,Rejected,Passed,Pickup,Warehouse A,Opened,Refund,No,4,Bank Transfer,Poor,North,Resolved,No,Active
1553,18148,9764,2026-01-09,Late Delivery,48811.78,Rejected,Pending,Drop,Warehouse B,Opened,Replacement,Yes,6,Bank Transfer,Average,East,Pending,No,Closed
1554,6515,4099,2025-11-05,Changed Mind,77234.19,Completed,Pending,Pickup,Warehouse B,Sealed,Refund,No,6,UPI,Poor,North,Pending,Yes,Active
1555,22386,1006,2025-12-15,Not as Described,93022.95,Completed,Passed,Drop,Warehouse B,Sealed,Replacement,Yes,2,Bank Transfer,Average,South,Pending,No,Active
1556,40266,698,2025-08-14,Wrong Item Delivered,64838.63,Pending,Pending,Pickup,Warehouse A,Sealed,Refund,Yes,9,Bank Transfer,,West,Pending,Yes,Closed
1557,25454,6668,2025-03-05,Not as Described,47890.91,Pending,Passed,Drop,Warehouse A,Sealed,Refund,Yes,12,UPI,Average,South,Resolved,No,Active
1558,20784,7502,2025-03-15,Wrong Item Delivered,1247.38,Pending,Pending,Pickup,Warehouse B,Opened,Replacement,No,4,Bank Transfer,Excellent,East,Pending,No,Closed
1559,20126,949,2025-04-30,Damaged Product,96117.39,Pending,Passed,Drop,Warehouse C,Sealed,Refund,Yes,5,UPI,Average,West,Resolved,Yes,Active
1560,6326,5796,2026-05-05,Duplicate Order,56731.21,Rejected,Pending,Drop,Warehouse B,Opened,Refund,Yes,6,Wallet,Good,West,Resolved,Yes,Closed
1561,22063,1501,2025-12-23,Quality Issue,31958.64,Rejected,Failed,Drop,Warehouse A,Opened,Replacement,Yes,2,Bank Transfer,Average,South,Resolved,Yes,Active
1562,26262,4096,2025-10-30,Not as Described,64975.4,Rejected,Passed,Pickup,Warehouse B,Opened,Refund,No,7,Wallet,Good,West,Resolved,No,Active
1563,6706,1586,2025-07-26,Damaged Product,19399.71,Completed,Passed,Pickup,Warehouse C,Opened,Refund,No,9,Bank Transfer,Excellent,South,Resolved,Yes,Closed
1564,46663,937,2025-10-02,Damaged Product,92183.38,Completed,Pending,Pickup,Warehouse C,Opened,Refund,No,10,UPI,Poor,West,Resolved,Yes,Active
1565,12706,7637,2024-08-02,Quality Issue,24879.03,Rejected,Pending,Drop,Warehouse B,Opened,Replacement,Yes,3,Bank Transfer,Poor,East,Pending,Yes,Closed
1566,21751,738,2025-12-14,Changed Mind,107788.01,Completed,Pending,Drop,Warehouse C,Opened,Refund,Yes,5,Bank Transfer,Good,South,Resolved,Yes,Closed
1567,24288,4740,2025-02-04,Not as Described,36140.49,Rejected,Passed,Drop,Warehouse B,Sealed,Replacement,No,12,Bank Transfer,Good,West,Resolved,Yes,Closed
1568,2065,956,2025-07-13,Wrong Item Delivered,22749.96,Completed,Pending,Drop,Warehouse B,Sealed,Replacement,No,6,UPI,Average,South,Pending,No,Active
1569,3267,5058,2024-10-20,Quality Issue,9959.36,Rejected,Passed,Drop,Warehouse B,Opened,Replacement,Yes,13,Wallet,Excellent,South,Resolved,Yes,Active
1570,40392,7158,2024-10-02,Not as Described,52762.44,Rejected,Pending,Drop,Warehouse A,Sealed,Replacement,No,4,Bank Transfer,Good,South,Resolved,Yes,Closed
1571,8532,5250,2026-05-16,Quality Issue,66946.1,Completed,Passed,Drop,Warehouse C,Sealed,Replacement,No,4,Bank Transfer,Excellent,North,Pending,Yes,Closed
1572,40071,3532,2026-02-14,Damaged Product,4027.38,Rejected,Passed,Drop,Warehouse B,Opened,Refund,Yes,12,Wallet,Excellent,South,Resolved,No,Closed
1573,40504,114,2025-01-26,Missing Parts,98807.49,Pending,Pending,Pickup,Warehouse A,Sealed,Replacement,Yes,8,Wallet,Good,West,Pending,No,Active
1574,24308,5616,2025-06-16,Late Delivery,3392.99,Rejected,Passed,Pickup,Warehouse A,Opened,Replacement,Yes,14,Bank Transfer,Average,South,Pending,No,Closed
1575,29040,1642,2026-04-26,Late Delivery,76560.31,Pending,Passed,Pickup,Warehouse B,Opened,Replacement,No,6,UPI,Good,West,Pending,No,Closed
1576,30191,3662,2025-12-24,Not as Described,20428.75,Pending,Failed,Drop,Warehouse C,Sealed,Replacement,Yes,3,Bank Transfer,Average,East,Resolved,Yes,Closed
1577,33241,5561,2026-07-13,Duplicate Order,102342.58,Completed,Failed,Pickup,Warehouse C,Sealed,Replacement,No,9,Bank Transfer,Excellent,South,Resolved,No,Active
1578,43876,9544,2026-07-07,Missing Parts,59213.23,Rejected,Failed,Pickup,Warehouse C,Opened,Replacement,Yes,10,Bank Transfer,Good,East,Pending,Yes,Active
1579,25275,2681,2025-12-27,Changed Mind,31707.95,Pending,Pending,Drop,Warehouse A,Opened,Refund,Yes,5,Bank Transfer,Poor,North,Pending,No,Closed
1580,3035,1306,2025-09-02,Quality Issue,67145.36,Pending,Passed,Drop,WAREHOUSE C,Opened,Replacement,Yes,4,UPI,Good,North,Pending,No,Active
1581,18809,2005,2024-11-19,Not as Described,35915.58,Rejected,Pending,Pickup,Warehouse C,Opened,Replacement,No,2,Wallet,Poor,West,Pending,No,Active
1582,18215,2262,2024-11-28,Late Delivery,88645.01,Rejected,Passed,Drop,Warehouse A,Opened,Refund,Yes,3,UPI,Excellent,North,Pending,No,Active
1583,25302,8156,2025-01-28,Late Delivery,86820.17,Completed,Passed,Drop,Warehouse B,Sealed,Refund,Yes,12,Wallet,Poor,West,Resolved,Yes,Closed
1584,46927,6614,2026-02-01,Changed Mind,104826.69,Rejected,Failed,Drop,Warehouse C,Opened,Refund,No,15,Bank Transfer,Average,North,Resolved,Yes,Active
1585,40615,9430,2025-11-07,Wrong Item Delivered,115267.19,Rejected,Passed,Drop,Warehouse A,Opened,Refund,Yes,15,Bank Transfer,Average,West,Resolved,No,Closed
1586,47721,9300,2024-12-26, Damaged Product ,43750.14,Rejected,Passed,Pickup,Warehouse C,Opened,Replacement,No,11,UPI,Excellent,East,Resolved,No,Active
1587,15119,7426,2025-02-25,Missing Parts,82740.19,Rejected,Failed,Pickup,Warehouse C,Opened,Replacement,Yes,9,Wallet,Excellent,East,Resolved,No,Closed
1588,2732,4572,2025-07-08,Damaged Product,52555.3,Completed,Passed,Pickup,Warehouse A,Sealed,Replacement,No,5,Bank Transfer,Excellent,West,Pending,No,Active
1589,19204,6431,2026-06-22,Damaged Product,33308.6,Completed,Failed,Pickup,Warehouse B,Opened,Replacement,Yes,7,UPI,Excellent,East,Pending,No,Closed
1590,2494,4564,2026-01-16,Not as Described,13870.99,Pending,Failed,Drop,Warehouse C,Opened,Refund,Yes,7,UPI,Poor,North,Pending,Yes,Closed
1591,10150,8202,2025-08-25,Late Delivery,10367.59,Pending,Failed,Pickup,Warehouse C,Sealed,Replacement,No,8,Wallet,Good,East,Resolved,No,Active
1592,21957,4775,2025-03-13,Quality Issue,118180.97,Pending,Passed,Drop,Warehouse B,Opened,Refund,No,15,Wallet,Poor,East,Resolved,Yes,Closed
1593,4873,6208,2025-07-25,Missing Parts,83375.1,Pending,Pending,Drop,Warehouse C,Opened,Refund,Yes,1,UPI,Average,South,Resolved,No,Active
1594,43911,5281,2024-09-28,Missing Parts,110480.52,Rejected,Pending,Pickup,Warehouse B,Sealed,Refund,No,13,Wallet,Excellent,South,Pending,Yes,Closed
1595,47858,954,2024-09-17,Late Delivery,101240.16,Completed,Pending,Drop,Warehouse A,Opened,Replacement,Yes,15,Wallet,Excellent,West,Resolved,Yes,Closed
1596,34135,1154,2024-11-10, Not as Described ,68180.46,Rejected,Passed,Pickup,Warehouse C,Sealed,Refund,No,3,Wallet,Poor,West,Resolved,Yes,Active
1597,18964,5483,2025-08-04,Wrong Item Delivered,44138.18,Completed,Passed,Pickup,Warehouse A,Sealed,Refund,Yes,5,Wallet,Average,West,Resolved,Yes,Closed
1598,26583,7848,2026-05-24,Not as Described,89612.15,Pending,Passed,Drop,Warehouse A,Sealed,Refund,No,6,Wallet,Poor,East,Pending,No,Closed
1599,30302,6119,2025-05-18,Missing Parts,63324.65,Rejected,Passed,Pickup,Warehouse B,Sealed,Refund,Yes,10,Wallet,Average,South,Resolved,No,Active
1600,21490,4707,2024-12-28,Duplicate Order,89218.31,Completed,Failed,Pickup,Warehouse C,Opened,Refund,Yes,10,UPI,Average,South,Resolved,No,Active
1601,28193,9782,2024-08-08,Not as Described,50825.39,Rejected,Passed,Drop,Warehouse A,Opened,Replacement,No,13,Wallet,Excellent,North,Pending,Yes,Active
1602,45433,2349,2026-04-04,Quality Issue,5285.85,Pending,Passed,Pickup,Warehouse C,Opened,Refund,No,-5,Wallet,Good,East,Pending,No,Closed
1603,37588,9151,2025-03-08,Late Delivery,107107.37,Completed,Failed,Drop,Warehouse C,Opened,Replacement,No,15,UPI,Good,North,Pending,No,Closed
1604,44748,4271,2026-07-27,Changed Mind,76785.86,Pending,Passed,Drop,Warehouse C,Sealed,Replacement,Yes,13,UPI,Excellent,South,Resolved,No,Active
1605,16576,177,2026-07-29,Missing Parts,114296.82,Pending,Passed,Pickup,Warehouse B,Sealed,Replacement,No,14,Wallet,Good,West,Resolved,No,Active
1606,18871,4511,2026-04-13,Quality Issue,15259.66,Completed,Pending,Drop,Warehouse C,Opened,Refund,No,11,Wallet,,North,Pending,Yes,Active
1607,28090,2147,2026-03-06,Changed Mind,35819.24,Completed,Passed,Drop,Warehouse A,Sealed,Refund,Yes,15,Wallet,Good,South,Pending,No,Active
1608,5570,1601,2025-01-17,Late Delivery,74013.16,Completed,Passed,Pickup,Warehouse A,Opened,Refund,Yes,2,Wallet,Poor,North,Resolved,No,Active
1609,34895,7609,2025-04-29,Late Delivery,33822.76,Pending,Pending,Drop,Warehouse A,Sealed,Refund,Yes,10,Wallet,Good,North,Pending,Yes,Closed
1610,25344,4572,2026-02-28,Late Delivery,89507.86,Pending,Failed,Pickup,Warehouse C,Opened,Refund,Yes,3,Wallet,Poor,North,Pending,No,Closed
1611,5186,4266,2026-05-21,Changed Mind,77811.05,Pending,Passed,Drop,Warehouse C,Opened,Refund,Yes,1,Bank Transfer,Good,South,Resolved,No,Closed
1612,5963,5983,2026-01-14,Not as Described,9890.28,Rejected,Pending,Drop,Warehouse A,Opened,Refund,No,3,Wallet,Poor,South,Pending,No,Closed
1613,8473,6805,2026-05-04,Wrong Item Delivered,17492.84,Pending,Failed,Drop,Warehouse B,Opened,Replacement,No,7,UPI,Good,West,Resolved,No,Closed
1614,27612,9410,2025-01-20,Missing Parts,4874.13,Rejected,Passed,Drop,Warehouse B,Opened,Refund,Yes,7,Bank Transfer,Poor,West,Resolved,Yes,Closed
1615,45667,649,2025-07-11,Missing Parts,18106.29,Pending,Passed,Pickup,Warehouse C,Opened,Replacement,No,10,Wallet,Good,East,Resolved,Yes,Closed
1616,40055,621,2025-05-27,Not as Described,49281.03,Pending,Passed,Drop,Warehouse B,Sealed,Replacement,No,1,Wallet,Good,East,Resolved,No,Active
1617,45024,8875,2025-08-06,Changed Mind,73064.69,Completed,Failed,Pickup,Warehouse B,Sealed,Replacement,Yes,10,UPI,Good,East,Pending,No,Active
1618,21230,8496,2026-05-17,Wrong Item Delivered,83565.53,Rejected,Passed,Drop,Warehouse C,Sealed,Refund,Yes,14,Wallet,Average,North,Resolved,Yes,Closed
1619,4734,6318,2025-09-21,Quality Issue,7989.85,Rejected,Failed,Drop,Warehouse B,Sealed,Refund,Yes,11,UPI,,South,Resolved,Yes,Active
1620,16546,2658,2025-09-25,Duplicate Order,65588.1,Rejected,Passed,Pickup,Warehouse C,Sealed,Refund,No,5,UPI,Excellent,West,Pending,Yes,Active
1621,23592,9594,2026-03-12,Late Delivery,83556.63,Pending,Pending,Pickup,Warehouse A,Opened,Replacement,Yes,15,UPI,Excellent,West,Resolved,Yes,Active
1622,1921,7790,2025-03-18,Quality Issue,78925.93,Pending,Pending,Drop,Warehouse A,Sealed,Replacement,No,4,Bank Transfer,Average,North,Pending,No,Active
1623,15990,1372,2026-01-04,Changed Mind,25569.76,Pending,Failed,Drop,Warehouse B,Sealed,Replacement,Yes,12,Bank Transfer,Poor,South,Pending,No,Closed
1624,35522,425,2026-04-15,Duplicate Order,84484.78,Rejected,Passed,Drop,Warehouse B,Sealed,Replacement,No,15,Wallet,Good,East,Resolved,No,Active
1625,45986,8483,2025-05-01,Duplicate Order,10053.87,Rejected,Pending,Drop,Warehouse C,Opened,Replacement,No,4,Bank Transfer,Poor,East,Pending,Yes,Active
1626,18747,6239,2025-09-01, Not as Described ,18659.15,Pending,Failed,Drop,Warehouse A,Sealed,Refund,Yes,13,Wallet,Poor,South,Pending,No,Active
1627,49850,268,2025-10-15,Missing Parts,98218.34,Rejected,Pending,Drop,Warehouse C,Opened,Replacement,Yes,13,Wallet,Average,East,Resolved,No,Active
1628,22816,808,2026-05-07,Changed Mind,17116.08,Pending,Failed,Pickup,Warehouse C,Opened,Refund,No,4,Bank Transfer,Good,South,Resolved,No,Closed
1629,6421,7176,2024-08-13,Not as Described,17929.72,Completed,Pending,Drop,Warehouse B,Sealed,Refund,Yes,9,UPI,Excellent,West,Resolved,No,Closed
1630,25272,655,2025-02-12,Quality Issue,817.18,Rejected,Pending,Pickup,Warehouse B,Sealed,Refund,Yes,9,UPI,Average,South,Pending,Yes,Active
1631,5837,3685,2026-02-06,Changed Mind,36428.74,Rejected,Pending,Pickup,Warehouse A,Sealed,Replacement,Yes,2,Wallet,Excellent,North,Resolved,Yes,Closed
1632,39024,6558,2025-10-16,Quality Issue,45807.1,Pending,Failed,Pickup,Warehouse B,Sealed,Refund,No,14,Wallet,Poor,South,Pending,Yes,Active
1633,48406,7234,2025-10-09, Late Delivery ,92170.38,Rejected,Passed,Drop,WAREHOUSE B,Sealed,Replacement,Yes,5,Wallet,Poor,North,Resolved,Yes,Closed
1634,7518,9956,2024-09-21,Changed Mind,71480.46,Pending,Failed,Drop,Warehouse C,Opened,Replacement,Yes,15,Bank Transfer,Good,West,Resolved,Yes,Closed
1635,21871,458,2025-03-02,Not as Described,33587.15,Pending,Failed,Pickup,Warehouse A,Opened,Replacement,No,6,Bank Transfer,Good,West,Pending,Yes,Active
1636,35100,544,2026-06-20,Changed Mind,17227.73,Rejected,Passed,Drop,Warehouse B,Opened,Refund,Yes,7,Wallet,Good,North,Pending,Yes,Active
1637,15794,5385,2025-06-22,Duplicate Order,57377.21,Completed,Failed,Drop,Warehouse A,Sealed,Replacement,Yes,12,Bank Transfer,Good,South,Pending,No,Active
1638,14641,2645,2025-05-03,Quality Issue,61603.36,Completed,Failed,Pickup,Warehouse C,Opened,Replacement,No,14,UPI,Average,South,Resolved,Yes,Closed
1639,347,9962,2025-06-14,Missing Parts,81990.27,Pending,Failed,Pickup,Warehouse C,Opened,Refund,Yes,2,UPI,Average,South,Pending,No,Closed
1640,12141,3085,2025-11-20,Quality Issue,2547.65,Rejected,Pending,Pickup,Warehouse A,Sealed,Replacement,Yes,12,Bank Transfer,Average,South,Resolved,Yes,Closed
1641,23700,1200,2025-06-16,Duplicate Order,86973.99,Completed,Passed,Pickup,Warehouse C,Opened,Replacement,No,2,Wallet,Excellent,East,Resolved,No,Active
1642,8867,9668,2026-05-30,Not as Described,117758.86,Rejected,Passed,Drop,Warehouse B,Opened,Replacement,Yes,14,UPI,Excellent,West,Resolved,Yes,Active
1643,22817,689,2025-04-01,Late Delivery,63688.75,Rejected,Passed,Pickup,Warehouse A,Opened,Replacement,Yes,13,Bank Transfer,Poor,South,Pending,No,Closed
1644,41179,411,2026-04-13,Duplicate Order,130546.63,Completed,Pending,Drop,Warehouse B,Opened,Replacement,No,6,Wallet,Excellent,East,Resolved,Yes,Closed
1645,39079,8576,2026-03-21,Damaged Product,16700.99,Completed,Passed,Pickup,Warehouse C,Sealed,Refund,No,9,Wallet,Excellent,South,Pending,No,Active
1646,47013,6996,2025-01-17,Missing Parts,45943.52,Pending,Failed,Pickup,Warehouse A,Opened,Replacement,Yes,10,Wallet,Good,East,Pending,No,Closed
1647,23328,2598,2024-08-11,Quality Issue,81591.91,Completed,Failed,Pickup,Warehouse A,Opened,Refund,Yes,8,UPI,Excellent,North,Pending,Yes,Active
1648,27194,8331,2025-04-25,Damaged Product,53060.12,Completed,Pending,Drop,Warehouse A,Opened,Refund,Yes,4,Wallet,Good,East,Resolved,Yes,Active
1649,49880,6542,2025-11-18,Late Delivery,57612.79,Rejected,Pending,Pickup,Warehouse C,Sealed,Refund,No,4,Bank Transfer,Excellent,South,Resolved,No,Active
1650,29642,2696,2025-11-18,Damaged Product,54913.01,Pending,Pending,Drop,Warehouse C,Sealed,Replacement,No,3,UPI,Excellent,North,Pending,Yes,Active
1651,42314,920,2025-03-15,Wrong Item Delivered,88498.5,Completed,Failed,Pickup,Warehouse B,Opened,Replacement,Yes,5,Wallet,Average,North,Pending,Yes,Active
1652,3385,5038,2025-10-26,Duplicate Order,16352.62,Completed,Passed,Pickup,Warehouse C,Sealed,Replacement,No,5,Bank Transfer,Poor,West,Resolved,No,Closed
1653,41322,3509,2025-11-03,Wrong Item Delivered,98291.58,Rejected,Passed,Drop,Warehouse B,Sealed,Refund,Yes,8,Bank Transfer,,West,Resolved,No,Active
1654,45855,6169,2026-07-10,Wrong Item Delivered,12403,Completed,Pending,Drop,Warehouse B,Sealed,Refund,Yes,6,Bank Transfer,Poor,South,Pending,Yes,Active
1655,46599,2862,2026-07-21,Not as Described,119499.45,Rejected,Failed,Pickup,Warehouse A,Opened,Refund,No,11,Bank Transfer,Excellent,East,Pending,No,Closed
1656,32398,6105,2025-10-05,Late Delivery,49814.05,Rejected,Passed,Pickup,WAREHOUSE B,Opened,Refund,No,7,UPI,Average,South,Resolved,No,Active
1657,47671,790,2024-10-31,Wrong Item Delivered,26292.24,Rejected,Failed,Drop,Warehouse A,Sealed,Replacement,No,1,Bank Transfer,Poor,East,Pending,No,Closed
1658,35704,3973,2025-02-01,Missing Parts,20028.62,Rejected,Pending,Pickup,Warehouse A,Opened,Replacement,Yes,8,Wallet,Good,West,Resolved,Yes,Closed
1659,17146,1433,2025-12-25,Quality Issue,34936.35,Rejected,Pending,Pickup,Warehouse C,Opened,Replacement,Yes,7,Bank Transfer,Good,East,Resolved,Yes,Closed
1660,12798,4652,2026-06-19,Quality Issue,51278.12,Rejected,Passed,Pickup,Warehouse C,Sealed,Refund,Yes,9,UPI,,West,Resolved,Yes,Active
1661,42114,3079,2025-06-13,Not as Described,108180.68,Rejected,Pending,Drop,Warehouse C,Opened,Replacement,No,11,Bank Transfer,Average,West,Pending,No,Active
1662,41173,5790,2025-12-24,Quality Issue,18790.08,Completed,Failed,Pickup,Warehouse A,Sealed,Replacement,No,7,Bank Transfer,Excellent,North,Resolved,No,Active
1663,46358,5161,2024-12-17,Duplicate Order,43655.14,Pending,Passed,Pickup,Warehouse B,Opened,Refund,Yes,10,Bank Transfer,Average,East,Pending,Yes,Closed
1664,8746,890,2026-06-21,Changed Mind,70090.23,Rejected,Failed,Pickup,Warehouse B,Opened,Refund,Yes,9,Wallet,Excellent,West,Resolved,Yes,Active
1665,26434,4520,2026-07-23,Damaged Product,79850.87,Pending,Passed,Drop,Warehouse B,Sealed,Refund,Yes,2,Bank Transfer,Good,South,Pending,Yes,Active
1666,4372,9823,2025-02-09,Duplicate Order,70657.61,Pending,Pending,Pickup,Warehouse A,Sealed,Refund,Yes,8,Wallet,Good,East,Pending,No,Closed
1667,48412,7305,2024-11-30,Missing Parts,52209.98,Completed,Pending,Pickup,Warehouse A,Sealed,Replacement,Yes,10,Wallet,Good,South,Pending,No,Active
1668,46631,1614,2025-09-10,Wrong Item Delivered,53390.08,Rejected,Pending,Pickup,Warehouse B,Opened,Replacement,No,14,Bank Transfer,Good,North,Resolved,Yes,Closed
1669,34937,5097,2025-02-20,Missing Parts,46106.31,Completed,Pending,Drop,Warehouse B,Sealed,Refund,Yes,12,Wallet,Average,East,Resolved,Yes,Closed
1670,30033,1567,2025-11-09,Damaged Product,39555.29,Rejected,Passed,Pickup,Warehouse B,Sealed,Replacement,Yes,11,Wallet,Poor,East,Pending,No,Active
1671,15483,7351,2025-04-01,Damaged Product,22200.07,Rejected,Pending,Pickup,WAREHOUSE C,Opened,Replacement,No,11,UPI,Average,North,Pending,No,Active
1672,28016,3126,2025-08-02,Late Delivery,109677.33,Rejected,Failed,Pickup,Warehouse B,Sealed,Refund,No,12,UPI,Excellent,West,Resolved,No,Active
1673,13588,2550,2024-11-23,Changed Mind,129590.81,Completed,Pending,Pickup,Warehouse C,Opened,Replacement,Yes,12,Wallet,Good,North,Pending,Yes,Active
1674,26964,5215,2026-05-05,Duplicate Order,31019.37,Pending,Passed,Pickup,Warehouse C,Opened,Replacement,No,5,UPI,Average,East,Resolved,Yes,Active
1675,44798,4671,2026-08-06,Duplicate Order,57359.3,Completed,Pending,Drop,Warehouse B,Sealed,Replacement,Yes,2,Wallet,Poor,North,Pending,No,Closed
1676,12136,3193,2026-03-11,Changed Mind,48259.86,Completed,Failed,Drop,Warehouse B,Opened,Refund,Yes,8,UPI,Average,East,Resolved,No,Closed
1677,27499,1777,2025-08-29,Damaged Product,120902.23,Rejected,Passed,Drop,Warehouse A,Opened,Refund,Yes,6,Bank Transfer,Average,East,Resolved,Yes,Active
1678,48699,6419,2024-12-17,Late Delivery,28037.26,Pending,Failed,Drop,Warehouse B,Sealed,Refund,Yes,10,Bank Transfer,Good,South,Pending,Yes,Closed
1679,21167,9945,2025-04-25,Late Delivery,9444.08,Rejected,Pending,Pickup,Warehouse C,Opened,Replacement,Yes,5,Wallet,Good,East,Resolved,No,Closed
1680,38227,3603,2026-02-16,Late Delivery,43882.77,Pending,Failed,Pickup,Warehouse A,Sealed,Refund,Yes,5,UPI,Poor,East,Resolved,No,Closed
1681,22710,6002,2025-11-19,Damaged Product,61022.47,Rejected,Failed,Drop,Warehouse B,Opened,Replacement,Yes,12,Wallet,Good,West,Resolved,No,Closed
1682,6031,7581,2024-11-22,Late Delivery,4330.03,Pending,Passed,Drop,Warehouse A,Sealed,Replacement,No,14,Wallet,Excellent,South,Pending,No,Closed
1683,33088,3397,2025-01-06,Wrong Item Delivered,85898.76,Pending,Failed,Drop,Warehouse A,Sealed,Replacement,Yes,13,Wallet,Good,North,Resolved,No,Closed
1684,49511,1152,2025-05-19,Not as Described,5848.46,Completed,Failed,Drop,Warehouse C,Sealed,Replacement,No,7,Bank Transfer,Average,West,Resolved,No,Active
1685,44561,1992,2024-08-21,Damaged Product,36971.76,Pending,Pending,Pickup,Warehouse A,Sealed,Replacement,Yes,2,UPI,Good,East,Pending,Yes,Closed
1686,31254,5239,2026-02-02,Duplicate Order,59317.21,Pending,Failed,Drop,Warehouse A,Sealed,Refund,No,1,Wallet,Excellent,West,Pending,No,Closed
1687,49978,8281,2026-06-01,Quality Issue,117304.94,Completed,Failed,Pickup,Warehouse B,Sealed,Replacement,Yes,15,Bank Transfer,Average,North,Pending,No,Closed
1688,13777,6013,2025-12-28,Late Delivery,8478.82,Pending,Failed,Drop,Warehouse A,Opened,Replacement,Yes,13,Wallet,Poor,North,Pending,Yes,Closed
1689,40214,1473,2026-02-25,Changed Mind,56233.68,Completed,Passed,Drop,Warehouse A,Opened,Replacement,No,7,Wallet,Good,West,Pending,Yes,Closed
1690,12481,4885,2026-06-19,Changed Mind,2251.21,Rejected,Passed,Drop,Warehouse C,Opened,Replacement,Yes,6,Wallet,Average,South,Resolved,Yes,Active
1691,15223,1612,2025-02-12,Quality Issue,78173.65,Pending,Pending,Drop,Warehouse C,Sealed,Refund,Yes,1,Bank Transfer,Average,South,Pending,No,Closed
1692,38189,3656,2025-08-23,Not as Described,82167.61,Completed,Passed,Drop,Warehouse B,Sealed,Refund,Yes,4,Wallet,,South,Pending,No,Closed
1693,3065,9233,2026-01-14,Changed Mind,121778.29,Pending,Pending,Drop,Warehouse C,Opened,Refund,Yes,9,UPI,Good,South,Resolved,No,Closed
1694,17455,6042,2025-08-30,Not as Described,3293.92,Rejected,Pending,Pickup,Warehouse B,Opened,Refund,No,5,Bank Transfer,Average,West,Pending,No,Active
1695,48293,6074,2024-12-27,Quality Issue,104395.6,Pending,Passed,Drop,Warehouse B,Sealed,Refund,No,14,Bank Transfer,Average,West,Pending,No,Closed
1696,9657,5935,2025-12-04,Changed Mind,90296.01,Rejected,Pending,Drop,Warehouse A,Sealed,Refund,No,12,Bank Transfer,Average,North,Resolved,No,Closed
1697,37208,1711,2026-01-19,Not as Described,30079.96,Pending,Passed,Drop,Warehouse A,Opened,Replacement,No,8,Bank Transfer,Excellent,East,Pending,No,Active
1698,3840,9774,2024-10-19,Duplicate Order,19566.91,Pending,Passed,Pickup,Warehouse A,Opened,Refund,Yes,10,Bank Transfer,Excellent,West,Pending,No,Closed
1699,21527,2487,2025-11-05,Late Delivery,94249.56,Rejected,Failed,Drop,Warehouse B,Opened,Replacement,No,6,UPI,Average,South,Resolved,Yes,Closed
1700,26410,5800,2025-07-31,Damaged Product,97919.68,Completed,Failed,Drop,Warehouse A,Opened,Refund,Yes,12,UPI,Average,East,Pending,Yes,Active
1701,40618,9528,2026-05-14,Missing Parts,37730.02,Pending,Passed,Pickup,Warehouse C,Opened,Replacement,Yes,12,Bank Transfer,Average,West,Pending,Yes,Closed
1702,5734,6484,2026-04-12,Not as Described,27522.82,Pending,Passed,Drop,Warehouse C,Sealed,Refund,No,12,Bank Transfer,Poor,West,Pending,Yes,Active
1703,46057,9271,2025-12-23,Quality Issue,11621.84,Pending,Failed,Drop,Warehouse C,Sealed,Refund,Yes,5,Wallet,Good,South,Resolved,Yes,Active
1704,13483,6973,2025-02-17,Not as Described,6447.33,Pending,Failed,Pickup,Warehouse B,Sealed,Replacement,Yes,10,Wallet,,South,Resolved,Yes,Closed
1705,2274,1884,2025-01-08,Late Delivery,47170.71,Completed,Pending,Drop,Warehouse B,Opened,Replacement,No,5,Bank Transfer,Good,South,Resolved,No,Closed
1706,15071,6296,2024-12-16,Duplicate Order,20651.81,Completed,Failed,Drop,Warehouse B,Sealed,Refund,Yes,4,Bank Transfer,Average,East,Resolved,Yes,Active
1707,20772,4904,2025-03-03,Not as Described,1129.58,Rejected,Passed,Drop,Warehouse A,Sealed,Replacement,No,15,Bank Transfer,Poor,East,Resolved,Yes,Active
1708,31473,6403,2025-11-25,Wrong Item Delivered,32995.85,Rejected,Pending,Pickup,Warehouse A,Opened,Replacement,No,4,Bank Transfer,Poor,East,Resolved,No,Active
1709,10420,1313,2025-04-05,Duplicate Order,47173.37,Rejected,Passed,Pickup,Warehouse B,Sealed,Replacement,Yes,13,Wallet,,North,Resolved,No,Closed
1710,32454,1690,2024-09-28,Wrong Item Delivered,87638.94,Pending,Failed,Drop,Warehouse C,Opened,Refund,Yes,14,UPI,Good,East,Resolved,Yes,Active
1711,26486,4926,2024-08-20,Wrong Item Delivered,72955.2,Pending,Failed,Pickup,Warehouse B,Opened,Refund,No,15,UPI,Excellent,East,Pending,Yes,Active
1712,17174,3117,2025-02-22,Wrong Item Delivered,61863.89,Completed,Passed,Drop,Warehouse A,Sealed,Refund,No,2,UPI,Average,West,Resolved,Yes,Active
1713,21986,183,2025-06-01,Duplicate Order,87258.05,Pending,Passed,Pickup,Warehouse A,Sealed,Refund,Yes,4,UPI,Average,East,Resolved,No,Closed
1714,38681,8544,2026-07-23,Wrong Item Delivered,37939.89,Completed,Pending,Drop,Warehouse B,Sealed,Replacement,No,8,Bank Transfer,Poor,South,Pending,No,Closed
1715,28836,3646,2026-06-22,Quality Issue,69097.66,Rejected,Pending,Pickup,Warehouse A,Sealed,Replacement,No,3,UPI,Poor,East,Resolved,Yes,Active
1716,35691,7015,2024-09-21,Missing Parts,23902.43,Rejected,Failed,Pickup,Warehouse A,Opened,Refund,Yes,11,Bank Transfer,Good,North,Pending,Yes,Closed
1717,4198,9356,2025-04-18,Quality Issue,67136.65,Completed,Pending,Pickup,Warehouse C,Sealed,Replacement,No,3,Wallet,Poor,West,Resolved,Yes,Active
1718,32594,4678,2026-05-18,Wrong Item Delivered,84544.81,Rejected,Passed,Pickup,Warehouse B,Opened,Refund,No,8,UPI,Good,West,Resolved,Yes,Active
1719,46115,1723,2024-11-05,Not as Described,43950.77,Pending,Pending,Drop,Warehouse C,Sealed,Refund,No,13,UPI,Poor,North,Resolved,No,Active
1720,8221,6957,2026-08-05,Damaged Product,79910.21,Pending,Pending,Pickup,Warehouse C,Opened,Replacement,Yes,13,Bank Transfer,,East,Resolved,Yes,Active
1721,37297,9120,2026-04-03,Duplicate Order,12732,Pending,Failed,Drop,Warehouse B,Sealed,Replacement,Yes,12,Wallet,Excellent,East,Resolved,No,Closed
1722,8280,7706,2025-05-22,Changed Mind,144902.05,Completed,Passed,Pickup,Warehouse B,Sealed,Replacement,No,13,UPI,Good,West,Pending,No,Closed
1723,26899,5869,2026-01-10,Late Delivery,106781.43,Completed,Passed,Drop,Warehouse C,Opened,Replacement,Yes,15,UPI,Excellent,North,Resolved,Yes,Closed
1724,28763,2439,2025-12-07,Not as Described,95204.47,Rejected,Failed,Drop,Warehouse A,Opened,Refund,Yes,4,Bank Transfer,Excellent,East,Pending,Yes,Active
1725,16088,89,2025-08-03,Changed Mind,36171.07,Completed,Pending,Pickup,Warehouse B,Sealed,Refund,No,4,Bank Transfer,Poor,South,Resolved,No,Active
1726,10509,1222,2025-12-09,Late Delivery,60090.46,Rejected,Passed,Drop,Warehouse C,Opened,Refund,No,8,UPI,Average,West,Pending,No,Closed
1727,37852,5623,2025-05-29,Quality Issue,84661.26,Pending,Pending,Pickup,Warehouse A,Opened,Refund,Yes,9,UPI,,South,Pending,Yes,Active
1728,15869,649,2025-06-28,Duplicate Order,31148.98,Pending,Pending,Drop,Warehouse C,Sealed,Replacement,No,11,Bank Transfer,Excellent,West,Pending,No,Active
1729,18187,6450,2025-12-14,Changed Mind,66524.47,Rejected,Failed,Drop,Warehouse B,Opened,Refund,Yes,6,Wallet,Good,North,Pending,No,Closed
1730,8386,8155,2024-12-06,Duplicate Order,25120.5,Rejected,Pending,Pickup,Warehouse C,Sealed,Replacement,No,5,UPI,Excellent,East,Pending,Yes,Closed
1731,138,9156,2026-06-18,Wrong Item Delivered,21780.26,Rejected,Pending,Pickup,Warehouse C,Sealed,Replacement,No,6,UPI,Average,West,Pending,No,Active
1732,15478,4895,2024-09-03,Missing Parts,88832.28,Pending,Passed,Drop,Warehouse B,Sealed,Refund,Yes,15,UPI,Good,East,Resolved,Yes,Active
1733,15537,169,2024-11-12,Damaged Product,44727.22,Completed,Pending,Drop,Warehouse C,Sealed,Refund,Yes,15,Bank Transfer,Good,South,Pending,Yes,Closed
1734,32862,1362,2025-11-08,Quality Issue,92325.79,Pending,Failed,Drop,Warehouse C,Opened,Replacement,No,11,Wallet,Excellent,North,Resolved,No,Active
1735,9040,8784,2025-05-13,Changed Mind,41655.15,Rejected,Passed,Pickup,Warehouse B,Opened,Replacement,Yes,6,Wallet,Poor,West,Pending,Yes,Closed
1736,26806,1231,2026-04-14,Missing Parts,67114.38,Completed,Failed,Pickup,Warehouse C,Opened,Replacement,Yes,10,Bank Transfer,Poor,East,Pending,Yes,Closed
1737,6409,8262,2026-06-27,Duplicate Order,69918.46,Rejected,Passed,Drop,Warehouse C,Sealed,Refund,Yes,10,Wallet,Good,East,Pending,No,Active
1738,19262,7755,2025-07-30,Damaged Product,30995.63,Completed,Passed,Drop,Warehouse B,Opened,Refund,Yes,11,Bank Transfer,Poor,East,Pending,Yes,Active
1739,2919,874,2026-03-17,Quality Issue,48804.97,Pending,Failed,Pickup,Warehouse C,Sealed,Replacement,No,11,Wallet,Average,East,Pending,Yes,Closed
1740,6974,8141,2025-03-02,Damaged Product,75866.46,Pending,Failed,Pickup,WAREHOUSE C,Opened,Refund,No,8,Bank Transfer,Average,North,Resolved,No,Closed
1741,1133,4377,2026-01-24,Quality Issue,78259.59,Pending,Passed,Pickup,Warehouse B,Sealed,Refund,Yes,9,Wallet,Average,West,Pending,No,Closed
1742,28103,3193,2026-05-28,Duplicate Order,59358.85,Rejected,Passed,Drop,Warehouse A,Sealed,Replacement,No,12,Wallet,Average,South,Pending,Yes,Closed
1743,43134,7363,2026-03-06,Not as Described,99879.48,Completed,Failed,Drop,Warehouse C,Opened,Refund,Yes,14,Wallet,Average,North,Pending,No,Active
1744,43948,3548,2024-11-03,Duplicate Order,101403.61,Completed,Failed,Drop,Warehouse B,Opened,Refund,Yes,2,UPI,,East,Pending,No,Active
1745,4340,7793,2026-07-02,Changed Mind,86911.87,Completed,Pending,Pickup,Warehouse C,Sealed,Replacement,Yes,3,Bank Transfer,Average,West,Pending,No,Closed
1746,9318,1240,2025-12-24,Changed Mind,78853.95,Rejected,Pending,Drop,Warehouse B,Opened,Replacement,No,15,Wallet,Average,West,Resolved,No,Active
1747,25967,1286,2024-09-07,Duplicate Order,116200.61,Pending,Failed,Pickup,Warehouse C,Sealed,Replacement,No,14,Bank Transfer,Average,North,Pending,No,Active
1748,26962,2682,2025-08-15,Changed Mind,92208.24,Rejected,Pending,Pickup,Warehouse A,Sealed,Refund,Yes,4,Wallet,Average,West,Resolved,No,Active
1749,4246,1634,2025-11-29,Missing Parts,6181.99,Rejected,Failed,Pickup,Warehouse B,Sealed,Replacement,Yes,5,UPI,Average,East,Pending,Yes,Active
1750,8484,9859,2024-09-29,Duplicate Order,140298.53,Rejected,Failed,Pickup,Warehouse A,Sealed,Refund,Yes,10,Bank Transfer,,North,Resolved,No,Closed
1751,13258,4850,2025-09-27,Damaged Product,74364.21,Completed,Failed,Pickup,Warehouse B,Sealed,Replacement,Yes,8,Wallet,Poor,South,Pending,No,Active
1752,41038,5714,2025-08-06,Quality Issue,13184.39,Completed,Pending,Drop,Warehouse C,Opened,Replacement,No,7,Wallet,Good,East,Resolved,No,Closed
1753,28106,2681,2025-08-18,Duplicate Order,29274.36,Rejected,Pending,Drop,Warehouse A,Sealed,Refund,No,3,UPI,Good,East,Resolved,Yes,Active
1754,36760,9726,2026-03-03,Wrong Item Delivered,69685.95,Completed,Pending,Pickup,Warehouse A,Sealed,Refund,Yes,10,Bank Transfer,Average,South,Pending,No,Active
1755,8104,964,2025-03-06,Late Delivery,85199.66,Pending,Failed,Drop,Warehouse B,Opened,Replacement,Yes,4,Wallet,Excellent,North,Pending,Yes,Closed
1756,4985,5192,2026-01-12,Duplicate Order,43597.46,Rejected,Passed,Drop,Warehouse A,Opened,Replacement,Yes,11,Bank Transfer,Good,West,Pending,Yes,Active
1757,19248,2778,2024-10-26,Missing Parts,80143.26,Pending,Pending,Pickup,Warehouse A,Opened,Refund,Yes,13,UPI,Excellent,East,Resolved,No,Active
1758,3675,77,2025-12-29,Wrong Item Delivered,87317.71,Rejected,Failed,Pickup,Warehouse B,Sealed,Replacement,No,8,Bank Transfer,Average,West,Pending,Yes,Active
1759,34473,1625,2026-03-07,Duplicate Order,86494.56,Pending,Failed,Pickup,Warehouse A,Opened,Replacement,Yes,-5,Bank Transfer,Poor,South,Resolved,No,Active
1760,45146,2016,2026-01-20,Wrong Item Delivered,79466.66,Rejected,Pending,Pickup,Warehouse B,Sealed,Replacement,Yes,9,Bank Transfer,Poor,North,Pending,No,Active
1761,11723,9405,2025-02-21,Wrong Item Delivered,70982.13,Pending,Pending,Pickup,Warehouse A,Opened,Replacement,No,1,UPI,Excellent,South,Pending,Yes,Active
1762,45489,7021,2024-10-31,Late Delivery,36520.51,Completed,Pending,Drop,Warehouse B,Sealed,Replacement,No,1,Wallet,Excellent,West,Pending,No,Active
1763,12295,8795,2025-02-27,Not as Described,17331.91,Pending,Passed,Drop,Warehouse A,Sealed,Replacement,No,12,UPI,Poor,South,Resolved,No,Active
1764,46051,2355,2026-03-30,Missing Parts,87511.55,Rejected,Passed,Drop,Warehouse A,Sealed,Refund,Yes,4,Wallet,,West,Pending,No,Closed
1765,18363,6017,2024-11-13,Not as Described,20713.03,Pending,Passed,Pickup,Warehouse B,Opened,Replacement,Yes,10,Wallet,Excellent,West,Pending,Yes,Closed
1766,29223,9932,2025-07-29,Changed Mind,66492.63,Completed,Failed,Pickup,Warehouse C,Sealed,Refund,Yes,9,UPI,Average,North,Resolved,No,Active
1767,38817,5192,2025-05-24,Damaged Product,95251.69,Pending,Failed,Pickup,Warehouse A,Sealed,Refund,Yes,10,UPI,Poor,South,Pending,Yes,Closed
1768,30956,501,2026-02-22,Quality Issue,65737.52,Completed,Failed,Pickup,Warehouse C,Sealed,Replacement,No,9,UPI,Good,South,Resolved,No,Active
1769,2280,455,2025-03-15,Changed Mind,23171.91,Completed,Pending,Pickup,Warehouse A,Sealed,Replacement,No,4,Bank Transfer,Excellent,West,Pending,No,Closed
1770,22296,7135,2024-12-07,Duplicate Order,50375.87,Completed,Passed,Pickup,Warehouse C,Opened,Replacement,Yes,15,UPI,Good,South,Resolved,Yes,Closed
1771,34041,5063,2025-02-26,Not as Described,77615.22,Rejected,Pending,Pickup,Warehouse A,Sealed,Replacement,Yes,8,Bank Transfer,Excellent,West,Resolved,Yes,Active
1772,40290,7672,2024-12-09,Not as Described,31479.81,Completed,Pending,Drop,Warehouse A,Opened,Replacement,No,1,Bank Transfer,Excellent,West,Pending,Yes,Closed
1773,43370,3980,2025-02-10,Missing Parts,80451.22,Rejected,Failed,Pickup,Warehouse C,Sealed,Replacement,No,8,Wallet,Poor,North,Resolved,No,Closed
1774,865,5268,2026-05-30,Not as Described,67278.65,Rejected,Pending,Pickup,Warehouse A,Sealed,Refund,Yes,4,UPI,Good,East,Pending,No,Closed
1775,26740,6984,2025-07-10,Not as Described,79465.76,Pending,Failed,Pickup,Warehouse A,Sealed,Replacement,Yes,10,Bank Transfer,Poor,South,Resolved,Yes,Closed
1776,32614,7804,2024-09-06,Duplicate Order,38410.43,Pending,Passed,Drop,Warehouse A,Sealed,Replacement,No,13,Bank Transfer,Poor,North,Resolved,Yes,Active
1777,42971,101,2024-12-24,Not as Described,109351.09,Pending,Failed,Drop,Warehouse B,Sealed,Replacement,No,6,Bank Transfer,Good,West,Resolved,Yes,Closed
1778,1010,4706,2025-11-25,Changed Mind,90234.58,Rejected,Failed,Drop,Warehouse C,Opened,Refund,Yes,10,Wallet,Average,West,Pending,No,Active
1779,5031,8965,2025-08-27,Quality Issue,72937.91,Rejected,Pending,Drop,Warehouse A,Opened,Refund,No,13,Wallet,,North,Pending,No,Closed
1780,28093,4180,2026-04-19,Not as Described,113376.85,Completed,Pending,Pickup,Warehouse C,Sealed,Refund,No,4,Bank Transfer,Poor,South,Pending,Yes,Active
1781,13271,6490,2025-01-31,Late Delivery,95747.52,Pending,Passed,Pickup,Warehouse C,Sealed,Refund,Yes,11,UPI,Poor,South,Pending,Yes,Active
1782,1936,9471,2026-03-21,Late Delivery,77348.48,Completed,Passed,Pickup,Warehouse C,Opened,Replacement,No,7,UPI,Poor,North,Pending,No,Active
1783,13495,8741,2025-07-08,Missing Parts,78353.85,Rejected,Failed,Pickup,Warehouse A,Sealed,Replacement,No,6,UPI,Average,North,Resolved,No,Active
1784,30276,9369,2025-05-03,Damaged Product,94492.16,Completed,Failed,Drop,Warehouse B,Sealed,Replacement,No,13,Bank Transfer,Good,North,Resolved,Yes,Closed
1785,20414,1182,2024-08-22,Changed Mind,99185.29,Completed,Pending,Pickup,Warehouse B,Opened,Replacement,No,13,Bank Transfer,Good,East,Pending,Yes,Closed
1786,37941,9731,2025-01-05,Missing Parts,136588.9,Rejected,Pending,Drop,Warehouse C,Sealed,Refund,Yes,1,UPI,Good,South,Resolved,Yes,Active
1787,47409,2205,2026-04-12,Wrong Item Delivered,79312.04,Rejected,Pending,Drop,Warehouse C,Sealed,Replacement,Yes,10,Wallet,Good,West,Pending,Yes,Closed
1788,10067,3577,2024-12-06,Wrong Item Delivered,31707.72,Pending,Passed,Drop,Warehouse C,Sealed,Replacement,Yes,10,UPI,Poor,West,Pending,No,Active
1789,13293,245,2025-01-05,Late Delivery,12748.07,Completed,Pending,Pickup,Warehouse B,Opened,Refund,No,2,Wallet,Excellent,South,Pending,No,Closed
1790,10577,16,2025-07-21,Damaged Product,42232.84,Completed,Pending,Pickup,Warehouse C,Opened,Refund,No,6,Bank Transfer,Average,East,Resolved,No,Closed
1791,24556,3636,2025-08-22,Quality Issue,66093.54,Rejected,Pending,Pickup,Warehouse A,Sealed,Replacement,No,3,Bank Transfer,Average,North,Resolved,No,Active
1792,6212,5149,2025-04-15,Not as Described,13691.47,Pending,Failed,Pickup,Warehouse A,Opened,Replacement,Yes,8,Wallet,Average,East,Resolved,Yes,Active
1793,40013,9912,2025-08-10,Not as Described,18016.66,Completed,Passed,Pickup,Warehouse B,Opened,Replacement,Yes,13,UPI,Average,East,Pending,Yes,Active
1794,22583,8863,2024-11-30,Wrong Item Delivered,26403.28,Pending,Pending,Drop,Warehouse C,Opened,Replacement,Yes,2,Bank Transfer,Excellent,North,Pending,No,Closed
1795,350,2205,2026-01-22,Quality Issue,17886.43,Pending,Passed,Pickup,Warehouse A,Opened,Refund,No,3,UPI,Good,South,Pending,Yes,Closed
1796,47254,1844,2025-10-27,Late Delivery,102760.44,Pending,Pending,Drop,Warehouse C,Opened,Refund,No,9,Wallet,Average,East,Resolved,Yes,Closed
1797,5583,5116,2024-09-30,Not as Described,50303.42,Completed,Failed,Pickup,Warehouse A,Sealed,Replacement,No,5,Wallet,Excellent,East,Resolved,No,Closed
1798,18616,9144,2025-08-02,Missing Parts,14943.45,Completed,Failed,Pickup,Warehouse B,Opened,Refund,Yes,3,Bank Transfer,Poor,West,Resolved,No,Closed
1799,17971,6816,2025-02-09,Changed Mind,26098.81,Pending,Passed,Drop,Warehouse A,Sealed,Replacement,No,9,Bank Transfer,,West,Pending,No,Active
1800,6585,4428,2025-04-22,Changed Mind,31117.32,Completed,Pending,Pickup,Warehouse A,Opened,Refund,No,15,Wallet,Excellent,East,Resolved,No,Closed
1801,10494,1402,2025-12-03,Damaged Product,96891.24,Rejected,Passed,Pickup,Warehouse C,Sealed,Refund,Yes,7,Wallet,Average,West,Resolved,No,Closed
1802,40154,1849,2024-12-09,Quality Issue,65865.9,Pending,Failed,Pickup,Warehouse A,Sealed,Replacement,Yes,15,UPI,Good,West,Resolved,Yes,Active
1803,32852,9852,2025-04-01,Damaged Product,127713.78,Completed,Pending,Drop,Warehouse A,Sealed,Refund,Yes,12,UPI,Poor,South,Resolved,No,Closed
1804,28091,7113,2024-11-10,Not as Described,54959.73,Pending,Failed,Pickup,Warehouse A,Opened,Replacement,Yes,15,Wallet,Good,South,Pending,No,Closed
1805,36189,5307,2025-01-29,Quality Issue,17369.94,Rejected,Pending,Pickup,Warehouse C,Sealed,Replacement,No,15,Wallet,Poor,West,Resolved,No,Active
1806,26834,3075,2025-12-27,Quality Issue,107278.38,Completed,Failed,Pickup,Warehouse C,Sealed,Replacement,Yes,7,Bank Transfer,Excellent,North,Resolved,Yes,Active
1807,27326,2304,2025-05-31,Damaged Product,59186.88,Pending,Failed,Drop,Warehouse B,Opened,Replacement,No,3,Bank Transfer,Poor,South,Pending,No,Closed
1808,38228,5252,2024-11-21,Changed Mind,55645.72,Completed,Pending,Pickup,Warehouse A,Sealed,Replacement,Yes,12,Wallet,Excellent,West,Pending,No,Closed
1809,44216,1389,2025-11-10,Late Delivery,7497.53,Pending,Passed,Drop,Warehouse C,Opened,Replacement,No,14,UPI,Good,East,Resolved,No,Active
1810,7623,4533,2025-08-15,Late Delivery,90028.23,Rejected,Passed,Pickup,Warehouse A,Opened,Replacement,Yes,5,Bank Transfer,Good,South,Resolved,Yes,Active
1811,5069,1046,2026-06-25,Quality Issue,95330.85,Completed,Failed,Drop,Warehouse B,Opened,Replacement,Yes,12,Bank Transfer,Good,North,Resolved,Yes,Closed
1812,40807,3238,2025-04-27,Wrong Item Delivered,6001.95,Pending,Passed,Pickup,Warehouse A,Opened,Replacement,Yes,14,UPI,Poor,North,Pending,No,Closed
1813,21609,7364,2024-10-27,Damaged Product,28554.38,Rejected,Failed,Pickup,Warehouse B,Opened,Refund,No,6,Bank Transfer,Average,North,Resolved,Yes,Closed
1814,42606,2064,2026-05-27,Wrong Item Delivered,50552.28,Completed,Failed,Pickup,Warehouse C,Opened,Replacement,Yes,10,UPI,Good,East,Resolved,No,Active
1815,7918,6632,2024-09-07,Changed Mind,106397.14,Completed,Pending,Drop,Warehouse A,Sealed,Replacement,No,6,Bank Transfer,Excellent,West,Pending,Yes,Active
1816,46107,6610,2024-11-11,Quality Issue,49591.38,Pending,Failed,Pickup,Warehouse A,Sealed,Refund,No,3,UPI,Average,West,Resolved,No,Active
1817,15164,2953,2025-10-11,Damaged Product,5712.4,Pending,Failed,Pickup,Warehouse B,Opened,Replacement,Yes,1,Bank Transfer,Poor,East,Pending,No,Closed
1818,20679,6365,2026-06-11,Late Delivery,23190.52,Rejected,Passed,Drop,Warehouse A,Opened,Refund,Yes,1,UPI,Average,West,Resolved,Yes,Active
1819,37905,2221,2025-09-03,Wrong Item Delivered,48180.26,Rejected,Pending,Pickup,Warehouse A,Sealed,Replacement,Yes,7,UPI,Excellent,West,Pending,No,Active
1820,37877,4600,2024-10-03,Duplicate Order,35882.71,Pending,Pending,Pickup,Warehouse B,Opened,Replacement,No,7,Wallet,Good,West,Pending,Yes,Active
1821,3236,3652,2025-08-01,Quality Issue,75458.69,Rejected,Failed,Pickup,Warehouse A,Opened,Replacement,No,3,Wallet,Good,West,Resolved,No,Closed
1822,5964,6083,2026-04-24,Late Delivery,63465.45,Rejected,Pending,Pickup,Warehouse C,Opened,Refund,No,10,Bank Transfer,Average,North,Pending,No,Closed
1823,45410,5372,2026-01-30,Missing Parts,107664.9,Pending,Passed,Drop,Warehouse B,Sealed,Replacement,Yes,7,Bank Transfer,Poor,West,Pending,Yes,Closed
1824,4422,497,2026-01-26,Wrong Item Delivered,24560.61,Completed,Failed,Drop,Warehouse B,Sealed,Refund,No,11,Wallet,Average,West,Resolved,No,Active
1825,9648,2952,2024-09-21,Damaged Product,7777.05,Rejected,Pending,Drop,Warehouse A,Opened,Refund,Yes,3,Bank Transfer,Average,West,Pending,Yes,Active
1826,23731,2255,2026-05-08,Not as Described,72569.55,Pending,Passed,Pickup,Warehouse C,Opened,Refund,No,8,Wallet,Poor,North,Resolved,No,Active
1827,26241,9537,2026-01-14,Not as Described,62563.44,Rejected,Passed,Pickup,Warehouse A,Opened,Replacement,Yes,3,Bank Transfer,Average,East,Pending,Yes,Active
1828,19889,6956,2025-10-11,Damaged Product,41061.88,Rejected,Pending,Pickup,Warehouse C,Opened,Replacement,No,11,Bank Transfer,Good,West,Resolved,No,Closed
1829,21795,576,2025-01-06,Damaged Product,37404.77,Completed,Failed,Pickup,Warehouse C,Opened,Refund,Yes,1,Wallet,Excellent,East,Resolved,No,Active
1830,15062,7084,2026-02-04,Late Delivery,19071.11,Completed,Failed,Drop,Warehouse A,Sealed,Replacement,No,5,Bank Transfer,Poor,South,Pending,Yes,Closed
1831,2691,992,2025-12-17,Missing Parts,12998.41,Completed,Passed,Drop,Warehouse A,Sealed,Replacement,No,1,UPI,Good,South,Resolved,Yes,Active
1832,12621,2064,2026-07-13,Changed Mind,98977.68,Completed,Failed,Drop,Warehouse C,Sealed,Replacement,Yes,3,Bank Transfer,Excellent,East,Resolved,No,Active
1833,34453,8174,2025-05-13,Quality Issue,105438.8,Rejected,Passed,Drop,Warehouse A,Sealed,Replacement,No,1,Wallet,Excellent,South,Resolved,Yes,Closed
1834,4438,8478,2025-07-31,Changed Mind,90549.17,Pending,Pending,Pickup,Warehouse C,Sealed,Refund,No,2,Bank Transfer,Good,West,Pending,No,Closed
1835,26982,6169,2026-07-12,Damaged Product,46291.22,Completed,Passed,Drop,Warehouse C,Opened,Replacement,No,4,Wallet,Excellent,South,Pending,Yes,Closed
1836,22691,1425,2025-12-27,Damaged Product,78282.78,Completed,Passed,Pickup,Warehouse C,Opened,Refund,No,11,Bank Transfer,Excellent,East,Resolved,Yes,Closed
1837,26367,2089,2025-10-31,Damaged Product,20150.3,Pending,Failed,Pickup,Warehouse C,Opened,Refund,Yes,12,Bank Transfer,Poor,South,Pending,No,Closed
1838,1100,4371,2025-06-14,Late Delivery,28945.76,Pending,Passed,Pickup,Warehouse A,Sealed,Refund,No,2,UPI,Excellent,North,Resolved,Yes,Closed
1839,11455,5057,2025-05-23,Duplicate Order,132915.21,Completed,Pending,Pickup,Warehouse A,Sealed,Refund,No,14,Wallet,,East,Pending,No,Active
1840,44928,2571,2024-09-27,Damaged Product,6377.74,Rejected,Pending,Drop,Warehouse A,Sealed,Replacement,Yes,5,Wallet,Poor,South,Resolved,Yes,Active
1841,41287,4835,2024-12-09,Duplicate Order,68193.64,Pending,Failed,Drop,Warehouse B,Opened,Refund,No,6,Wallet,Poor,East,Resolved,No,Closed
1842,15151,1608,2024-10-28,Not as Described,18569.49,Pending,Failed,Drop,Warehouse A,Opened,Refund,Yes,12,UPI,Poor,East,Resolved,Yes,Closed
1843,49743,7999,2026-05-04,Missing Parts,9113.45,Completed,Passed,Pickup,Warehouse B,Sealed,Replacement,Yes,2,Wallet,Excellent,East,Pending,No,Active
1844,49260,8867,2025-05-23,Damaged Product,65893.44,Completed,Passed,Drop,Warehouse C,Sealed,Replacement,No,13,UPI,Good,East,Resolved,No,Active
1845,9422,6471,2025-07-29,Damaged Product,129938.42,Completed,Failed,Drop,Warehouse B,Sealed,Replacement,No,15,Wallet,Poor,East,Pending,Yes,Closed
1846,7134,2205,2024-10-12,Late Delivery,2299.21,Pending,Passed,Pickup,Warehouse A,Sealed,Replacement,Yes,13,UPI,Poor,West,Resolved,No,Closed
1847,2289,7665,2026-04-09,Late Delivery,108174.73,Completed,Passed,Drop,Warehouse C,Opened,Refund,Yes,8,UPI,Poor,North,Resolved,No,Active
1848,27297,8027,2025-09-26,Changed Mind,99105.99,Pending,Failed,Pickup,Warehouse B,Sealed,Replacement,No,5,UPI,Good,South,Pending,No,Closed
1849,25699,9123,2025-06-15,Late Delivery,74256.33,Rejected,Passed,Drop,Warehouse C,Opened,Refund,Yes,6,UPI,Excellent,North,Pending,Yes,Closed
1850,25969,3358,2026-07-06,Duplicate Order,48720.4,Completed,Pending,Drop,Warehouse C,Opened,Replacement,No,4,UPI,Poor,South,Pending,No,Active
1851,43104,3811,2026-07-10,Quality Issue,66611.83,Completed,Pending,Drop,Warehouse C,Sealed,Replacement,Yes,14,Wallet,Good,West,Pending,No,Active
1852,3483,2913,2026-03-16,Late Delivery,116862.23,Pending,Pending,Pickup,Warehouse A,Sealed,Replacement,No,15,UPI,Poor,North,Pending,No,Active
1853,42921,359,2026-06-05,Duplicate Order,132831.58,Pending,Pending,Pickup,Warehouse A,Opened,Replacement,Yes,6,UPI,Poor,South,Pending,No,Closed
1854,20977,5038,2025-08-27,Not as Described,72347.61,Completed,Passed,Drop,Warehouse C,Sealed,Replacement,No,1,UPI,Good,East,Resolved,No,Active
1855,45890,1381,2026-07-25,Missing Parts,105425.27,Pending,Pending,Pickup,Warehouse B,Sealed,Refund,Yes,6,UPI,Good,West,Resolved,Yes,Active
1856,28628,1680,2026-07-16,Wrong Item Delivered,47352.35,Rejected,Pending,Pickup,Warehouse A,Sealed,Replacement,Yes,7,UPI,,South,Pending,No,Active
1857,45913,5812,2024-11-22,Late Delivery,18309.46,Completed,Passed,Pickup,Warehouse C,Opened,Replacement,No,14,Wallet,Excellent,West,Pending,Yes,Active
1858,6520,5935,2026-06-24,Wrong Item Delivered,117503.46,Completed,Failed,Drop,Warehouse C,Opened,Replacement,No,11,UPI,Poor,East,Pending,No,Active
1859,46749,2191,2026-08-11, Wrong Item Delivered ,4497.36,Rejected,Pending,Pickup,Warehouse A,Opened,Replacement,Yes,13,UPI,Poor,East,Resolved,No,Closed
1860,10349,4622,2024-09-11,Late Delivery,893.31,Completed,Passed,Pickup,Warehouse B,Sealed,Refund,No,10,UPI,Poor,South,Pending,Yes,Closed
1861,36905,981,2026-02-22,Changed Mind,50125.44,Completed,Passed,Pickup,Warehouse A,Opened,Refund,Yes,6,UPI,,West,Pending,Yes,Active
1862,26908,4497,2026-03-06,Late Delivery,86270.87,Pending,Pending,Drop,Warehouse C,Sealed,Refund,Yes,6,UPI,Poor,East,Pending,No,Closed
1863,4587,7193,2025-01-04,Missing Parts,64277.23,Rejected,Pending,Drop,Warehouse C,Opened,Refund,Yes,5,UPI,Good,North,Pending,No,Active
1864,76,1077,2025-11-13,Damaged Product,55239.39,Pending,Pending,Drop,Warehouse B,Opened,Replacement,No,12,Bank Transfer,Excellent,West,Resolved,No,Closed
1865,24968,6501,2025-07-03,Quality Issue,28663.37,Pending,Pending,Pickup,Warehouse C,Opened,Refund,No,7,UPI,Poor,South,Resolved,No,Active
1866,46268,6017,2026-04-06,Missing Parts,106401.23,Pending,Pending,Pickup,Warehouse A,Opened,Refund,No,9,Bank Transfer,Excellent,North,Resolved,No,Closed
1867,7562,5090,2026-07-20,Not as Described,57144.05,Pending,Passed,Drop,Warehouse C,Opened,Replacement,No,14,Wallet,Average,East,Resolved,Yes,Closed
1868,3691,4082,2024-11-17,Wrong Item Delivered,51559.77,Completed,Passed,Drop,Warehouse C,Opened,Replacement,No,1,UPI,Poor,South,Pending,No,Closed
1869,16260,3193,2025-04-18,Wrong Item Delivered,7428.49,Completed,Failed,Drop,Warehouse C,Opened,Refund,Yes,1,UPI,Excellent,East,Pending,Yes,Active
1870,43353,3911,2025-04-20,Quality Issue,93640.07,Rejected,Passed,Drop,Warehouse C,Opened,Replacement,Yes,15,UPI,Excellent,North,Pending,Yes,Active
1871,2233,4247,2024-11-24,Late Delivery,64620.72,Rejected,Failed,Drop,Warehouse B,Sealed,Refund,Yes,1,Bank Transfer,Good,North,Resolved,No,Active
1872,21884,6600,2024-08-23,Not as Described,39469,Pending,Pending,Pickup,Warehouse B,Opened,Replacement,No,13,UPI,Poor,East,Resolved,Yes,Closed
1873,4656,4564,2025-05-02,Damaged Product,68564.71,Completed,Failed,Pickup,Warehouse A,Opened,Replacement,No,12,UPI,Good,West,Resolved,Yes,Active
1874,44379,9390,2024-09-21,Damaged Product,27330.34,Pending,Passed,Pickup,Warehouse A,Sealed,Refund,Yes,12,Wallet,Good,North,Resolved,No,Active
1875,23663,5934,2026-02-23,Changed Mind,55767.26,Completed,Failed,Drop,Warehouse A,Opened,Replacement,Yes,14,Wallet,Excellent,North,Pending,No,Active
1876,10534,4516,2025-03-21,Missing Parts,82233.18,Rejected,Failed,Drop,Warehouse C,Sealed,Refund,Yes,4,UPI,Average,East,Pending,No,Active
1877,34210,1459,2025-09-25,Missing Parts,59516.44,Pending,Failed,Drop,Warehouse A,Opened,Replacement,No,13,Wallet,Average,North,Resolved,No,Active
1878,226,8009,2025-04-18,Quality Issue,94428.07,Rejected,Failed,Pickup,Warehouse C,Opened,Refund,No,2,UPI,Average,North,Pending,Yes,Closed
1879,18837,7181,2025-11-23,Missing Parts,63905.94,Completed,Pending,Pickup,Warehouse A,Sealed,Refund,No,6,UPI,Good,South,Resolved,Yes,Closed
1880,38074,3199,2024-09-11,Late Delivery,137369.45,Pending,Pending,Drop,Warehouse C,Sealed,Refund,No,15,Bank Transfer,Excellent,East,Pending,No,Active
1881,38553,2551,2024-11-06,Late Delivery,2770.11,Rejected,Failed,Pickup,Warehouse A,Opened,Refund,No,13,UPI,Average,East,Pending,Yes,Closed
1882,4065,7684,2025-08-12,Quality Issue,40053.03,Pending,Passed,Pickup,Warehouse A,Sealed,Replacement,Yes,4,UPI,Average,East,Resolved,No,Active
1883,22659,7061,2025-08-03,Wrong Item Delivered,72529.53,Pending,Passed,Pickup,Warehouse C,Opened,Replacement,No,12,Bank Transfer,Average,South,Resolved,No,Closed
1884,4745,8904,2026-08-12,Duplicate Order,6603.07,Pending,Failed,Pickup,Warehouse A,Opened,Replacement,Yes,1,Wallet,Average,East,Pending,No,Active
1885,22860,5394,2024-09-28,Duplicate Order,14343.29,Rejected,Passed,Pickup,Warehouse B,Opened,Replacement,No,15,UPI,Excellent,East,Resolved,Yes,Active
1886,22944,5496,2025-09-10,Missing Parts,7775.33,Rejected,Pending,Drop,Warehouse A,Opened,Refund,No,8,Bank Transfer,Excellent,South,Resolved,Yes,Closed
1887,18460,5010,2025-06-19,Wrong Item Delivered,70194.16,Rejected,Passed,Pickup,Warehouse C,Sealed,Refund,No,2,Wallet,Average,West,Resolved,Yes,Active
1888,22324,9498,2024-11-04,Duplicate Order,45008.7,Completed,Pending,Drop,Warehouse C,Sealed,Refund,No,13,UPI,Poor,West,Resolved,Yes,Active
1889,22576,2227,2025-04-22,Late Delivery,66339.24,Pending,Pending,Drop,Warehouse C,Sealed,Replacement,No,8,Wallet,Average,East,Pending,Yes,Active
1890,19554,3370,2025-10-11,Quality Issue,11974.99,Rejected,Failed,Pickup,Warehouse B,Sealed,Replacement,Yes,5,Bank Transfer,Average,North,Pending,Yes,Closed
1891,40406,5168,2024-09-29,Late Delivery,100439.82,Rejected,Pending,Drop,Warehouse C,Opened,Replacement,No,6,Wallet,Average,West,Resolved,No,Closed
1892,3702,1898,2025-01-27,Wrong Item Delivered,90895.2,Pending,Failed,Drop,Warehouse A,Sealed,Refund,No,14,Wallet,Good,North,Pending,Yes,Closed
1893,2641,4633,2025-11-15,Wrong Item Delivered,39064.72,Rejected,Pending,Pickup,Warehouse B,Opened,Refund,No,9,Wallet,Good,West,Resolved,Yes,Active
1894,35656,5386,2026-02-23,Duplicate Order,73275.27,Pending,Passed,Pickup,Warehouse A,Sealed,Replacement,Yes,9,Bank Transfer,Excellent,South,Resolved,Yes,Active
1895,32977,3830,2025-07-05,Missing Parts,64731.15,Pending,Passed,Pickup,Warehouse B,Opened,Replacement,No,13,UPI,Average,West,Resolved,No,Active
1896,6951,6424,2025-08-04,Quality Issue,70455.46,Completed,Failed,Drop,Warehouse B,Opened,Replacement,No,13,Wallet,Average,North,Resolved,No,Closed
1897,20594,6913,2025-04-16,Not as Described,95370.79,Completed,Passed,Pickup,Warehouse A,Sealed,Refund,No,5,UPI,Good,West,Pending,No,Closed
1898,31395,7794,2025-05-03,Not as Described,1072.37,Pending,Passed,Pickup,Warehouse A,Opened,Refund,Yes,8,Wallet,Excellent,West,Pending,Yes,Closed
1899,30439,4736,2025-09-23,Quality Issue,4724.47,Completed,Passed,Pickup,Warehouse C,Opened,Replacement,No,5,Bank Transfer,,East,Resolved,Yes,Closed
1900,27635,5769,2026-07-02,Duplicate Order,8143.66,Rejected,Failed,Pickup,Warehouse A,Sealed,Refund,No,7,UPI,Poor,West,Pending,No,Active
1901,35874,5845,2025-01-09,Not as Described,26868.05,Pending,Passed,Pickup,Warehouse B,Sealed,Refund,Yes,9,UPI,Good,West,Pending,Yes,Closed
1902,42353,1822,2026-05-11,Damaged Product,76802.2,Completed,Pending,Pickup,Warehouse A,Opened,Replacement,No,6,Wallet,Excellent,West,Resolved,No,Active
1903,24219,805,2025-09-03,Not as Described,94266.6,Completed,Pending,Pickup,Warehouse B,Opened,Refund,Yes,1,UPI,Good,East,Pending,Yes,Closed
1904,26731,786,2025-04-12,Quality Issue,31914.71,Completed,Failed,Pickup,Warehouse C,Opened,Refund,Yes,13,Wallet,Good,North,Resolved,No,Active
1905,17549,1216,2025-12-18,Duplicate Order,37060.63,Completed,Passed,Drop,Warehouse A,Opened,Refund,No,1,UPI,Good,South,Resolved,No,Closed
1906,25671,4260,2026-06-21,Not as Described,71686.42,Completed,Failed,Drop,Warehouse C,Sealed,Replacement,No,13,UPI,Good,North,Pending,Yes,Active
1907,25284,3472,2026-01-19,Damaged Product,62386.31,Completed,Passed,Drop,Warehouse C,Opened,Replacement,No,7,Wallet,Poor,East,Pending,Yes,Closed
1908,9446,2048,2026-07-11,Missing Parts,40702.55,Rejected,Passed,Drop,Warehouse B,Sealed,Refund,No,15,Bank Transfer,Good,East,Pending,Yes,Closed
1909,14710,5583,2025-05-19,Changed Mind,86404.41,Pending,Failed,Drop,Warehouse A,Sealed,Refund,No,7,Bank Transfer,Poor,West,Pending,Yes,Closed
1910,47323,5849,2025-06-12,Not as Described,23302.29,Completed,Pending,Drop,Warehouse A,Sealed,Refund,Yes,9,UPI,Poor,North,Pending,No,Active
1911,30662,8303,2025-05-08,Duplicate Order,46332.3,Completed,Failed,Pickup,Warehouse C,Sealed,Refund,No,7,Wallet,Poor,North,Resolved,Yes,Closed
1912,39825,7767,2025-02-17,Not as Described,73349.31,Rejected,Failed,Pickup,Warehouse A,Sealed,Refund,Yes,15,UPI,Average,South,Pending,Yes,Closed
1913,33432,4231,2026-05-15,Wrong Item Delivered,62181.49,Pending,Passed,Pickup,Warehouse C,Opened,Replacement,Yes,9,Bank Transfer,Excellent,North,Pending,Yes,Closed
1914,26361,1428,2025-02-23,Wrong Item Delivered,8802.17,Pending,Passed,Pickup,Warehouse B,Sealed,Refund,Yes,8,Bank Transfer,Excellent,East,Resolved,Yes,Closed
1915,31392,4046,2025-01-09,Not as Described,36280.99,Rejected,Failed,Drop,Warehouse C,Opened,Replacement,No,2,Wallet,Excellent,East,Resolved,Yes,Active
1916,13717,3994,2024-10-31,Damaged Product,4203.89,Completed,Pending,Drop,Warehouse A,Opened,Replacement,No,1,Wallet,Good,North,Pending,Yes,Active
1917,22343,1008,2026-07-21,Not as Described,116898.55,Completed,Pending,Pickup,Warehouse C,Opened,Refund,Yes,1,Wallet,Good,West,Pending,No,Closed
1918,43369,7369,2025-02-25,Duplicate Order,86090.93,Rejected,Passed,Drop,Warehouse B,Sealed,Replacement,No,14,UPI,Average,South,Pending,No,Active
1919,23384,2052,2025-12-11,Missing Parts,71424.61,Pending,Passed,Drop,WAREHOUSE C,Opened,Replacement,No,1,Wallet,Average,North,Resolved,Yes,Closed
1920,45484,2624,2026-03-17,Late Delivery,61950.04,Pending,Failed,Drop,Warehouse C,Sealed,Replacement,Yes,12,Wallet,Poor,North,Pending,No,Closed
1921,49627,2016,2026-08-23,Not as Described,29292.89,Pending,Pending,Pickup,Warehouse B,Sealed,Replacement,Yes,5,Bank Transfer,Excellent,North,Resolved,No,Closed
1922,23609,4776,2024-12-21,Damaged Product,54001.11,Rejected,Failed,Drop,Warehouse B,Sealed,Replacement,Yes,10,Wallet,Poor,South,Resolved,No,Closed
1923,8522,3075,2026-06-17,Quality Issue,11296.53,Pending,Pending,Pickup,Warehouse A,Opened,Refund,Yes,15,Wallet,Average,North,Pending,No,Closed
1924,27810,4484,2025-02-10,Duplicate Order,102214.97,Rejected,Passed,Pickup,Warehouse A,Opened,Replacement,No,2,Wallet,Good,North,Pending,Yes,Closed
1925,48841,3666,2025-01-17,Damaged Product,32665.69,Completed,Passed,Pickup,Warehouse C,Sealed,Replacement,Yes,6,Wallet,Poor,South,Resolved,No,Closed
1926,34851,5646,2025-03-18,Quality Issue,54296.49,Rejected,Pending,Drop,Warehouse C,Opened,Refund,Yes,14,Bank Transfer,Poor,East,Pending,No,Closed
1927,29445,9192,2024-11-13,Quality Issue,66692.09,Rejected,Passed,Drop,Warehouse A,Sealed,Replacement,No,13,UPI,Excellent,East,Pending,Yes,Closed
1928,14698,6379,2025-10-01,Damaged Product,31149.43,Pending,Failed,Pickup,Warehouse C,Opened,Replacement,No,14,Bank Transfer,Poor,West,Pending,No,Closed
1929,28079,7631,2024-12-03,Changed Mind,90388.74,Pending,Failed,Pickup,Warehouse A,Sealed,Refund,Yes,15,Wallet,Good,South,Pending,Yes,Closed
1930,23763,9831,2024-12-30,Not as Described,4890.34,Pending,Pending,Pickup,Warehouse C,Opened,Replacement,No,15,UPI,Excellent,North,Resolved,No,Closed
1931,20259,5376,2025-02-04,Late Delivery,37616.2,Pending,Pending,Drop,Warehouse B,Opened,Refund,No,7,Wallet,Poor,South,Resolved,Yes,Active
1932,35678,4395,2026-01-23,Missing Parts,108110.76,Pending,Pending,Drop,Warehouse C,Opened,Replacement,Yes,2,Bank Transfer,Excellent,South,Resolved,No,Closed
1933,24154,6021,2026-06-26,Late Delivery,57822.51,Pending,Pending,Pickup,Warehouse C,Sealed,Refund,No,11,Wallet,Good,East,Pending,No,Closed
1934,7689,6329,2025-03-13,Wrong Item Delivered,58411.99,Completed,Passed,Pickup,Warehouse A,Opened,Replacement,Yes,9,Bank Transfer,Excellent,West,Pending,Yes,Closed
1935,29746,6403,2026-04-27,Duplicate Order,70575.11,Rejected,Pending,Drop,Warehouse C,Sealed,Replacement,Yes,6,Bank Transfer,Average,East,Resolved,Yes,Active
1936,41884,952,2026-01-05,Quality Issue,135060.63,Pending,Passed,Pickup,Warehouse A,Sealed,Replacement,Yes,15,Bank Transfer,Average,West,Pending,Yes,Active
1937,32096,9540,2026-03-25,Changed Mind,36257.34,Pending,Passed,Drop,Warehouse A,Opened,Refund,Yes,11,UPI,Good,West,Resolved,Yes,Active
1938,45318,5093,2026-03-22,Damaged Product,60448.59,Completed,Failed,Drop,Warehouse C,Sealed,Replacement,Yes,13,Bank Transfer,Poor,West,Resolved,No,Closed
1939,46969,2245,2025-10-06,Not as Described,79994.68,Rejected,Failed,Pickup,Warehouse C,Opened,Refund,Yes,9,Bank Transfer,Poor,South,Pending,No,Active
1940,36167,8801,2025-02-18,Quality Issue,7764.68,Rejected,Pending,Pickup,Warehouse A,Sealed,Replacement,No,8,UPI,Average,West,Resolved,Yes,Active
1941,31175,4199,2025-11-23,Not as Described,92041.03,Pending,Pending,Pickup,Warehouse A,Sealed,Replacement,Yes,6,Wallet,Average,West,Resolved,Yes,Active
1942,26628,5959,2024-11-15,Quality Issue,56531.17,Completed,Pending,Drop,Warehouse B,Opened,Replacement,Yes,13,Bank Transfer,Excellent,South,Pending,No,Closed
1943,38745,3031,2025-11-05,Late Delivery,84247.23,Rejected,Failed,Drop,Warehouse C,Opened,Replacement,Yes,2,Bank Transfer,Poor,North,Pending,No,Closed
1944,9584,4980,2024-09-29,Not as Described,92905.96,Completed,Pending,Drop,Warehouse B,Sealed,Refund,No,5,Wallet,Average,West,Pending,Yes,Active
1945,49068,4422,2026-02-06,Wrong Item Delivered,70066.55,Rejected,Passed,Drop,Warehouse C,Sealed,Replacement,No,15,Wallet,Poor,North,Resolved,No,Active
1946,26685,8350,2025-12-16,Changed Mind,81213.58,Pending,Pending,Drop,Warehouse A,Sealed,Replacement,Yes,8,Bank Transfer,Excellent,East,Resolved,Yes,Active
1947,18174,8255,2025-07-25,Damaged Product,97185.14,Completed,Passed,Pickup,Warehouse C,Opened,Refund,No,2,Bank Transfer,Good,South,Resolved,No,Closed
1948,42190,9435,2024-09-14,Duplicate Order,17589.6,Rejected,Passed,Pickup,Warehouse C,Opened,Refund,No,14,UPI,Good,West,Pending,Yes,Closed
1949,38807,9177,2024-09-23,Quality Issue,26093.06,Rejected,Pending,Drop,Warehouse B,Opened,Replacement,Yes,6,Bank Transfer,Average,West,Pending,No,Closed
1950,9529,3172,2026-05-28,Duplicate Order,98193.34,Rejected,Failed,Drop,Warehouse B,Opened,Replacement,No,15,Wallet,Good,West,Resolved,Yes,Closed
1951,46972,2616,2025-02-08,Duplicate Order,3303.84,Pending,Passed,Pickup,Warehouse C,Sealed,Refund,No,3,Wallet,Average,South,Resolved,No,Active
1952,42291,5552,2025-10-10,Missing Parts,125219.6,Rejected,Failed,Pickup,Warehouse A,Opened,Refund,No,14,Bank Transfer,Poor,East,Pending,No,Active
1953,6700,4682,2025-12-27,Damaged Product,29960.48,Rejected,Passed,Drop,Warehouse C,Sealed,Replacement,No,4,UPI,Good,East,Resolved,Yes,Closed
1954,35686,7685,2025-06-27,Quality Issue,43722,Rejected,Passed,Pickup,Warehouse C,Sealed,Replacement,Yes,12,Wallet,Good,South,Pending,Yes,Closed
1955,44866,9564,2026-03-25,Damaged Product,95607.15,Rejected,Failed,Pickup,Warehouse A,Opened,Refund,No,12,Wallet,Good,East,Pending,No,Active
1956,36853,1520,2025-07-14,Not as Described,74284.07,Rejected,Failed,Pickup,Warehouse A,Opened,Refund,No,5,Bank Transfer,,North,Resolved,Yes,Active
1957,3962,1013,2025-12-20,Late Delivery,18391.23,Pending,Pending,Drop,Warehouse B,Opened,Refund,Yes,10,Wallet,Poor,South,Pending,No,Closed
1958,8797,1719,2024-08-23,Late Delivery,2230.97,Pending,Passed,Pickup,Warehouse A,Opened,Refund,Yes,10,UPI,Good,North,Resolved,Yes,Active
1959,16353,717,2024-12-21,Changed Mind,73478.86,Rejected,Passed,Pickup,Warehouse C,Opened,Refund,No,11,Bank Transfer,Average,East,Resolved,Yes,Active
1960,22431,8660,2025-09-27,Damaged Product,34479.56,Rejected,Passed,Pickup,Warehouse C,Opened,Refund,No,7,Wallet,Good,North,Pending,Yes,Active
1961,43474,1388,2025-07-11,Missing Parts,82717.85,Pending,Passed,Drop,Warehouse C,Opened,Replacement,Yes,1,Wallet,Good,North,Resolved,No,Closed
1962,48984,2526,2025-11-23,Damaged Product,53498.47,Completed,Passed,Pickup,Warehouse A,Opened,Refund,No,13,Bank Transfer,Average,West,Resolved,No,Active
1963,8931,4272,2025-03-25,Not as Described,52717.2,Pending,Failed,Pickup,Warehouse C,Sealed,Replacement,No,13,Wallet,Good,East,Pending,Yes,Active
1964,15175,2066,2026-05-04,Late Delivery,62930.55,Completed,Failed,Pickup,Warehouse A,Sealed,Refund,Yes,11,Wallet,Excellent,East,Pending,Yes,Active
1965,46284,3119,2025-10-21,Missing Parts,85596.85,Completed,Passed,Drop,Warehouse B,Sealed,Refund,Yes,6,Wallet,Average,West,Pending,No,Active
1966,17720,4587,2025-02-19,Late Delivery,98682.02,Completed,Pending,Drop,Warehouse A,Opened,Replacement,Yes,12,Wallet,Average,North,Resolved,No,Active
1967,28744,9830,2025-07-13,Missing Parts,5885.07,Completed,Passed,Pickup,Warehouse A,Sealed,Refund,Yes,13,Bank Transfer,Average,West,Pending,No,Active
1968,4221,7275,2024-09-20,Quality Issue,34992.2,Completed,Failed,Drop,Warehouse C,Opened,Replacement,Yes,3,Wallet,Average,South,Pending,No,Closed
1969,32627,6607,2025-02-10,Wrong Item Delivered,22514.64,Completed,Pending,Pickup,Warehouse C,Sealed,Refund,Yes,15,Bank Transfer,,South,Pending,No,Active
1970,27665,461,2025-03-02,Late Delivery,19700.8,Pending,Pending,Pickup,Warehouse A,Opened,Refund,Yes,5,Wallet,Good,West,Pending,No,Closed
1971,39388,2761,2025-04-07,Missing Parts,32800.49,Pending,Pending,Drop,Warehouse C,Sealed,Replacement,Yes,7,UPI,Poor,North,Resolved,Yes,Closed
1972,10857,2759,2025-07-29,Duplicate Order,74920.08,Pending,Passed,Drop,Warehouse B,Sealed,Refund,Yes,5,Bank Transfer,Average,North,Resolved,Yes,Closed
1973,384,1777,2025-05-11,Duplicate Order,14179.99,Pending,Passed,Pickup,Warehouse C,Sealed,Refund,No,15,UPI,Excellent,West,Pending,Yes,Active
1974,25241,3460,2024-12-16,Damaged Product,2473.84,Completed,Failed,Pickup,Warehouse A,Opened,Replacement,Yes,13,Bank Transfer,Average,East,Pending,No,Closed
1975,19557,2186,2025-12-18,Missing Parts,38893.42,Rejected,Passed,Drop,Warehouse C,Sealed,Refund,No,8,UPI,Average,North,Resolved,No,Closed
1976,31736,2337,2026-06-13,Changed Mind,5097.42,Pending,Pending,Drop,Warehouse C,Sealed,Replacement,Yes,1,UPI,Excellent,North,Resolved,No,Active
1977,25345,6328,2026-01-29,Quality Issue,67047.24,Completed,Pending,Drop,Warehouse C,Sealed,Replacement,Yes,12,UPI,Poor,South,Pending,Yes,Closed
1978,29698,4507,2025-02-27,Damaged Product,59806.62,Rejected,Failed,Drop,Warehouse A,Opened,Replacement,Yes,13,Wallet,Excellent,West,Pending,Yes,Active
1979,21877,2837,2026-07-29,Changed Mind,64698.18,Completed,Passed,Drop,Warehouse C,Sealed,Replacement,Yes,14,Wallet,Poor,West,Resolved,Yes,Closed
1980,43223,1048,2026-04-03,Duplicate Order,67770.4,Rejected,Pending,Drop,Warehouse C,Opened,Replacement,Yes,10,Bank Transfer,Average,East,Pending,No,Closed
1981,11959,1571,2025-04-24,Wrong Item Delivered,77993.79,Rejected,Pending,Drop,Warehouse C,Sealed,Replacement,Yes,8,Bank Transfer,,North,Resolved,Yes,Closed
1982,45397,3013,2026-02-10,Wrong Item Delivered,70888.08,Rejected,Failed,Pickup,Warehouse B,Sealed,Replacement,No,12,Bank Transfer,Good,South,Pending,Yes,Closed
1983,28142,4182,2025-08-09,Late Delivery,38385.99,Completed,Failed,Drop,Warehouse C,Sealed,Refund,Yes,1,UPI,Poor,North,Pending,Yes,Active
1984,11561,8662,2026-04-25,Changed Mind,34294.4,Rejected,Pending,Drop,Warehouse B,Sealed,Refund,Yes,1,Bank Transfer,Average,East,Resolved,No,Active
1985,33143,4898,2026-06-18,Late Delivery,124649.07,Pending,Pending,Drop,Warehouse A,Opened,Refund,No,3,Wallet,Poor,East,Pending,No,Active
1986,36253,2806,2024-10-18,Quality Issue,37915.31,Pending,Failed,Drop,Warehouse B,Sealed,Replacement,Yes,14,UPI,Average,South,Resolved,No,Active
1987,11720,9262,2026-06-08,Changed Mind,86820.92,Completed,Pending,Pickup,Warehouse B,Opened,Refund,No,2,UPI,Average,West,Pending,No,Closed
1988,5975,4252,2026-08-19,Wrong Item Delivered,33650.69,Rejected,Pending,Pickup,Warehouse A,Sealed,Replacement,No,3,Wallet,Average,West,Resolved,No,Active
1989,11041,9642,2024-12-28,Not as Described,80185.72,Pending,Pending,Drop,Warehouse B,Opened,Refund,No,9,Wallet,Excellent,South,Pending,Yes,Active
1990,41060,4913,2025-10-20,Quality Issue,52957.4,Completed,Pending,Pickup,Warehouse C,Opened,Refund,No,8,Wallet,,West,Pending,No,Active
1991,40035,8216,2025-04-10,Duplicate Order,60930.34,Rejected,Passed,Pickup,Warehouse C,Sealed,Replacement,Yes,7,Bank Transfer,Poor,South,Resolved,Yes,Active
1992,31860,6664,2024-09-04,Not as Described,68613.22,Completed,Pending,Pickup,Warehouse B,Opened,Refund,No,9,UPI,Poor,West,Resolved,Yes,Active
1993,7108,2510,2025-12-01,Damaged Product,29119.12,Rejected,Pending,Pickup,Warehouse B,Sealed,Refund,No,8,Wallet,Average,West,Pending,Yes,Closed
1994,14738,4242,2025-12-06,Not as Described,41383.17,Pending,Pending,Drop,Warehouse B,Sealed,Replacement,No,3,Bank Transfer,Poor,West,Pending,No,Active
1995,18818,8800,2026-02-14,Quality Issue,62942.95,Rejected,Passed,Drop,Warehouse C,Sealed,Replacement,No,10,Bank Transfer,Excellent,North,Resolved,No,Closed
1996,38679,5014,2025-04-08,Quality Issue,35335.7,Completed,Passed,Drop,Warehouse A,Sealed,Refund,Yes,4,UPI,Poor,East,Pending,Yes,Closed
1997,40213,6254,2024-09-16,Damaged Product,56396.46,Rejected,Pending,Pickup,Warehouse B,Sealed,Refund,No,4,Bank Transfer,Excellent,West,Pending,Yes,Active
1998,30550,6817,2025-09-16,Not as Described,11284.56,Pending,Passed,Pickup,Warehouse B,Opened,Replacement,Yes,1,Wallet,Average,South,Pending,No,Active
1999,32129,3963,2026-02-19,Missing Parts,11867.34,Completed,Passed,Drop,Warehouse A,Opened,Replacement,No,3,Wallet,Good,West,Resolved,Yes,Closed
2000,5806,5107,2026-06-06,Duplicate Order,15929.89,Rejected,Passed,Pickup,Warehouse A,Opened,Refund,No,14,Wallet,Excellent,North,Pending,Yes,Active
2001,49054,1236,2024-12-29,Damaged Product,109067.07,Completed,Pending,Drop,Warehouse A,Sealed,Refund,Yes,4,UPI,Excellent,South,Pending,No,Closed
2002,16116,4328,2024-09-08,Wrong Item Delivered,28803.15,Completed,Failed,Drop,Warehouse C,Opened,Replacement,No,4,Bank Transfer,Excellent,East,Resolved,No,Closed
2003,21342,4971,2025-02-01,Damaged Product,31617.8,Rejected,Pending,Drop,Warehouse B,Sealed,Replacement,No,5,Wallet,Good,North,Pending,No,Active
2004,24959,6507,2025-02-12, Quality Issue ,105845.67,Pending,Failed,Pickup,Warehouse B,Opened,Refund,No,4,Wallet,Poor,East,Resolved,No,Active
2005,24015,4548,2025-01-06,Late Delivery,69753.82,Rejected,Pending,Pickup,Warehouse A,Sealed,Replacement,Yes,11,UPI,Excellent,East,Resolved,Yes,Active
2006,49466,8591,2024-10-24,Duplicate Order,108721.09,Rejected,Pending,Drop,Warehouse B,Sealed,Refund,Yes,3,Bank Transfer,Excellent,West,Pending,No,Closed
2007,20395,6969,2024-09-28,Damaged Product,22331.44,Pending,Pending,Drop,Warehouse A,Sealed,Replacement,No,8,UPI,Average,West,Resolved,Yes,Closed
2008,46088,6249,2025-01-20,Damaged Product,8314.73,Completed,Pending,Drop,Warehouse A,Sealed,Refund,No,7,UPI,Good,North,Pending,No,Closed
2009,23809,6249,2024-12-05,Not as Described,83381.56,Pending,Passed,Drop,Warehouse A,Sealed,Replacement,No,1,UPI,Average,East,Pending,No,Closed
2010,4864,8254,2025-02-01,Duplicate Order,15202.07,Completed,Passed,Drop,Warehouse A,Sealed,Refund,Yes,1,UPI,Excellent,North,Resolved,No,Active
2011,23407,1913,2024-10-10,Late Delivery,19194.8,Rejected,Pending,Pickup,Warehouse B,Sealed,Replacement,Yes,12,Wallet,Good,South,Resolved,No,Closed
2012,2994,8196,2025-06-24,Wrong Item Delivered,76728.56,Pending,Pending,Drop,Warehouse A,Opened,Refund,Yes,10,UPI,Average,West,Pending,Yes,Closed
2013,27956,8384,2026-03-19,Quality Issue,117450.85,Pending,Failed,Drop,Warehouse B,Opened,Replacement,No,10,Bank Transfer,Average,North,Pending,No,Active
2014,44108,6169,2025-08-19,Damaged Product,20888.01,Rejected,Passed,Drop,Warehouse A,Sealed,Replacement,No,11,Wallet,Excellent,North,Pending,No,Closed
1199,3502,7,2026-04-06,Quality Issue,94269.57,Rejected,Pending,Pickup,Warehouse B,Opened,Replacement,No,2,UPI,,East,Pending,No,Active
527,22340,2600,2026-04-29,Duplicate Order,17479.92,Completed,Failed,Pickup,Warehouse B,Opened,Refund,No,11,Wallet,,North,Resolved,Yes,Closed
394,14194,9004,2025-09-19,Quality Issue,84176.35,Pending,Failed,Drop,Warehouse B,Opened,Replacement,Yes,2,UPI,,East,Pending,No,Closed
1408,14562,9247,2026-05-20,Damaged Product,94275.14,Rejected,Passed,Drop,Warehouse A,Sealed,Refund,No,11,Bank Transfer,,North,Pending,Yes,Closed
434,39237,3552,2026-06-28,Quality Issue,110412.46,Pending,Failed,Drop,Warehouse B,Opened,Refund,Yes,12,Wallet,,East,Pending,No,Closed
1720,8221,6957,2026-08-05,Damaged Product,79910.21,Pending,Pending,Pickup,Warehouse C,Opened,Replacement,Yes,13,Bank Transfer,,East,Resolved,Yes,Active
1091,38603,448,2025-11-09,Duplicate Order,40950.72,Rejected,Pending,Pickup,Warehouse C,Sealed,Replacement,No,15,UPI,,North,Resolved,No,Active
430,33169,1162,2026-01-08,Changed Mind,1184.84,Pending,Failed,Drop,Warehouse B,Opened,Refund,Yes,5,UPI,,East,Pending,Yes,Active
1799,17971,6816,2025-02-09,Changed Mind,26098.81,Pending,Passed,Drop,Warehouse A,Sealed,Replacement,No,9,Bank Transfer,,West,Pending,No,Active
531,46387,9798,2024-11-04,Damaged Product,41544.79,Rejected,Failed,Drop,Warehouse A,Opened,Replacement,No,4,UPI,,South,Resolved,No,Closed
1727,37852,5623,2025-05-29, Quality Issue ,84661.26,Pending,Pending,Pickup,Warehouse A,Opened,Refund,Yes,9,UPI,,South,Pending,Yes,Active
1454,32039,7749,2026-03-29,Missing Parts,17886.32,Pending,Failed,Pickup,Warehouse B,Opened,Replacement,No,15,UPI,,South,Pending,Yes,Active
1294,42667,8711,2026-02-10,Quality Issue,55104.41,Pending,Passed,Drop,Warehouse B,Opened,Refund,No,2,Wallet,,South,Resolved,Yes,Closed
1619,4734,6318,2025-09-21,Quality Issue,7989.85,Rejected,Failed,Drop,Warehouse B,Sealed,Refund,Yes,11,UPI,,South,Resolved,Yes,Active
1023,35680,4466,2026-03-07,Missing Parts,78003.33,Rejected,Passed,Drop,Warehouse A,Sealed,Refund,No,1,Bank Transfer,,South,Resolved,No,Closed
679,2655,5196,2024-08-19,Late Delivery,9994.24,Rejected,Failed,Drop,Warehouse B,Sealed,Refund,Yes,15,UPI,,South,Pending,Yes,Closed
1129,22408,6001,2024-10-01,Missing Parts,88043.64,Pending,Failed,Pickup,Warehouse C,Opened,Refund,No,1,Bank Transfer,,North,Pending,No,Closed
125,3111,2268,2024-11-15,Wrong Item Delivered,82029.33,Pending,Passed,Drop,Warehouse C,Sealed,Refund,Yes,12,Bank Transfer,,South,Resolved,No,Closed
1474,36034,2187,2025-12-27,Duplicate Order,19162.22,Rejected,Passed,Pickup,Warehouse A,Sealed,Refund,Yes,5,Wallet,,West,Resolved,No,Closed
463,42290,5457,2025-11-08,Changed Mind,15943.81,Pending,Pending,Pickup,Warehouse A,Opened,Refund,No,7,UPI,,North,Resolved,No,Closed
